Trap #,Date Set,Time Set,Date Pulled,Time Pulled,UTM Zone,UTM Easting,UTM Northing,Trap Type, Bait ,Depth m,Temp C,Secchi Depth m,Burbot Captured Y/N,No. Burbot Captured,Len (mm),Wt (kg),Girth (mm),Tag applied (Y/N),Tag No. / Colour,Recap (Y/N),Tag No. / Colour2,Fate (D/L),Decompression Stress (Y/N),Treatment,Sacrificed (Y/N),Sacrificied Code,Comments,Sp.,No.L,No.D,Len,Len3,Len4,Len5,Len6,Sp.7,No.L8,No.D9,Len10,Len11,Len12,Len13,Len14,Sp.15,No.L16,No.D17,Len18,Len19,Len20,Len21,Len22,Sp.23,No.L24,No.D25,Len26,Len27,Len28,Len29,Len30,Sp.31,No.L32,No.D33,Len34,Len35,Len36
TN1,23-May-10,1348,24-May-10,0730,10U,470418,5987577,Trap Net, N/A ,4.6,9,2,N,0,,,,,,,,,,,,,Large percentage of NSC kept for bait. Trap was disabled due to time contraints. Will reset when bait needed. 800lbs of bait caught.,LSU,357,0,340,370,390,340,300,NSC,191,0,290,210,220,260,240,,,,,,,,,,,,,,,,,,,,,,
TN1,28-May-10,0730,30-May-10,0806,10U,470418,5987477,Trap Net, N/A ,4.6,9,2.5,N,0,,,,,,,,,,,,,Majority of fish were NSC. Sucker spawn is winding down.,NSC,223,0,570,300,260,180,460,LSU,36,0,350,310,280,360,320,,,,,,,,,,,,,,,,,,,,,,
TN1,31-May-10,0800,1-Jun-10,0741,10U,470418,5987477,Trap Net, N/A ,4.6,11,2,N,0,,,,,,,,,,,,,"NBC, all fish kep for bait except for the 520mm fish.",NSC,41,0,520,400,230,270,210,,,,,,,,,,,,,,,,,,,,,,,,,,,,,,
TN1,01-Jun-10,0801,4-Jun-10,0836,10U,470418,5987477,Trap Net, N/A ,4.6,11,2.5,N,0,,,,,,,,,,,,,Trap pulled and relocated. No long nose suckers being caught.,NSC,9,0,270,310,200,250,290,,,,,,,,,,,,,,,,,,,,,,,,,,,,,,
TN1,04-Jun-10,1009,4-Jun-10,2000,10U,474812,5986282,Trap Net, N/A ,2.5,11,2,Y,1,510,1.02,200,Y,Orange FWPG 02958,N,,L,N,ROSB,N,,"50% cloud cover, BB #02958 released over side of boat, successful. Trap ne reset.",,,,,,,,,,,,,,,,,,,,,,,,,,,,,,,,,,,,,,
TN1,05-Jun-10,0828,6-Jun-10,0820,10U,474812,5986282,Trap Net, N/A ,2.5,11,2.5,N,0,,,,,,,,,,,,,NBC during set. Trap pulled for spring session.,NSC,40,0,310,200,410,260,330,LSU,2,0,400,300,,,,,,,,,,,,,,,,,,,,,,,,,
H-1,02-Jun-10,1205,5-Jun-10,1037,10U,475115,5985952,Hoop Trap S, NSC ,10.0,12,2,N,0,,,,,,,,,,,,,"NFC, trap reset same general location, no fresh bait added.",,,,,,,,,,,,,,,,,,,,,,,,,,,,,,,,,,,,,,
H-2,02-Jun-10,1053,5-Jun-10,0940,10U,474469,5985852,Hoop Trap S, NSC ,1.8,12,2,N,0,,,,,,,,,,,,,"NFC, trap set in same general location. Old bait removed, fresh bait added.",,,,,,,,,,,,,,,,,,,,,,,,,,,,,,,,,,,,,,
H-3,02-Jun-10,1057,5-Jun-10,0952,10U,474583,5985932,Hoop Trap S, NSC ,6.0,12,2,N,0,,,,,,,,,,,,,"NFC, trap reset in same general location. No fresh bait added. Due to low production of trap, limited bait.",,,,,,,,,,,,,,,,,,,,,,,,,,,,,,,,,,,,,,
H-4,02-Jun-10,1219,5-Jun-10,1043,10U,475452,5986023,Hoop Trap S, NSC ,10.0,12,2,N,0,,,,,,,,,,,,,"NFC, trap set in same general location. No fresh bait added.",,,,,,,,,,,,,,,,,,,,,,,,,,,,,,,,,,,,,,
H-5,02-Jun-10,1214,5-Jun-10,1031,10U,474880,5985868,Hoop Trap S, NSC ,9.3,12,2,N,0,,,,,,,,,,,,,"NFC, trap moved to new location. No fresh bait added.",,,,,,,,,,,,,,,,,,,,,,,,,,,,,,,,,,,,,,
H-6,02-Jun-10,1049,5-Jun-10,0946,10U,474508,5985792,Hoop Trap S, NSC ,6.3,12,2,N,0,,,,,,,,,,,,,"NFC, no fresh bait added, trap set in same general location.",,,,,,,,,,,,,,,,,,,,,,,,,,,,,,,,,,,,,,
H-1,22-May-10,0910,24-May-10,0924,10U,476048,5985750,Hoop Trap S, Sockeye/2 NSC ,15.1,10.3,2,N,0,,,,,,,,,,,,,"NFC, Two NSC added. Reset in same general location.",,,,,,,,,,,,,,,,,,,,,,,,,,,,,,,,,,,,,,
H-2,22-May-10,0920,24-May-10,0911,10U,475595,5985723,Hoop Trap S, Sockeye ,13.6,10.3,2,N,0,,,,,,,,,,,,,"NFC, NSC added as bait. Overcast and cool breeze out of SE.",,,,,,,,,,,,,,,,,,,,,,,,,,,,,,,,,,,,,,
H-3,22-May-10,0930,24-May-10,0918,10U,475883,5985716,Hoop Trap S, Sockeye ,14.8,10.3,2,N,0,,,,,,,,,,,,,"NFC, Two NSC added. Reset in same general location.",,,,,,,,,,,,,,,,,,,,,,,,,,,,,,,,,,,,,,
H-4,22-May-10,0949,24-May-10,0940,10U,476349,5985948,Hoop Trap S, Sockeye ,15.5,10.3,2,N,0,,,,,,,,,,,,,"NFC, Trap set in same general location. NFC For all small hoops. NSC added to bait.",,,,,,,,,,,,,,,,,,,,,,,,,,,,,,,,,,,,,,
H-5,22-May-10,0943,24-May-10,0931,10U,476192,5985861,Hoop Trap S, Sockeye ,15.3,10.3,2,N,0,,,,,,,,,,,,,"NFC, NSC added for bait 05/24/10, Trap set in same general location.",,,,,,,,,,,,,,,,,,,,,,,,,,,,,,,,,,,,,,
H-6,22-May-10,0915,24-May-10,0900,10U,475427,5985750,Hoop Trap S, Sockeye ,12.6,10.2,2,N,0,,,,,,,,,,,,,"NFC, NSC added for bait, Trap set in same general location.",,,,,,,,,,,,,,,,,,,,,,,,,,,,,,,,,,,,,,
H-1,24-May-10,0926,25-May-10,0948,10U,476021,5985804,Hoop Trap S, Sockeye +2 NSC ,15.0,9,2,N,0,,,,,,,,,,,,,"2 NSC added to sockeye bait. Set in same location, no fish caught 05/24/10. NFC, No bait added. Set in same general location 05/25/10.",,,,,,,,,,,,,,,,,,,,,,,,,,,,,,,,,,,,,,
H-2,24-May-10,0914,25-May-10,0940,10U,475537,5985735,Hoop Trap S, Sockeye +2 NSC ,13.0,9,2,N,0,,,,,,,,,,,,,,,,,,,,,,,,,,,,,,,,,,,,,,,,,,,,,,,,,,,
H-3,24-May-10,0921,25-May-10,0944,10U,475837,5985790,Hoop Trap S, Sockeye +2 NSC ,15.0,9,2,N,0,,,,,,,,,,,,,"NFC. Trap set in sme general location, no fresh bait added.",,,,,,,,,,,,,,,,,,,,,,,,,,,,,,,,,,,,,,
H-4,24-May-10,0942,25-May-10,0958,10U,476262,5985962,Hoop Trap S, Sockeye +2 NSC ,15.0,9,2,N,0,,,,,,,,,,,,,"NFC. Trap set in sme general location, no fresh bait added. Sunny and cloudy, Warm and light, choppy water.",,,,,,,,,,,,,,,,,,,,,,,,,,,,,,,,,,,,,,
H-5,24-May-10,0935,25-May-10,0953,10U,476168,5985903,Hoop Trap S, Sockeye +2 NSC ,15.0,9,2,N,0,,,,,,,,,,,,,"NFC. Trap set in sme general location, no fresh bait added.",,,,,,,,,,,,,,,,,,,,,,,,,,,,,,,,,,,,,,
H-6,24-May-10,0907,25-May-10,0932,10U,475318,5985802,Hoop Trap S, Sockeye +2 NSC ,12.0,9,2,N,0,,,,,,,,,,,,,"NFC. Trap set in sme general location, no fresh bait added.",,,,,,,,,,,,,,,,,,,,,,,,,,,,,,,,,,,,,,
H-1,25-May-10,0951,27-May-10,1058,10U,476005,5985866,Hoop Trap S, Sockeye + NSC ,15.0,10,2.5,N,0,,,,,,,,,,,,,"No fresh bait added 05/25/10, NFC. Trap relocated-has not caught fish during sampling periods, to S shore, 1 NSC added to bait.",,,,,,,,,,,,,,,,,,,,,,,,,,,,,,,,,,,,,,
H-2,25-May-10,0942,27-May-10,1035,10U,475517,5985755,Hoop Trap S, Sockeye + NSC ,13.0,10,2.5,N,0,,,,,,,,,,,,," NFC. Trap relocated-has not caught fish during sampling periods, to W end, No fresh bait added.",,,,,,,,,,,,,,,,,,,,,,,,,,,,,,,,,,,,,,
H-3,25-May-10,0946,27-May-10,1040,10U,475806,5985778,Hoop Trap S, Sockeye + NSC ,15.0,10,2.5,N,0,,,,,,,,,,,,,"NFC. Trap relocated-has not caught fish during sampling periods, to W end, 1 NSC added to bait.",,,,,,,,,,,,,,,,,,,,,,,,,,,,,,,,,,,,,,
H-4,25-May-10,1000,27-May-10,1111,10U,476242,5985963,Hoop Trap S, Sockeye + NSC ,15.0,10,2.5,N,0,,,,,,,,,,,,,"NFC. Trap relocated-has not caught fish in current location, to S shore, NSC added to bait.",,,,,,,,,,,,,,,,,,,,,,,,,,,,,,,,,,,,,,
H-5,25-May-10,0955,27-May-10,1105,10U,476140,5985947,Hoop Trap S, Sockeye + NSC ,15.0,10,2.5,N,0,,,,,,,,,,,,,"NFC. Trap relocated-has not caught fish in current location or during sampling periods, to S shore.",,,,,,,,,,,,,,,,,,,,,,,,,,,,,,,,,,,,,,
H-6,25-May-10,0934,27-May-10,1031,10U,475327,5985803,Hoop Trap S, Sockeye + NSC ,11.0,10,2.5,N,0,,,,,,,,,,,,,"NFC. Trap relocated-has not caught fish during sampling period, to W end of lake, no fresh bait added.",,,,,,,,,,,,,,,,,,,,,,,,,,,,,,,,,,,,,,
H-1,27-May-10,1101,29-May-10,0851,10U,475973,5985765,Hoop Trap S, Sockeye + NSC ,15.0,11,2,N,0,,,,,,,,,,,,,"NFC, trap relocated to west end of the lake. Fresh bait added.",,,,,,,,,,,,,,,,,,,,,,,,,,,,,,,,,,,,,,
H-2,27-May-10,1048,29-May-10,0946,10U,474475,5985816,Hoop Trap S, Sockeye + NSC ,2.0,11,2,N,0,,,,,,,,,,,,,"NFC, trap reset in same general location. No Fresh bait added.",,,,,,,,,,,,,,,,,,,,,,,,,,,,,,,,,,,,,,
H-3,27-May-10,1046,29-May-10,0953,10U,474505,5985920,Hoop Trap S, Sockeye + NSC ,1.8,11,2,N,0,,,,,,,,,,,,,"NFC, trap reset in same general location. No Fresh bait added.",,,,,,,,,,,,,,,,,,,,,,,,,,,,,,,,,,,,,,
H-4,27-May-10,1116,29-May-10,0837,10U,476287,5985772,Hoop Trap S, Sockeye + NSC ,15.0,11,2,N,0,,,,,,,,,,,,,"NFC, trap reset in new location, no fresh bait added.",,,,,,,,,,,,,,,,,,,,,,,,,,,,,,,,,,,,,,
H-5,27-May-10,1108,29-May-10,0848,10U,476170,5985801,Hoop Trap S, Sockeye + NSC ,15.0,11,2,N,0,,,,,,,,,,,,,"NFC, trap relocated to west end of the lake. Fresh bait added.",,,,,,,,,,,,,,,,,,,,,,,,,,,,,,,,,,,,,,
H-6,27-May-10,1051,29-May-10,0941,10U,474435,5985727,Hoop Trap S, Sockeye + NSC ,2.0,11,2,N,0,,,,,,,,,,,,,"NBC. Trap reset in same general location, NSC added to bait.",NSC,1,0,200,,,,,,,,,,,,,,,,,,,,,,,,,,,,,,,,,,
H-1,29-May-10,0900,31-May-10,1009,10U,475019,5985835,Hoop Trap S, NSC ,9.9,10,2.5,N,0,,,,,,,,,,,,,"NFC, trap set in same general location. Old bait removed, fresh bait added.",,,,,,,,,,,,,,,,,,,,,,,,,,,,,,,,,,,,,,
H-2,29-May-10,0949,31-May-10,0854,10U,474452,5985804,Hoop Trap S, NSC ,2.5,11,2.5,N,0,,,,,,,,,,,,,"NFC, trap set in same general location. Old bait removed, fresh bait added.",,,,,,,,,,,,,,,,,,,,,,,,,,,,,,,,,,,,,,
H-3,29-May-10,0954,31-May-10,0901,10U,474510,5985926,Hoop Trap S, NSC ,1.8,11,2.5,N,0,,,,,,,,,,,,,"NFC, trap set in same general location. Old bait removed, fresh bait added.",,,,,,,,,,,,,,,,,,,,,,,,,,,,,,,,,,,,,,
H-4,29-May-10,0843,31-May-10,1016,10U,475456,5985955,Hoop Trap S, NSC ,11.0,10,2.5,N,0,,,,,,,,,,,,,"NFC, trap set in same general location. Old bait removed, fresh bait added.",,,,,,,,,,,,,,,,,,,,,,,,,,,,,,,,,,,,,,
H-5,29-May-10,0856,31-May-10,1002,10U,475204,5985956,Hoop Trap S, NSC ,10.0,10,2.5,N,0,,,,,,,,,,,,,"NFC, trap set in same general location. Old bait removed, fresh bait added.",,,,,,,,,,,,,,,,,,,,,,,,,,,,,,,,,,,,,,
H-6,29-May-10,0944,31-May-10,0847,10U,474413,5985751,Hoop Trap S, NSC ,2.5,10,2.5,N,0,,,,,,,,,,,,,,,,,,,,,,,,,,,,,,,,,,,,,,,,,,,,,,,,,,,
H-1,31-May-10,1013,2-Jun-10,1203,10U,475121,5985952,Hoop Trap S, NSC ,10.0,11,2.5,N,0,,,,,,,,,,,,,"NFC, all bait taken?? trap reset in same location, fresh bait added.",,,,,,,,,,,,,,,,,,,,,,,,,,,,,,,,,,,,,,
H-2,31-May-10,0858,2-Jun-10,1051,10U,474458,5985833,Hoop Trap S, NSC ,2.0,12,2.5,N,0,,,,,,,,,,,,,"NFC, no fresh bait added, trap reset in same general location.",,,,,,,,,,,,,,,,,,,,,,,,,,,,,,,,,,,,,,
H-3,31-May-10,0904,2-Jun-10,1055,10U,474550,5985891,Hoop Trap S, NSC ,5.7,12,2.5,N,0,,,,,,,,,,,,,"NFC, no fresh bait added, trap reset in same general location.",,,,,,,,,,,,,,,,,,,,,,,,,,,,,,,,,,,,,,
H-4,31-May-10,1020,2-Jun-10,1217,10U,475445,5986021,Hoop Trap S, NSC + LSU ,10.0,11,2.5,N,0,,,,,,,,,,,,,"NFC, fresh bait added, trap reset in same general location.",,,,,,,,,,,,,,,,,,,,,,,,,,,,,,,,,,,,,,
H-5,31-May-10,1006,2-Jun-10,1207,10U,474930,5985854,Hoop Trap S, NSC ,9.2,11,2.5,Y,1,490,1.06,200,Y,Orange FWPG 02945,N,,L,N,ROSB,N,,"#02945 successful release over side of boat, bait added, reset in same general location.",,,,,,,,,,,,,,,,,,,,,,,,,,,,,,,,,,,,,,
H-6,31-May-10,0850,2-Jun-10,1047,10U,474410,5985741,Hoop Trap S, NSC ,2.5,12,2.5,N,0,,,,,,,,,,,,,"NFC, no fresh bait added, trap relocated eastward.",,,,,,,,,,,,,,,,,,,,,,,,,,,,,,,,,,,,,,
H-1,05-Jun-10,1039,6-Jun-10,1128,10U,475091,5986105,Hoop Trap S, NSC ,8.5,11,2.5,N,0,,,,,,,,,,,,,"NFC, trap pulled, end of sampling period.",,,,,,,,,,,,,,,,,,,,,,,,,,,,,,,,,,,,,,
H-2,05-Jun-10,0943,6-Jun-10,1117,10U,474586,5985869,Hoop Trap S, NSC ,6.4,11,2.5,N,0,,,,,,,,,,,,,"NFC, trap pulled, end of sampling period.",,,,,,,,,,,,,,,,,,,,,,,,,,,,,,,,,,,,,,
H-3,05-Jun-10,0953,6-Jun-10,1121,10U,474614,5985952,Hoop Trap S, NSC ,6.0,11,2.5,N,0,,,,,,,,,,,,,"NFC, trap pulled, end of sampling period.",,,,,,,,,,,,,,,,,,,,,,,,,,,,,,,,,,,,,,
H-4,05-Jun-10,1046,6-Jun-10,1145,10U,475545,5985931,Hoop Trap S, NSC ,12.0,11,2.5,N,0,,,,,,,,,,,,,"NFC, trap pulled, end of sampling period.",,,,,,,,,,,,,,,,,,,,,,,,,,,,,,,,,,,,,,
H-5,05-Jun-10,1035,6-Jun-10,1132,10U,475094,5986229,Hoop Trap S, NSC ,3.2,11,2.5,N,0,,,,,,,,,,,,,"NFC, trap pulled, end of sampling period.",,,,,,,,,,,,,,,,,,,,,,,,,,,,,,,,,,,,,,
H-6,05-Jun-10,0947,6-Jun-10,1110,10U,474518,5985807,Hoop Trap S, NSC ,6.0,11,2.5,N,0,,,,,,,,,,,,,"NFC, trap pulled, end of sampling period.",,,,,,,,,,,,,,,,,,,,,,,,,,,,,,,,,,,,,,
H-1,09-Oct-10,1330,13-Oct-10,1251,10U,479500,5987117,Hoop Trap S, 3 NSC ,7.7,13,2,N,0,,,,,,,,,,,,,"NFC, trap reset in same general location. Old bait removed. 10/13/10",,,,,,,,,,,,,,,,,,,,,,,,,,,,,,,,,,,,,,
H-2,09-Oct-10,1320,13-Oct-10,1245,10U,479268,5987209,Hoop Trap S, 3 NSC ,9.0,13,2,N,0,,,,,,,,,,,,,Trap reset in same general location. Old bait removed. 10/13/10,,,,,,,,,,,,,,,,,,,,,,,,,,,,,,,,,,,,,,
H-3,09-Oct-10,1308,13-Oct-10,1223,10U,478762,5987062,Hoop Trap S, 2 NSC ,12.0,13,2,N,0,,,,,,,,,,,,,Trap reset in same general location. Old bait removed. 10/13/10,,,,,,,,,,,,,,,,,,,,,,,,,,,,,,,,,,,,,,
H-4,09-Oct-10,1304,13-Oct-10,1218,10U,478569,5987048,Hoop Trap S, 2 NSC ,13.0,14,2,N,0,,,,,,,,,,,,,Trap reset in same general location. Old bait removed. 10/13/10,,,,,,,,,,,,,,,,,,,,,,,,,,,,,,,,,,,,,,
H-5,09-Oct-10,1311,13-Oct-10,1229,10U,478917,5987143,Hoop Trap S, 2 NSC ,11.0,13,2,Y,1,560,1.05,230,N,,N,,L,N,,Y,119,Trap reset in same general location. Old bait removed.,,,,,,,,,,,,,,,,,,,,,,,,,,,,,,,,,,,,,,
H-6,09-Oct-10,1316,13-Oct-10,1240,10U,479104,5987200,Hoop Trap S, 3 NSC ,10.0,13,2,N,0,,,,,,,,,,,,,Trap reset in same general location. Old bait removed. 10/13/10,,,,,,,,,,,,,,,,,,,,,,,,,,,,,,,,,,,,,,
H-1,13-Oct-10,1253,18-Oct-10,1406,10U,479484,5987129,Hoop Trap S, 4 Chunks of NSC ,7.9,12,2,Y,1,750,2.64,300,N,,N,,L,N,,Y,127,Old bait removed on 10/18/10. Trap reset in same general location.,,,,,,,,,,,,,,,,,,,,,,,,,,,,,,,,,,,,,,
H-2,13-Oct-10,1249,18-Oct-10,1402,10U,479281,5987186,Hoop Trap S, 2 Chunks of NSC ,9.5,12,2,N,0,,,,,,,,,,,,,NFC. Old bait removed on 10/18/10. Trap reset in same general location.,,,,,,,,,,,,,,,,,,,,,,,,,,,,,,,,,,,,,,
H-3,13-Oct-10,1227,18-Oct-10,1344,10U,478772,5987071,Hoop Trap S, 3 Chunks of NSC ,13.0,12,2,N,0,,,,,,,,,,,,,NFC. Old bait removed on 10/18/10. Trap reset in same general location.,,,,,,,,,,,,,,,,,,,,,,,,,,,,,,,,,,,,,,
H-4,13-Oct-10,1221,18-Oct-10,1338,10U,478540,5987062,Hoop Trap S, 2 Chunks of NSC ,13.0,12,2,N,0,,,,,,,,,,,,,NFC. Old bait removed on 10/18/10. Trap reset in same general location.,,,,,,,,,,,,,,,,,,,,,,,,,,,,,,,,,,,,,,
H-5,13-Oct-10,1233,18-Oct-10,1349,10U,478908,5987166,Hoop Trap S, 3 Chunks of NSC ,12.0,12,2,N,0,,,,,,,,,,,,,NFC. Old bait removed on 10/18/10. Trap reset in same general location.,,,,,,,,,,,,,,,,,,,,,,,,,,,,,,,,,,,,,,
H-6,13-Oct-10,1243,18-Oct-10,1354,10U,479077,5987260,Hoop Trap S, 4 Chunks of NSC ,10.0,12,2,N,0,,,,,,,,,,,,,NFC. Old bait removed on 10/18/10. Trap reset in same general location.,,,,,,,,,,,,,,,,,,,,,,,,,,,,,,,,,,,,,,
H-1,18-Oct-10,1409,20-Oct-10,1234,10U,479469,5987179,Hoop Trap S, 2 Pieces of Sockeye ,8.1,9,2,N,0,,,,,,,,,,,,,NFC. Old bait removed on 10/20/10. Trap reset in same general location.,,,,,,,,,,,,,,,,,,,,,,,,,,,,,,,,,,,,,,
H-2,18-Oct-10,1404,20-Oct-10,1229,10U,479277,5987251,Hoop Trap S, 2 Pieces of Sockeye ,9.2,9,2,N,0,,,,,,,,,,,,,NFC. Old bait removed on 10/20/10. Trap reset in same general location.,,,,,,,,,,,,,,,,,,,,,,,,,,,,,,,,,,,,,,
H-3,18-Oct-10,1346,20-Oct-10,1213,10U,478703,5987091,Hoop Trap S, 2 Pieces of Sockeye ,12.0,9,2,N,0,,,,,,,,,,,,,NFC. Old bait removed on 10/20/10. Trap reset in same general location.,,,,,,,,,,,,,,,,,,,,,,,,,,,,,,,,,,,,,,
H-4,18-Oct-10,1340,20-Oct-10,1208,10U,478537,5987066,Hoop Trap S, 2 Pieces of Sockeye ,13.0,9,2,N,0,,,,,,,,,,,,,NFC. Old bait removed on 10/20/10. Trap reset in same general location.,,,,,,,,,,,,,,,,,,,,,,,,,,,,,,,,,,,,,,
H-5,18-Oct-10,1352,20-Oct-10,1218,10U,478877,5987201,Hoop Trap S, 2 Pieces of Sockeye ,11.0,9,2,N,0,,,,,,,,,,,,,NFC. Old bait removed on 10/20/10. Trap reset in same general location.,,,,,,,,,,,,,,,,,,,,,,,,,,,,,,,,,,,,,,
H-6,18-Oct-10,1400,20-Oct-10,1223,10U,479085,5987318,Hoop Trap S, 2 Pieces of Sockeye ,10.0,9,2,N,0,,,,,,,,,,,,,NFC. Old bait removed on 10/20/10. Trap reset in same general location.,,,,,,,,,,,,,,,,,,,,,,,,,,,,,,,,,,,,,,
H-1,20-Oct-10,1238,26-Oct-10,1210,10U,479444,5987173,Hoop Trap S, 1 Piece of NSC ,8.0,9,2,N,0,,,,,,,,,,,,,Old bait was missing- no fish present. Trap reset in same general location.,,,,,,,,,,,,,,,,,,,,,,,,,,,,,,,,,,,,,,
H-2,20-Oct-10,1231,26-Oct-10,1204,10U,479267,5987257,Hoop Trap S, 1 Piece of Sucker ,9.4,9,2,N,0,,,,,,,,,,,,,Old bait removed on 10/26/10. Trap reset in same general location.,,,,,,,,,,,,,,,,,,,,,,,,,,,,,,,,,,,,,,
H-3,20-Oct-10,1216,26-Oct-10,1144,10U,478655,5987097,Hoop Trap S, 1 Piece of Sucker + 1 Sucker Head ,13.0,9,2,N,0,,,,,,,,,,,,,Old bait removed on 10/26/10. Trap reset in same general location.,,,,,,,,,,,,,,,,,,,,,,,,,,,,,,,,,,,,,,
H-4,20-Oct-10,1210,26-Oct-10,1140,10U,478486,5987054,Hoop Trap S, 1 Piece of Sucker + 1 Sucker Head ,13.0,9,2,N,0,,,,,,,,,,,,,Old bait removed on 10/26/10. Trap reset in same general location.,,,,,,,,,,,,,,,,,,,,,,,,,,,,,,,,,,,,,,
H-5,20-Oct-10,1220,26-Oct-10,1149,10U,478876,5987191,Hoop Trap S, 2 Pieces of Large Scale Sucker. ,12.0,9,2,N,0,,,,,,,,,,,,,Old bait removed on 10/26/10. Trap reset in same general location.,,,,,,,,,,,,,,,,,,,,,,,,,,,,,,,,,,,,,,
H-6,20-Oct-10,1226,26-Oct-10,1154,10U,479043,5987341,Hoop Trap S, 1 Piece Sucker ,10.0,9,2,Y,1,400,0.55,140,N,,N,,L,,,Y,135, Old bait removed on 10/26/10. Trap reset in same general location.,,,,,,,,,,,,,,,,,,,,,,,,,,,,,,,,,,,,,,
H-1,26-Oct-10,1220,29-Oct-10,1309,10U,479566,5987348,Hoop Trap S, 3 Pieces of Smoked Sockeye ,6.1,8,3,N,0,,,,,,,,,,,,,Trap pulled for the season. NFC,,,,,,,,,,,,,,,,,,,,,,,,,,,,,,,,,,,,,,
H-2,26-Oct-10,1208,29-Oct-10,1306,10U,479339,5987248,Hoop Trap S, 2 Pieces of Smoked Sockeye ,8.9,8,3,N,0,,,,,,,,,,,,,Trap pulled for the season. NFC,,,,,,,,,,,,,,,,,,,,,,,,,,,,,,,,,,,,,,
H-3,26-Oct-10,1147,29-Oct-10,1253,10U,478725,5987090,Hoop Trap S, 2 Pieces of Smoked Sockeye ,12.0,8,3,N,0,,,,,,,,,,,,,Trap pulled for the season. NFC,,,,,,,,,,,,,,,,,,,,,,,,,,,,,,,,,,,,,,
H-4,26-Oct-10,1143,29-Oct-10,1249,10U,478537,5987049,Hoop Trap S, 4 Pieces of Smoked Sockeye ,13.0,8,3,N,0,,,,,,,,,,,,,Trap pulled for the season. NFC,,,,,,,,,,,,,,,,,,,,,,,,,,,,,,,,,,,,,,
H-5,26-Oct-10,1152,29-Oct-10,1257,10U,478929,5987187,Hoop Trap S, 4 Pieces of Smoked Sockeye ,11.0,8,3,N,0,,,,,,,,,,,,,Trap pulled for the season. NFC,,,,,,,,,,,,,,,,,,,,,,,,,,,,,,,,,,,,,,
H-6,26-Oct-10,1202,29-Oct-10,1302,10U,479215,5987342,Hoop Trap S, 4 Pieces of Smoked Sockeye ,9.2,8,3,N,0,,,,,,,,,,,,,Trap pulled for the season. NFC,,,,,,,,,,,,,,,,,,,,,,,,,,,,,,,,,,,,,,
H-7,02-Jun-10,1132,5-Jun-10,1012,10U,474760,5986310,Hoop Trap L, NSC ,1.8,12,2,N,0,,,,,,,,,,,,,"NFC, no fresh bait added, trap set in same general location.",,,,,,,,,,,,,,,,,,,,,,,,,,,,,,,,,,,,,,
H-8,02-Jun-10,1122,5-Jun-10,1004,10U,474725,5986190,Hoop Trap L, NSC ,4.0,12,2,N,0,,,,,,,,,,,,,"NFC, no fresh bait added, trap set in same general location.",,,,,,,,,,,,,,,,,,,,,,,,,,,,,,,,,,,,,,
H-9,02-Jun-10,1110,5-Jun-10,0956,10U,474596,5986142,Hoop Trap L, NSC ,3.4,12,2,Y,1,490,1.12,230,Y,Orange FWPG 02957,N,,L,N,ROSB,N,,Trap reset in same general location. Fish was observed at great speed near the same place for a period of approx 2min. No fresh bait added.,,,,,,,,,,,,,,,,,,,,,,,,,,,,,,,,,,,,,,
H-10,02-Jun-10,1200,5-Jun-10,1018,10U,475244,5986222,Hoop Trap L, NSC ,5.2,12,2,Y,1,450,0.84,170,Y,Orange FWPG 02956,N,,L,N,ROSB,N,,Trap reset in same general location. Fresh bait added.,,,,,,,,,,,,,,,,,,,,,,,,,,,,,,,,,,,,,,
H-11,02-Jun-10,1225,5-Jun-10,1050,10U,476350,5986319,Hoop Trap L, NSC ,11.0,12,2,Y,1,490,1.05,220,Y,Orange FWPG 02955,N,,L,N,ROSB,N,,Trap reset in same general location. No fresh bait added.,,,,,,,,,,,,,,,,,,,,,,,,,,,,,,,,,,,,,,
H-12,02-Jun-10,1234,5-Jun-10,1102,10U,476390,5986442,Hoop Trap L, NSC ,9.7,12,2,Y,1,490,1.04,200,Y,Orange FWPG 02954,N,,L,N,ROSB,N,,Trap reset in same general location. No fresh bait added.,,,,,,,,,,,,,,,,,,,,,,,,,,,,,,,,,,,,,,
H-13,02-Jun-10,1241,5-Jun-10,1202,10U,476779,5986550,Hoop Trap L, NSC ,7.7,12,2,Y,1 of 2,440,0.8,190,Y,Orange FWPG 02953,N,,L,N,ROSB,N,,"Both fish released off side of boat. Old bait removed, fresh bait added.",,,,,,,,,,,,,,,,,,,,,,,,,,,,,,,,,,,,,,
H-13,02-Jun-10,1241,5-Jun-10,1202,10U,476779,5986550,Hoop Trap L, NSC ,7.7,12,2,Y,2 of 2,370,0.61,160,Y,Orange FWPG 02952,N,,L,N,ROSB,N,,See above comments.,,,,,,,,,,,,,,,,,,,,,,,,,,,,,,,,,,,,,,
H-7,22-May-10,1051,24-May-10,1001,10U,474892,5986213,Hoop Trap L, Sockeye ,6.6,9.2,2,N,0,,,,,,,,,,,,,1 NSC in trap.Set in same general location.NSC added as bait.,NSC,1,0,230,,,,,,,,,,,,,,,,,,,,,,,,,,,,,,,,,,
H-8,22-May-10,1059,24-May-10,1008,10U,474698,5986114,Hoop Trap L, NSC ,5.3,9.9,2,Y,1 of 2,750,2.15,270,Y,Orange FWPG 02409,N,,L,N,ROSB,N,,"Burbot skinny, good shape,good release for both. Reset in same general location.",NSC,1,0,290,,,,,,,,,,,,,,,,,,,,,,,,,,,,,,,,,,
H-8,22-May-10,1059,24-May-10,1008,10U,474698,5986114,Hoop Trap L, NSC ,5.3,9.9,2,Y,2 of 2,490,0.7,160,Y,Orange FWPG 02408,N,,L,N,ROSB,N,,See above comments.,,,,,,,,,,,,,,,,,,,,,,,,,,,,,,,,,,,,,,
H-9,22-May-10,1108,24-May-10,1022,10U,474602,5985835,Hoop Trap L, NSC ,6.8,10,2,Y,1 of 3,615,1.86,250,Y,Orange FWPG 02407,N,,L,N,ROSB,N,,"Sunny, cloudy, trap works well, all BB released good. Reset in same location, NSC added for bait.",,,,,,,,,,,,,,,,,,,,,,,,,,,,,,,,,,,,,,
H-9,22-May-10,1108,24-May-10,1022,10U,474602,5985835,Hoop Trap L, NSC ,6.8,10,2,Y,2 of 3,530,1.1,200,Y,Orange FWPG 02406,N,,L,N,ROSB,N,,See above comments.,,,,,,,,,,,,,,,,,,,,,,,,,,,,,,,,,,,,,,
H-9,22-May-10,1108,24-May-10,1022,10U,474602,5985835,Hoop Trap L, NSC ,6.8,10,2,Y,3 of 3,490,0.99,190,Y,Orange FWPG 02405,N,,L,N,ROSB,N,,See above comments.,,,,,,,,,,,,,,,,,,,,,,,,,,,,,,,,,,,,,,
H-10,22-May-10,1204,24-May-10,1043,10U,475975,5986152,Hoop Trap L, Sockeye ,12.0,9.6,2,N,0,,,,,,,,,,,,,"NBC, NSC added as bait, reset in same general location.",NSC,1,0,100,,,,,,,,,,,,,,,,,,,,,,,,,,,,,,,,,,
H-11,22-May-10,1212,24-May-10,1050,10U,476367,5986214,Hoop Trap L, Sockeye ,13.0,10.4,2,N,0,,,,,,,,,,,,,"Sunny, cloudy periods, trap funnel had to be adjusted/ set in same general location. All trap funnels were adjusted.",,,,,,,,,,,,,,,,,,,,,,,,,,,,,,,,,,,,,,
H-12,22-May-10,1221,24-May-10,1110,10U,476572,5986288,Hoop Trap L, Sockeye ,13.8,10.4,2,Y,1 of 3,580,1.81,270,Y,Orange FWPG 02404,N,,L,N,ROSB,N,,"Sunny,cloudy, windy. I big BB, 2 small BB. Orange FWPG 2402 punctured, all BB good release, NSC added.",,,,,,,,,,,,,,,,,,,,,,,,,,,,,,,,,,,,,,
H-12,22-May-10,1221,24-May-10,1110,10U,476572,5986288,Hoop Trap L, Sockeye ,13.8,10.4,2,Y,2 of 3,520,1.12,200,Y,Orange FWPG 02403,N,,L,N,ROSB,N,,See above comments.,,,,,,,,,,,,,,,,,,,,,,,,,,,,,,,,,,,,,,
H-12,22-May-10,1221,24-May-10,1110,10U,476572,5986288,Hoop Trap L, Sockeye ,13.8,10.4,2,Y,3 of 3,500,1.07,210,Y,Orange FWPG 02402,N,,L,Y,RWP,N,,See above comments.,,,,,,,,,,,,,,,,,,,,,,,,,,,,,,,,,,,,,,
H-13,22-May-10,1227,24-May-10,1218,10U,476815,5986422,Hoop Trap L, Sockeye ,13.4,10.6,2,Y,1 of 2,670,2.52,310,Y,Orange FWPG 02401,N,,L,Y,RWP,N,,"Cloudy, sunny periods, little windy. Orange tag #02401 and #02175 were punctured. Trap effinciancy good. Tag # 02175 at surface upright. Air in bladder vs. Gas? Last seen treading at surface into the current.",,,,,,,,,,,,,,,,,,,,,,,,,,,,,,,,,,,,,,
H-13,22-May-10,1227,24-May-10,1218,10U,476815,5986422,Hoop Trap L, Sockeye ,13.4,10.6,2,Y,2 of 2,710,2,260,Y,Orange FWPG 02175,N,,L,Y,RWP,N,,See above comments.,,,,,,,,,,,,,,,,,,,,,,,,,,,,,,,,,,,,,,
H-14,22-May-10,1232,24-May-10,1238,10U,475945,5987129,Hoop Trap L, Sockeye ,9.7,10.6,2,N,0,,,,,,,,,,,,,"Windy, sunny, cloudy. NBC, trap reset in same general location. NSC added for bait.",NSC,3,0,150,150,150,,,,,,,,,,,,,,,,,,,,,,,,,,,,,,,,
H-15,22-May-10,1303,24-May-10,1252,10U,477203,5986158,Hoop Trap L, Sockeye ,16.1,9.4,2,N,0,,,,,,,,,,,,,"NFC. Set in same general location. NSC added to bait, trap relocated west ward.",,,,,,,,,,,,,,,,,,,,,,,,,,,,,,,,,,,,,,
H-16,22-May-10,1325,24-May-10,1258,10U,477072,5986890,Hoop Trap L, Sockeye ,16.8,10.5,2,N,0,,,,,,,,,,,,,"Cloudy, sunny periods, little windy. NFC, trap set in same general location. NSC added as bait. Lake getting quite choppy.",,,,,,,,,,,,,,,,,,,,,,,,,,,,,,,,,,,,,,
H-17,22-May-10,1333,24-May-10,1308,10U,477005,5986303,Hoop Trap L, Sockeye ,16.8,10.5,2,Y,1 of 3,750,N/A,340,Y,Orange FWPG 2174,N,,L,Y,RWP,N,,"Orange tag # 02174, 02173, and 02172 were all punctured. Weather the same, all BB released good. Note: Scale stopped working.",,,,,,,,,,,,,,,,,,,,,,,,,,,,,,,,,,,,,,
H-17,22-May-10,1333,24-May-10,1308,10U,477005,5986303,Hoop Trap L, Sockeye ,16.8,10.5,2,Y,2 of 3,700,N/A,330,Y,Orange FWPG 2173,N,,L,Y,RWP,N,,See above comments.,,,,,,,,,,,,,,,,,,,,,,,,,,,,,,,,,,,,,,
H-17,22-May-10,1333,24-May-10,1308,10U,477005,5986303,Hoop Trap L, Sockeye ,16.8,10.5,2,Y,3 of 3,720,N/A,340,Y,Orange FWPG 2172,N,,L,Y,RWP,N,,see above comments.,,,,,,,,,,,,,,,,,,,,,,,,,,,,,,,,,,,,,,
H-18,22-May-10,1341,24-May-10,1331,10U,477135,5986376,Hoop Trap L, Sockeye ,16.1,10,2,Y,1 of 3,640,N/A,260,Y,Orange FWPG 2171,N,,L,N,ROSB,N,,"Windy, cloudy. Orange tag # 2168-punctured/ air in swim bladder.",,,,,,,,,,,,,,,,,,,,,,,,,,,,,,,,,,,,,,
H-18,22-May-10,1341,24-May-10,1331,10U,477135,5986376,Hoop Trap L, Sockeye ,16.1,10,2,Y,2 of 3,580,N/A,280,Y,Orange FWPG 2169,N,,L,N,ROSB,N,,See above comments.,,,,,,,,,,,,,,,,,,,,,,,,,,,,,,,,,,,,,,
H-18,22-May-10,1341,24-May-10,1331,10U,477135,5986376,Hoop Trap L, Sockeye ,16.1,10,2,Y,3 0f 3,660,N/A,260,Y,Orange FWPG 2168,N,,L,Y,RWP,N,,See above comments.,,,,,,,,,,,,,,,,,,,,,,,,,,,,,,,,,,,,,,
H-19,22-May-10,1354,24-May-10,1349,10U,477137,5986860,Hoop Trap L, Sockeye ,9.0,10,2,N,0,,,,,,,,,,,,,"NBC, NSC added as bait, reset in same general location.",NSC,3,0,100,130,150,,,,,,,,,,,,,,,,,,,,,,,,,,,,,,,,
H-20,23-May-10,0837,24-May-10,1356,10U,477519,5986514,Hoop Trap L, Sockeye ,15.0,9,2,N,0,,,,,,,,,,,,,"NFC, bait added. Trap reset in same general location, conditions are rough on the lake.",,,,,,,,,,,,,,,,,,,,,,,,,,,,,,,,,,,,,,
H-22,23-May-10,0904,24-May-10,1408,10U,478318,5987105,Hoop Trap L, Sockeye ,14.0,9,2,Y,1,630,N/A,280,Y,Orange FWPG 02167,N,,L,N,ROSB,N,,"BB release good, cloudy, windy, sunny periods.Set in same general location, NSC added.",NSC,1,0,520,,,,,,,,,,,,,,,,,,,,,,,,,,,,,,,,,,
H-23,23-May-10,0940,24-May-10,1418,10U,478462,5987432,Hoop Trap L, Sockeye ,9.5,9,2,Y,1,410,N/A,210,Y,Orange FWPG 02166,N,,L,N,ROSB,N,,"Release good, NSC added as bait. Trap set in same general location.",NSC,1,0,220,,,,,,,,,,,,,,,,,,,,,,,,,,,,,,,,,,
H-24,23-May-10,0946,24-May-10,1425,10U,478623,5987264,Hoop Trap L, Sockeye ,12.0,9,2,N,0,,,,,,,,,,,,,"NFC, trap reset in same general location. NSC added to bait.",,,,,,,,,,,,,,,,,,,,,,,,,,,,,,,,,,,,,,
H-25,23-May-10,1038,24-May-10,1526,10U,479803,5986822,Hoop Trap L, Sockeye ,4.0,9,2,N,0,,,,,,,,,,,,,NBC. Trap set in same location. NSC added as bait.,NSC,3,0,90,93,96,,,,,,,,,,,,,,,,,,,,,,,,,,,,,,,,
H-26,23-May-10,1049,24-May-10,1435,10U,479230,5987174,Hoop Trap L, Sockeye ,10.0,9,2,N,0,,,,,,,,,,,,,"NFC, set in same location. NSC added to bait.",,,,,,,,,,,,,,,,,,,,,,,,,,,,,,,,,,,,,,
H-27,23-May-10,1058,24-May-10,1504,10U,479450,5987469,Hoop Trap L, Sockeye ,6.8,9,2,N,0,,,,,,,,,,,,,"NFC, set in same location. NSC added to bait.",,,,,,,,,,,,,,,,,,,,,,,,,,,,,,,,,,,,,,
H-28,23-May-10,1110,24-May-10,1510,10U,479805,5987536,Hoop Trap L, Sockeye ,3.5,9,2,N,0,,,,,,,,,,,,,NBC. Trap set in same location. NSC added as bait.,NSC,2,0,300,160,,,,,,,,,,,,,,,,,,,,,,,,,,,,,,,,,
H-29,23-May-10,1115,24-May-10,1517,10U,479962,5987263,Hoop Trap L, Sockeye ,3.2,9,2,N,0,,,,,,,,,,,,,NBC. Trap set in same location. NSC added as bait.,NSC,2,0,360,120,,,,,,,,,,,,,,,,,,,,,,,,,,,,,,,,,
H-30,23-May-10,1151,24-May-10,1540,10U,479698,5986623,Hoop Trap L, Sockeye ,3.6,9,2,N,0,,,,,,,,,,,,,NBC. Trap set in same location. NSC added as bait.,NSC,12,0,260,120,50,70,80,CAS,2,0,70,50,,,,,,,,,,,,,,,,,,,,,,,,,
H-31,23-May-10,1200,24-May-10,1534,10U,479345,5986508,Hoop Trap L, Sockeye ,3.7,9,2,N,0,,,,,,,,,,,,,NBC. Trap set in same location. NSC added as bait.,NSC,8,0,180,90,60,60,60,,,,,,,,,,,,,,,,,,,,,,,,,,,,,,
H-21,23-May-10,0849,24-May-10,1402,10U,477670,5986936,Hoop Trap L, Sockeye ,14.0,9,2,N,0,,,,,,,,,,,,,"NFC, Trap set in same general location . Wind died off.",,,,,,,,,,,,,,,,,,,,,,,,,,,,,,,,,,,,,,
H-7,24-May-10,1005,25-May-10,0903,10U,474814,5986246,Hoop Trap L, Sockeye +2 NSC ,5.0,10,2,Y,1 of 2,510,0.98,190,Y,Orange FWPG 02163,N,,L,N,ROSB,N,,"Trap efficiancy good, release good, lake choppy at 0910.",,,,,,,,,,,,,,,,,,,,,,,,,,,,,,,,,,,,,,
H-7,24-May-10,1005,25-May-10,0903,10U,474814,5986246,Hoop Trap L, Sockeye +2 NSC ,5.0,10,2,Y,2 of 2,400,0.75,180,Y,Orange FWPG 02159,N,,L,N,ROSB,N,,See above comments.,,,,,,,,,,,,,,,,,,,,,,,,,,,,,,,,,,,,,,
H-8,24-May-10,1019,25-May-10,0851,10U,474575,5986182,Hoop Trap L, Sockeye +2 NSC ,1.8,10,2,N,0,,,,,,,,,,,,,"NFC. Trap set in same general location, NSC added for bait.",,,,,,,,,,,,,,,,,,,,,,,,,,,,,,,,,,,,,,
H-9,24-May-10,1035,25-May-10,0841,10U,474516,5985954,Hoop Trap L, Sockeye +3 NSC ,1.8,10,2,Y,1,380,0.65,190,Y,Orange FWPG 02165,N,,L,N,ROSB,N,,"Trap efficiancy good, release good.",,,,,,,,,,,,,,,,,,,,,,,,,,,,,,,,,,,,,,
H-10,24-May-10,1046,25-May-10,0922,10U,475905,5986217,Hoop Trap L, Sockeye +2 NSC ,10.0,10,2,Y,1,490,1.15,220,Y,Orange FWPG 02158,N,,L,N,ROSB,N,,"BB good release 150m out from white snag. Sunny, wind out of E., S.E.",,,,,,,,,,,,,,,,,,,,,,,,,,,,,,,,,,,,,,
H-11,24-May-10,1105,25-May-10,1257,10U,476337,5986328,Hoop Trap L, Sockeye +2 NSC ,11.0,10,2,N,0,,,,,,,,,,,,,"NFC. Trap set in same general location, no bait added.",,,,,,,,,,,,,,,,,,,,,,,,,,,,,,,,,,,,,,
H-12,24-May-10,1122,25-May-10,1306,10U,476573,5986378,Hoop Trap L, Sockeye +3 NSC ,11.0,10,2,Y,1,550,1.4,250,Y,Orange FWPG 02156,N,,L,N,ROSB,N,,"BB good release, windy at 1310. No bait added, Trap reset in same general location.",,,,,,,,,,,,,,,,,,,,,,,,,,,,,,,,,,,,,,
H-13,24-May-10,1234,25-May-10,1314,10U,476802,5986507,Hoop Trap L, NSC +3 NSC ,10.0,10,2.5,N,0,,,,,,,,,,,,,"NFC. Trap reset in same general location, 1 NSC added to bait. Sunny and warm, gusts out of the S.E.",,,,,,,,,,,,,,,,,,,,,,,,,,,,,,,,,,,,,,
H-14,24-May-10,1242,25-May-10,1319,10U,476990,5986720,Hoop Trap L, NSC +2 NSC ,9.5,10,2.5,N,0,,,,,,,,,,,,,NBC. Trap moved to greated depth. No bait added.,NSC,3,0,80,80,60,,,,,,,,,,,,,,,,,,,,,,,,,,,,,,,,
H-15,24-May-10,1257,25-May-10,1328,10U,477026,5986093,Hoop Trap L, Sockeye +3 NSC ,16.0,10,2.5,N,0,,,,,,,,,,,,,"NFC. Reset in same location, No bicatch, no bait added.",,,,,,,,,,,,,,,,,,,,,,,,,,,,,,,,,,,,,,
H-16,24-May-10,1305,25-May-10,1333,10U,477013,5986189,Hoop Trap L, Sockeye +2 NSC +1 CAS ,16.0,10,2.5,Y,1 of 2,790,3.41,360,Y,Orange FWPG 2155,N,,L,Y,RWP,N,,"Trap fishing good, BB ate bait NSC, orange tag #02155 and #02154 were punctured. Fresh bait added, trap set in same general location.",,,,,,,,,,,,,,,,,,,,,,,,,,,,,,,,,,,,,,
H-16,24-May-10,1305,25-May-10,1333,10U,477013,5986189,Hoop Trap L, Sockeye +2 NSC +1 CAS ,16.0,10,2.5,Y,2 of 2,580,2.09,300,Y,Orange FWPG 2154,N,,L,Y,RWP,N,,See above comments.,,,,,,,,,,,,,,,,,,,,,,,,,,,,,,,,,,,,,,
H-17,24-May-10,1328,25-May-10,1348,10U,477015,5986289,Hoop Trap L, NSC +2 NSC ,16.0,10,2.5,Y,1 of 3,730,2.32,280,Y,Orange FWPG 2153,N,,L,,,N,,"Cloudy, windy, sunny. BB healthy looking, very spunky. All three BB resurfaced and were punctured. #2152 was found again with a gull pecking it. Fish was broght aboard in an attempt to revive it. Fish later succumbed to sampling stresses and died.",,,,,,,,,,,,,,,,,,,,,,,,,,,,,,,,,,,,,,
H-17,24-May-10,1328,25-May-10,1348,10U,477015,5986289,Hoop Trap L, NSC +2 NSC ,16.0,10,2.5,Y,2 of 3,740,2.74,310,N,,N,,L,Y,RWP,Y,100,See above comments.,,,,,,,,,,,,,,,,,,,,,,,,,,,,,,,,,,,,,,
H-17,24-May-10,1328,25-May-10,1348,10U,477015,5986289,Hoop Trap L, NSC +2 NSC ,16.0,10,2.5,Y,3 of 3,680,2.15,300,Y,Orange FWPG 2151,N,,L,Y,RWP,N,,See above comments.,,,,,,,,,,,,,,,,,,,,,,,,,,,,,,,,,,,,,,
H-18,24-May-10,1345,25-May-10,1420,10U,477112,5986461,Hoop Trap L, 2 NSC +2 NSC ,15.0,10,2.5,Y,1 of 7,750,2.82,300,Y,Orange FWPG 2150,N,,L,Y,RWP,N,,All fish were aggressively punctured to release gas. Trap reset in the same general location. Puncturing seemed to work at getting the fish down. NSC added for bait.,,,,,,,,,,,,,,,,,,,,,,,,,,,,,,,,,,,,,,
H-18,24-May-10,1345,25-May-10,1420,10U,477112,5986461,Hoop Trap L, 2 NSC +2 NSC ,15.0,10,2.5,Y,2 of 7,630,2.1,280,Y,Orange FWPG 2149,N,,L,Y,RWP,N,,See above comments.,,,,,,,,,,,,,,,,,,,,,,,,,,,,,,,,,,,,,,
H-18,24-May-10,1345,25-May-10,1420,10U,477112,5986461,Hoop Trap L, 2 NSC +2 NSC ,15.0,10,2.5,Y,3 of 7,590,1.56,230,Y,Orange FWPG 2148,N,,L,Y,RWP,N,,See above comments.,,,,,,,,,,,,,,,,,,,,,,,,,,,,,,,,,,,,,,
H-18,24-May-10,1345,25-May-10,1420,10U,477112,5986461,Hoop Trap L, 2 NSC +2 NSC ,15.0,10,2.5,Y,4 of 7,600,1.82,260,Y,Orange FWPG 2147,N,,L,Y,RWP,N,,See above comments.,,,,,,,,,,,,,,,,,,,,,,,,,,,,,,,,,,,,,,
H-18,24-May-10,1345,25-May-10,1420,10U,477112,5986461,Hoop Trap L, 2 NSC +2 NSC ,15.0,10,2.5,Y,5 of 7,620,1.58,260,Y,Orange FWPG 2146,N,,L,Y,RWP,N,,See above comments.,,,,,,,,,,,,,,,,,,,,,,,,,,,,,,,,,,,,,,
H-18,24-May-10,1345,25-May-10,1420,10U,477112,5986461,Hoop Trap L, 2 NSC +2 NSC ,15.0,10,2.5,Y,6 of 7,520,1.17,200,Y,Orange FWPG 2145,N,,L,Y,RWP,N,,See above comments.,,,,,,,,,,,,,,,,,,,,,,,,,,,,,,,,,,,,,,
H-18,24-May-10,1345,25-May-10,1420,10U,477112,5986461,Hoop Trap L, 2 NSC +2 NSC ,15.0,10,2.5,Y,7 of 7,720,2.59,300,Y,Orange FWPG 2144,N,,L,Y,RWP,N,,See above comments.,,,,,,,,,,,,,,,,,,,,,,,,,,,,,,,,,,,,,,
H-19,24-May-10,1351,25-May-10,1458,10U,477156,5986930,Hoop Trap L, NSC +2 NSC ,7.7,10,2.5,N,0,,,,,,,,,,,,,Trap relocated to deeper water. NFC. No fresh bait added.,NSC,1,0,240,,,,,,,,,,,,,,,,,,,,,,,,,,,,,,,,,,
H-20,24-May-10,1359,25-May-10,1506,10U,477469,5986574,Hoop Trap L, Sockeye +2 NSC ,15.0,10,2.5,N,0,,,,,,,,,,,,,"NFC, set in same location. No bait added.",,,,,,,,,,,,,,,,,,,,,,,,,,,,,,,,,,,,,,
H-22,24-May-10,1415,25-May-10,1529,10U,478325,5987274,Hoop Trap L, Sockeye +3 NSC ,12.0,9,2.5,N,0,,,,,,,,,,,,,"NFC, set in same general location, windy, choppy waters. No bait added.",,,,,,,,,,,,,,,,,,,,,,,,,,,,,,,,,,,,,,
H-23,24-May-10,1424,25-May-10,1535,10U,478390,5987394,Hoop Trap L, 3 NSC ,9.5,10,2.5,N,0,,,,,,,,,,,,,"NFC. Trap reset in same general location, No bait added.",NSC,2,0,200,80,,,,,,,,,,,,,,,,,,,,,,,,,,,,,,,,,
H-24,24-May-10,1429,25-May-10,1540,10U,478635,5987309,Hoop Trap L, 3 NSC ,12.0,10,2.5,N,0,,,,,,,,,,,,,NFC. Trap reset iin same location. No fresh bait added.,,,,,,,,,,,,,,,,,,,,,,,,,,,,,,,,,,,,,,
H-25,24-May-10,1530,25-May-10,1610,10U,479767,5986864,Hoop Trap L, 1 Lg. NSC +1 Cut up NSC ,4.9,8,2.5,N,0,,,,,,,,,,,,,NBC.,NSC,1,0,360,,,,,,,,,,,,,,,,,,,,,,,,,,,,,,,,,,
H-26,24-May-10,1438,25-May-10,1545,10U,479218,5987216,Hoop Trap L, 3 NSC ,10.0,10,2.5,N,0,,,,,,,,,,,,,"NFC, Trap reset in same general location. No fresh bait added.",,,,,,,,,,,,,,,,,,,,,,,,,,,,,,,,,,,,,,
H-27,24-May-10,1505,25-May-10,1550,10U,479418,5987477,Hoop Trap L, 3 NSC ,7.0,10,2.5,Y,1,650,2.16,260,Y,Orange FWPG 02142,N,,L,N,ROSB,N,,"Trap fishing good, good release, reset in same general location. No fresh bait added.",,,,,,,,,,,,,,,,,,,,,,,,,,,,,,,,,,,,,,
H-28,24-May-10,1513,25-May-10,1600,10U,479816,5987552,Hoop Trap L, 3 NSC ,3.2,10,2.5,N,0,,,,,,,,,,,,,"NFC, Trap reset in same general location. No fresh bait added.",,,,,,,,,,,,,,,,,,,,,,,,,,,,,,,,,,,,,,
H-29,24-May-10,1521,25-May-10,1603,10U,479853,5987294,Hoop Trap L, 3 NSC ,3.4,10,2.5,N,0,,,,,,,,,,,,,"NFC, Trap reset in same general location. No fresh bait added.",NSC,1,0,400,,,,,,,,,,,,,,,,,,,,,,,,,,,,,,,,,,
H-30,24-May-10,1542,25-May-10,1612,10U,479752,5986621,Hoop Trap L, Sockeye +3 NSC ,13.0,8,2.5,Y,1,440,1.01,220,Y,Orange FWPG 02141,N,,L,N,ROSB,N,,"BB full of food, BB released good. No bait added.",NSC,5,0,80,78,80,81,70,,,,,,,,,,,,,,,,,,,,,,,,,,,,,,
H-31,24-May-10,1536,25-May-10,1623,10U,479342,5986503,Hoop Trap L, Sockeye +3 NSC ,3.3,10,2.5,N,0,,,,,,,,,,,,,"NFC. Trap reset in same general location, no fresh bait added.",,,,,,,,,,,,,,,,,,,,,,,,,,,,,,,,,,,,,,
H-21,24-May-10,1406,25-May-10,1514,10U,477662,5986973,Hoop Trap L, 3 NSC ,14.0,9,2.5,Y,1,590,1.63,260,Y,Orange FWPG 02143,N,,L,Y,RWP,N,,"Orange tag # 02143 was punctured aggressively, good release, reset in same location. No fresh bait added.",NSC,2,0,410,410,,,,,,,,,,,,,,,,,,,,,,,,,,,,,,,,,
H-7,25-May-10,0913,27-May-10,1005,10U,474801,5986213,Hoop Trap L, Sockeye + NSC ,3.7,10,2.5,N,0,,,,,,,,,,,,,"NBC, trap relocated a little closer to the shore in weedy environment. No fresh bait added.",NSC,1,0,360,,,,,,,,,,,,,,,,,,,,,,,,,,,,,,,,,,
H-8,25-May-10,0855,27-May-10,0953,10U,474541,5986207,Hoop Trap L, NSC ,2.5,10,2.5,Y,1 of 2,540,1.25,210,Y,Orange FWPG 2138,N,,L,N,ROSB,N,,Burbot released near side of boat. No evidence of gassing. Shallowy water set. Weedy area approx. 200m off W end shoreline. ,,,,,,,,,,,,,,,,,,,,,,,,,,,,,,,,,,,,,,
H-8,25-May-10,0855,27-May-10,0953,10U,474541,5986207,Hoop Trap L, NSC ,2.5,10,2.5,Y,2 of 2,500,1.11,210,Y,Orange FWPG 2137,N,,L,N,ROSB,N,,See above comments.,,,,,,,,,,,,,,,,,,,,,,,,,,,,,,,,,,,,,,
H-9,25-May-10,0848,27-May-10,0939,10U,474583,5986074,Hoop Trap L, Sockeye + NSC ,2.0,10,2.5,Y,1,270,0.34,110,Y,Orange FWPG 2139,N,,L,N,ROSB,N,,Burbot released at side of boat w/ approx. 2m of water. No signs of gassing. No bait added. Trap set in same general location (weedy).,,,,,,,,,,,,,,,,,,,,,,,,,,,,,,,,,,,,,,
H-10,25-May-10,0927,27-May-10,1013,10U,475894,5986234,Hoop Trap L, Sockeye + NSC ,10.0,9,2.5,N,0,,,,,,,,,,,,,"No bait added 05/25/10, NFC. Trap relocated further west down north shore. No bait added.",,,,,,,,,,,,,,,,,,,,,,,,,,,,,,,,,,,,,,
H-11,25-May-10,1259,27-May-10,1120,10U,476217,5986313,Hoop Trap L, Sockeye + NSC ,11.0,10,2,N,0,,,,,,,,,,,,,"NFC, trap set in same general location. To the E up N shoreline. NSC added to bait.",,,,,,,,,,,,,,,,,,,,,,,,,,,,,,,,,,,,,,
H-12,25-May-10,1312,27-May-10,1510,10U,476585,5986423,Hoop Trap L, Sockeye + NSC ,9.2,10,2,N,0,,,,,,,,,,,,,"No bait added 05/25/10, NFC. No fresh bait added. Trap rest in same general location.",NSC,2,0,150,130,,,,,,,,,,,,,,,,,,,,,,,,,,,,,,,,,
H-13,25-May-10,1316,27-May-10,1415,10U,476762,5986525,Hoop Trap L, Sockeye + NSC ,10.0,10,2,Y,1 of 2,700,2.7,310,Y,Orange FWPG 2130,N,,L,Y,RRT,N,,"Windy, water choppy. Fresh bait added. Trap set in same general location. #02130 came back up in release trap. Released- appeared strong and healthy- headed straight down.",,,,,,,,,,,,,,,,,,,,,,,,,,,,,,,,,,,,,,
H-13,25-May-10,1316,27-May-10,1415,10U,476762,5986525,Hoop Trap L, Sockeye + NSC ,10.0,10,2,Y,2 of 2,430,0.76,180,Y,Orange FWPG 2129,N,,L,Y,RRT,N,,See above comments.,,,,,,,,,,,,,,,,,,,,,,,,,,,,,,,,,,,,,,
H-14,25-May-10,1322,27-May-10,1432,10U,477042,5986716,Hoop Trap L, NSC ,11.0,10,2,Y,1,450,0.91,220,Y,Orange FWPG 2128,N,,L,Y,RRT,N,,"Fish released from release trap- latch was not released and the fish came back up with the box. Was released at surface. Fish appeared strong. Fresh bait added, trap set in same general area.",,,,,,,,,,,,,,,,,,,,,,,,,,,,,,,,,,,,,,
H-15,25-May-10,1330,27-May-10,1226,10U,477014,5986113,Hoop Trap L, Sockeye + NSC ,16.0,10,2,N,0,,,,,,,,,,,,,"NFC, fresh bait added. Set in same general location. Very rough on the water, white caps and wind.",,,,,,,,,,,,,,,,,,,,,,,,,,,,,,,,,,,,,,
H-16,25-May-10,1344,27-May-10,1448,10U,477067,5986397,Hoop Trap L, Sockeye + NSC ,15.0,10,2,Y,1 of 2,610,1.95,280,Y,Orange FWPG 02127,N,,L,Y,RRT,N,,"Both fish released from release trap at depth of 15m. Fresh bait added, trap set in same general area.",,,,,,,,,,,,,,,,,,,,,,,,,,,,,,,,,,,,,,
H-16,25-May-10,1344,27-May-10,1448,10U,477067,5986397,Hoop Trap L, Sockeye + NSC ,15.0,10,2,Y,2 of 2,690,2.89,320,Y,Orange FWPG 02126,N,,L,Y,RRT,N,,See above comments.,,,,,,,,,,,,,,,,,,,,,,,,,,,,,,,,,,,,,,
H-17,25-May-10,1414,27-May-10,1508,10U,477175,5986425,Hoop Trap L, NSC ,16.0,10,2,Y,1 of 2,760,3.03,340,Y,Orange FWPG 02374,N,,L,Y,RRT,N,,"Windy, chopper water, big waves, released in release trap. # 02373 was stuck in box upon retrieval. Was released boat side under water, swam down vigorously. Fresh bait added, Trap reset in same general location. ",,,,,,,,,,,,,,,,,,,,,,,,,,,,,,,,,,,,,,
H-17,25-May-10,1414,27-May-10,1508,10U,477175,5986425,Hoop Trap L, NSC ,16.0,10,2,Y,2 of 2,830,3.67,350,Y,Orange FWPG 02373,N,,L,Y,RRT,N,,See above comments.,,,,,,,,,,,,,,,,,,,,,,,,,,,,,,,,,,,,,,
H-18,25-May-10,1454,27-May-10,1530,10U,477219,5986586,Hoop Trap L, NSC ,15.0,10,2,Y,1 of 5,605,1.5,240,Y,Orange FWPG 02372,N,,L,Y,RRT,N,,"Trap reset in same general area. No fresh bait added. Fish #02369, #02368 were released together in the release trap. Was still in when retreived. Was sent down a second time and release was successful.",,,,,,,,,,,,,,,,,,,,,,,,,,,,,,,,,,,,,,
H-18,25-May-10,1454,27-May-10,1530,10U,477219,5986586,Hoop Trap L, NSC ,15.0,10,2,Y,2 of 5,580,1.5,260,Y,Orange FWPG 02371,N,,L,Y,RRT,N,,See above comments.,,,,,,,,,,,,,,,,,,,,,,,,,,,,,,,,,,,,,,
H-18,25-May-10,1454,27-May-10,1530,10U,477219,5986586,Hoop Trap L, NSC ,15.0,10,2,Y,3 of 5,590,1.54,250,Y,Orange FWPG 02370,N,,L,Y,RRT,N,,See above comments.,,,,,,,,,,,,,,,,,,,,,,,,,,,,,,,,,,,,,,
H-18,25-May-10,1454,27-May-10,1530,10U,477219,5986586,Hoop Trap L, NSC ,15.0,10,2,Y,4 of 5,700,2.35,310,Y,Orange FWPG 02369,N,,L,Y,RRT,N,,See above comments.,,,,,,,,,,,,,,,,,,,,,,,,,,,,,,,,,,,,,,
H-18,25-May-10,1454,27-May-10,1530,10U,477219,5986586,Hoop Trap L, NSC ,15.0,10,2,Y,5 of 5,730,2.79,320,Y,Orange FWPG 02368,N,,L,Y,RRT,N,,See above comments.,,,,,,,,,,,,,,,,,,,,,,,,,,,,,,,,,,,,,,
H-19,25-May-10,1501,27-May-10,1610,10U,477268,5986772,Hoop Trap L, Sockeye + NSC ,14.0,10,2,N,0,,,,,,,,,,,,,"NFC, no fresh bait added, set in same general location.",,,,,,,,,,,,,,,,,,,,,,,,,,,,,,,,,,,,,,
H-20,25-May-10,1507,28-May-10,0809,10U,477466,5986586,Hoop Trap L, Sockeye + NSC ,15.0,10,2,Y,1,660,2.27,300,Y,Orange FWPG 02362,N,,L,Y,RRT,N,,"Sunny, cloudy, lake a little choppy. Released in release trap. With the addition of the rod butt for release and retreival. No fresh bait added trap reset in same general area.                       Release Comments: Released in release trap at 15m- noticed sea gull floating on water. Fish had returned to surface full of gas. Put fish back in release trap, sent to bottom. Fish returned to the top and then was puntured. Fish swam downward visually.",,,,,,,,,,,,,,,,,,,,,,,,,,,,,,,,,,,,,,
H-22,25-May-10,1531,28-May-10,0930,10U,478318,5987296,Hoop Trap L, Sockeye + NSC ,10.0,10,2,Y,1,560,1.88,280,Y,Orange FWPG 02359,N,,L,Y,RRT,N,,"Windy, cloudy, sunny periods, lake very choppy. Released with release trap. No fresh bait added. Trap reset in same general location. Release trap was lost on retreive near bait.",,,,,,,,,,,,,,,,,,,,,,,,,,,,,,,,,,,,,,
H-23,25-May-10,1537,28-May-10,0950,10U,478395,5987426,Hoop Trap L, NSC ,8.4,10,2,Y,1 of 3,750,3.02,310,Y,Orange FWPG 02358,N,,L,N,ROSB,N,,Released BB all good in 8m of water BB seem to recoup and go down good. Trap reset in same general location.,,,,,,,,,,,,,,,,,,,,,,,,,,,,,,,,,,,,,,
H-23,25-May-10,1537,28-May-10,0950,10U,478395,5987426,Hoop Trap L, NSC ,8.4,10,2,Y,2 of 3,500,1.18,220,Y,Orange FWPG 02357,N,,L,N,ROSB,N,,See above comments.,,,,,,,,,,,,,,,,,,,,,,,,,,,,,,,,,,,,,,
H-23,25-May-10,1537,28-May-10,0950,10U,478395,5987426,Hoop Trap L, NSC ,8.4,10,2,Y,3 of 3,440,0.84,180,Y,Orange FWPG 02356,N,,L,N,ROSB,N,,See above comments.,,,,,,,,,,,,,,,,,,,,,,,,,,,,,,,,,,,,,,
H-24,25-May-10,1542,28-May-10,1036,10U,478628,5987320,Hoop Trap L, NSC ,12.0,10,2,N,0,,,,,,,,,,,,,"NFC, no fresh bait added. Set in same general area.",,,,,,,,,,,,,,,,,,,,,,,,,,,,,,,,,,,,,,
H-25,25-May-10,1611,28-May-10,1212,10U,479709,5986711,Hoop Trap L, NSC ,4.9,10,2,N,0,,,,,,,,,,,,,"NFC, no fresh bait added. Set in same general area.",,,,,,,,,,,,,,,,,,,,,,,,,,,,,,,,,,,,,,
H-26,25-May-10,1546,28-May-10,1050,10U,479216,5987221,Hoop Trap L, NSC ,10.0,10,2,Y,1,530,1.23,230,Y,Orange FWPG 02355,N,,L,N,ROSB,N,,"Cloudy at 1053, windy, choppy water. Good release. No fresh bait added, set in same general location.",,,,,,,,,,,,,,,,,,,,,,,,,,,,,,,,,,,,,,
H-27,25-May-10,1556,28-May-10,1100,10U,479363,5987560,Hoop Trap L, NSC ,5.9,10,2,N,0,,,,,,,,,,,,,"NFC, no fresh bait added. Trap relocated further away from shore. Calms for the weekend.",,,,,,,,,,,,,,,,,,,,,,,,,,,,,,,,,,,,,,
H-28,25-May-10,1601,28-May-10,1149,10U,479808,5987564,Hoop Trap L, NSC ,3.2,10,2,Y,1,530,1.4,250,Y,Orange FWPG 02354,N,,L,N,ROSB,N,,"Cloudy, sort of calm, release was a success. No fresh bait added, trap set in same general location.",,,,,,,,,,,,,,,,,,,,,,,,,,,,,,,,,,,,,,
H-29,25-May-10,1605,28-May-10,1203,10U,479865,5987323,Hoop Trap L, NSC ,3.2,10,2,Y,1,465,0.95,200,Y,Orange FWPG 02353,N,,L,N,ROSB,N,,Released BB good success. No fresh bait added. Set in same general location.,NSC,2,0,450,370,,,,,,,,,,,,,,,,,,,,,,,,,,,,,,,,,
H-30,25-May-10,1619,28-May-10,1230,10U,479746,5986701,Hoop Trap L, Sockeye + NSC ,4.5,10,2,N,0,,,,,,,,,,,,,"NFC, no fresh bait, trap reset in same general location.",CAS,1,0,360,,,,,,,,,,,,,,,,,,,,,,,,,,,,,,,,,,
H-31,25-May-10,1527,28-May-10,1220,10U,479314,5986513,Hoop Trap L, Sockeye + NSC ,3.0,10,2,N,0,,,,,,,,,,,,,"NFC, no fresh bait, trap relocated.",,,,,,,,,,,,,,,,,,,,,,,,,,,,,,,,,,,,,,
H-21,25-May-10,1524,28-May-10,0851,10U,477623,5987055,Hoop Trap L, NSC ,13.0,10,2,Y,1 of 2,560,1.72,270,Y,Orange FWPG 02361,N,,L,Y,RRT/RWP,N,,"Windy, Cloudy, sunny,choppy. Release both fish were released in release trap. #02361 had more bait in stomach. Returned to surface seconds after release. Made an attemp to submerge and resurfaced seconds later. 02361 was subsequently punctured and was able to submerge. Release trap was left at bottom for 2min before release. Next attempt will before 5min.",,,,,,,,,,,,,,,,,,,,,,,,,,,,,,,,,,,,,,
H-21,25-May-10,1524,28-May-10,0851,10U,477623,5987055,Hoop Trap L, NSC ,13.0,10,2,Y,2 of 2,560,1.2,210,Y,Orange FWPG 02360,N,,L,Y,RRT,N,,See above comments.,NSC,1,0,260,,,,,,,,,,,,,,,,,,,,,,,,,,,,,,,,,,
H-7,27-May-10,1009,29-May-10,1016,10U,474795,5986271,Hoop Trap L, NSC ,2.0,11,2,N,0,,,,,,,,,,,,,"NBC, Trap set in same general location, no fresh bait added.",NSC,3,0,420,290,130,,,,,,,,,,,,,,,,,,,,,,,,,,,,,,,,
H-8,27-May-10,1002,29-May-10,1000,10U,474703,5986150,Hoop Trap L, NSC ,2.7,11,2,Y,1 of 2,360,0.58,160,Y,Orange FWPG 03000,N,,L,N,ROSB,N,,"Clear sky, calm waters. BBs released off side off the side of boat. Fresh bait added, set in same general location.",,,,,,,,,,,,,,,,,,,,,,,,,,,,,,,,,,,,,,
H-8,27-May-10,1002,29-May-10,1000,10U,474703,5986150,Hoop Trap L, NSC ,2.7,11,2,Y,2 of 2,400,0.57,140,Y,Orange FWPG 02998,N,,L,N,ROSB,N,,See above comments.,,,,,,,,,,,,,,,,,,,,,,,,,,,,,,,,,,,,,,
H-9,27-May-10,0951,29-May-10,0758,10U,474588,5985001,Hoop Trap L, NSC ,2.5,11,2,N,0,,,,,,,,,,,,,"NBC, Trap set in same general location, no fresh bait added.",NSC,8,0,80,110,130,105,130,,,,,,,,,,,,,,,,,,,,,,,,,,,,,,
H-10,27-May-10,1021,29-May-10,1039,10U,475700,5986163,Hoop Trap L, NSC ,9.5,11,2,Y,1,780,2.84,300,Y,Orange FWPG 02996,N,,L,N,ROSB,N,,"Cloudy periods, sunny, lake a little choppy, released off side of boat. Moved further west down shoreline.",,,,,,,,,,,,,,,,,,,,,,,,,,,,,,,,,,,,,,
H-11,27-May-10,1124,29-May-10,1059,10U,476461,5986347,Hoop Trap L, Sockeye + NSC ,11.0,10,2,N,0,,,,,,,,,,,,,"NBC, trap reset in same general location. No fresh bait added.",,,,,,,,,,,,,,,,,,,,,,,,,,,,,,,,,,,,,,
H-12,27-May-10,1412,29-May-10,1105,10U,476593,5986409,Hoop Trap L, NSC ,9.6,10,2,Y,1,660,2.18,310,Y,Orange FWPG 02995,N,,L,N,ROSB,N,,"Sunny, cloudy periods. Ate lots of bait, release off the side of boat. No fresh bait added, trap set set in same general location.",NSC,2,0,340,190,,,,,,,,,,,,,,,,,,,,,,,,,,,,,,,,,
H-13,27-May-10,1422,29-May-10,1117,10U,476800,5986499,Hoop Trap L, NSC ,11.0,10,2,N,0,,,,,,,,,,,,,"NBC, moved to deeper water. No fresh bait added.",NSC,1,0,720,,,,,,,,,,,,,,,,,,,,,,,,,,,,,,,,,,
H-14,27-May-10,1438,29-May-10,1125,10U,476877,5986559,Hoop Trap L, NSC ,10.0,10,2,N,0,,,,,,,,,,,,,"NFC, trap relocated east up shoreline, no fresh bait added.",,,,,,,,,,,,,,,,,,,,,,,,,,,,,,,,,,,,,,
H-15,27-May-10,1229,29-May-10,1358,10U,476875,5986071,Hoop Trap L, Sockeye + NSC ,16.0,10,2,N,0,,,,,,,,,,,,,"NFC, Trap relocated, no fresh bait added.",,,,,,,,,,,,,,,,,,,,,,,,,,,,,,,,,,,,,,
H-16,27-May-10,1606,29-May-10,1410,10U,477126,5986344,Hoop Trap L, NSC ,16.0,10,2,Y,1 of 4,640,2.14,290,N,            N/A,Y,Orange FWPG 2142,L,N,ROSB,N,,"#02991 released in released trap. #02142 ROSB, #02990 and #02989 in release trap. #02989 punctured and sent back down in release trap. Trap set in same general location.",,,,,,,,,,,,,,,,,,,,,,,,,,,,,,,,,,,,,,
H-16,27-May-10,1606,29-May-10,1410,10U,477126,5986344,Hoop Trap L, NSC ,16.0,10,2,Y,2 of 4,730,2.9,310,Y,Orange FWPG 02991,N,,L,Y,RRT,N,,See above comments.,,,,,,,,,,,,,,,,,,,,,,,,,,,,,,,,,,,,,,
H-16,27-May-10,1606,29-May-10,1410,10U,477126,5986344,Hoop Trap L, NSC ,16.0,10,2,Y,3 of 4,670,2.56,330,Y,Orange FWPG 02990,N,,L,Y,RRT,N,,See above comments.,,,,,,,,,,,,,,,,,,,,,,,,,,,,,,,,,,,,,,
H-16,27-May-10,1606,29-May-10,1410,10U,477126,5986344,Hoop Trap L, NSC ,16.0,10,2,Y,4 of 4,610,1.5,240,Y,Orange FWPG 02989,N,,L,Y,RRT/RWP,N,,See above comments.,,,,,,,,,,,,,,,,,,,,,,,,,,,,,,,,,,,,,,
H-17,27-May-10,1627,29-May-10,1441,10U,477211,5986457,Hoop Trap L, NSC ,16.0,10,2,Y,1 of 2,735,2.88,340,Y,Orange FWPG 02988,N,,L,Y,RRT/RWP,N,,"BB #02988 released in release trap, BB #02987 released from side of boat. Both were punctured and submerged. Fish swam off downward.",,,,,,,,,,,,,,,,,,,,,,,,,,,,,,,,,,,,,,
H-17,27-May-10,1627,29-May-10,1441,10U,477211,5986457,Hoop Trap L, NSC ,16.0,10,2,Y,2 of 2,550,1.41,260,Y,Orange FWPG 02987,N,,L,N,ROSB/RWP,N,,See above comments.,,,,,,,,,,,,,,,,,,,,,,,,,,,,,,,,,,,,,,
H-18,27-May-10,1534,29-May-10,1505,10U,477112,5986544,Hoop Trap L, NSC ,15.0,10,2,Y,1,670,2.63,320,Y,Orange FWPG 02986,N,,L,Y,RRT,N,,"Cloudy, calm water. Released in release trap , left down for 10min. Proceeded quickly and returned to depth (15m) left down for 10 min. Surface calm, watched for fish to re-emerge for 5min. Trap reset in same general location, Fresh bait added.",,,,,,,,,,,,,,,,,,,,,,,,,,,,,,,,,,,,,,
H-19,27-May-10,1613,29-May-10,1536,10U,477199,5986741,Hoop Trap L, Sockeye + NSC ,14.0,10,2,N,0,,,,,,,,,,,,,"NFC, Trap set in same general location. No fresh bait added.",,,,,,,,,,,,,,,,,,,,,,,,,,,,,,,,,,,,,,
H-20,28-May-10,0824,30-May-10,1542,10U,477337,5986506,Hoop Trap L, Sockeye + NSC ,16.0,10,2,N,0,,,,,,,,,,,,,"NFC, Trap set in same general location. No fresh bait added.",,,,,,,,,,,,,,,,,,,,,,,,,,,,,,,,,,,,,,
H-22,28-May-10,0947,30-May-10,0839,10U,478317,5987282,Hoop Trap L, NSC ,10.0,9,2.5,N,0,,,,,,,,,,,,,"NFC, Trap relocated westward down N shore line. No fresh bait added.",,,,,,,,,,,,,,,,,,,,,,,,,,,,,,,,,,,,,,
H-23,28-May-10,1024,30-May-10,0847,10U,478416,5987433,Hoop Trap L, NSC + LSU ,9.0,9,2.5,N,0,,,,,,,,,,,,,"NFC, Trap relocated to new set. No fresh bait added.",,,,,,,,,,,,,,,,,,,,,,,,,,,,,,,,,,,,,,
H-24,28-May-10,1040,30-May-10,0855,10U,478560,5987287,Hoop Trap L, Sockeye + NSC ,12.0,9,2.5,N,0,,,,,,,,,,,,,"NFC, No fresh bait added. Trap set in same general location.",,,,,,,,,,,,,,,,,,,,,,,,,,,,,,,,,,,,,,
H-25,28-May-10,1215,30-May-10,0903,10U,479687,5986835,Hoop Trap L, NSC ,6.4,8,2.5,N,0,,,,,,,,,,,,,"NFC, trap relocated north to be moved in lie with numbering system. No fresh bait added.",,,,,,,,,,,,,,,,,,,,,,,,,,,,,,,,,,,,,,
H-26,28-May-10,1057,30-May-10,0916,10U,479240,5987172,Hoop Trap L, Sockeye + NSC ,10.0,9,2.5,N,0,,,,,,,,,,,,,"NFC. Trap moved north toward shoreline, no fresh bait added.",,,,,,,,,,,,,,,,,,,,,,,,,,,,,,,,,,,,,,
H-27,28-May-10,1146,30-May-10,0926,10U,479804,5987666,Hoop Trap L, NSC ,3.0,8,2.5,N,0,,,,,,,,,,,,,"NBC, trap reset in same general location. No fresh bait added.",NSC,1,0,100,,,,,CAS,1,0,60,,,,,LSU,1,0,400,,,,,,,,,,,,,,,,,,
H-28,28-May-10,1154,30-May-10,0947,10U,479673,5987501,Hoop Trap L, NSC ,4.0,8,2.5,N,0,,,,,,,,,,,,,"NFC, trap reset in same general location. No fresh bait added.",,,,,,,,,,,,,,,,,,,,,,,,,,,,,,,,,,,,,,
H-29,28-May-10,1208,30-May-10,1025,10U,479878,5987205,Hoop Trap L, NSC ,3.5,8,2.5,N,0,,,,,,,,,,,,,"NFC, trap relocated further into bouy. No fresh bait added.",,,,,,,,,,,,,,,,,,,,,,,,,,,,,,,,,,,,,,
H-30,28-May-10,1234,30-May-10,1045,10U,479689,5986670,Hoop Trap L, NSC ,5.9,8,2.5,N,0,,,,,,,,,,,,,"NBC, trap moved closer to shore in front of inlet. No fresh bait added.",NSC,11,0,80,110,130,100,90,LSU,1,0,400,,,,,,,,,,,,,,,,,,,,,,,,,,
H-31,28-May-10,1224,30-May-10,1100,10U,479433,5986445,Hoop Trap L, NSC ,2.5,9,2.5,N,0,,,,,,,,,,,,,"NBC, trap relocated, old bait removed, fresh bait added.",NSC,10,0,120,90,70,100,100,CAS,4,0,70,75,68,70,,,,,,,,,,,,,,,,,,,,,,,
H-21,28-May-10,0923,30-May-10,0812,10U,477582,5987101,Hoop Trap L, NSC ,13.0,9,2.5,N,0,,,,,,,,,,,,,"NFC, no fresh bait, trap reset in same general location.",,,,,,,,,,,,,,,,,,,,,,,,,,,,,,,,,,,,,,
H-7,29-May-10,1018,31-May-10,0930,10U,474783,5986265,Hoop Trap L, NSC ,1.8,11,2,N,0,,,,,,,,,,,,,"NBC, trap reset in same location. Old bait removed, fresh bait added.",NSC,8,0,310,270,140,120,120,,,,,,,,,,,,,,,,,,,,,,,,,,,,,,
H-8,29-May-10,1012,31-May-10,0921,10U,474670,5986112,Hoop Trap L, NSC ,3.5,11,2.5,N,0,,,,,,,,,,,,,"NBC, trap reset in same location. Old bait removed, fresh bait added.",,,,,,,,,,,,,,,,,,,,,,,,,,,,,,,,,,,,,,
H-9,29-May-10,1001,31-May-10,0907,10U,474556,5985993,Hoop Trap L, NSC ,2.5,11,2.5,Y,1 of 2,410,0.78,170,Y,Orange FWPG 02979,N,,L,N,ROSB,N,,"Both 02979 and 02978 were released from side of boat. Trap reset in same location. Old bait removed, fresh bait added.",NSC,4,0,140,120,120,90,,,,,,,,,,,,,,,,,,,,,,,,,,,,,,,
H-10,29-May-10,1053,31-May-10,1024,10U,475250,5986236,Hoop Trap L, NSC ,4.6,11,2.5,N,0,,,,,,,,,,,,,"NFC, trap reset in same location. Old bait removed, fresh bait added",,,,,,,,,,,,,,,,,,,,,,,,,,,,,,,,,,,,,,
H-11,29-May-10,1102,31-May-10,1037,10U,476416,5986360,Hoop Trap L, NSC ,10.0,11,2.5,N,0,,,,,,,,,,,,,"NFC, trap reset in same location. Old bait removed, fresh bait added",,,,,,,,,,,,,,,,,,,,,,,,,,,,,,,,,,,,,,
H-9,29-May-10,1001,31-May-10,0907,10U,474556,5985993,Hoop Trap L, NSC ,2.5,11,2.5,Y,2 of 2,400,0.61,150,Y,Orange FWPG 02978,N,,L,N,ROSB,N,,See above comments.,NSC,4,0,140,120,120,90,,,,,,,,,,,,,,,,,,,,,,,,,,,,,,,
H-12,29-May-10,1113,31-May-10,1044,10U,476493,5986396,Hoop Trap L, NSC ,9.7,11,2.5,N,0,,,,,,,,,,,,,"NFC, trap reset in same location. Old bait removed, fresh bait added",,,,,,,,,,,,,,,,,,,,,,,,,,,,,,,,,,,,,,
H-13,29-May-10,1122,31-May-10,1051,10U,476761,5986464,Hoop Trap L, NSC ,11.0,11,2.5,Y,1 of 2,790,3.95,340,Y,Orange FWPG 02977,N,,L,N,ROSB,N,,"Both fish released at boatside. No signs of gassing. Trap reset in same location. Old bait removed, fresh bait added.",,,,,,,,,,,,,,,,,,,,,,,,,,,,,,,,,,,,,,
H-14,29-May-10,1128,31-May-10,1106,10U,477016,5986709,Hoop Trap L, NSC ,10.0,11,2.5,Y,1,460,0.92,220,Y,Orange FWPG 02925,N,,L,N,ROSB,N,,"Clear sky, windy. Tag #2925 released at side of boat good. BB went straight down. Trap reset in same general location. Old bait removed, fresh bait added.",,,,,,,,,,,,,,,,,,,,,,,,,,,,,,,,,,,,,,
H-15,29-May-10,1405,31-May-10,1438,10U,477102,5986735,Hoop Trap L, NSC ,12.0,11,2.5,Y,1,720,2.37,280,Y,Orange FWPG 02920,N,,L,N,ROSB,N,,"Tag #2920 released from side of boat and was successful. Trap reset in same general location. Old bait removed, fresh food added.",,,,,,,,,,,,,,,,,,,,,,,,,,,,,,,,,,,,,,
H-13,29-May-10,1122,31-May-10,1051,10U,476761,5986464,Hoop Trap L, NSC ,11.0,11,2.5,Y,2 of 2,600,1.77,260,Y,Orange FWPG 02976,N,,L,N,ROSB,N,,See above comments.,,,,,,,,,,,,,,,,,,,,,,,,,,,,,,,,,,,,,,
H-16,29-May-10,1439,31-May-10,1453,10U,477201,5986363,Hoop Trap L, NSC ,16.0,11,2.5,Y,1,680,2.42,290,Y,Orange FWPG 02919,N,,L,Y,RRT,N,,"BB #02919 sunk down in release trap. 1459-1509. Fish was not observed re- surfacing. Trap reset in same general location. Old baitwas removed, fresh bait added.",,,,,,,,,,,,,,,,,,,,,,,,,,,,,,,,,,,,,,
H-17,29-May-10,1502,31-May-10,1528,10U,477282,5986609,Hoop Trap L, NSC ,15.0,11,2.5,Y,1 of 2,720,2.93,340,Y,Orange FWPG 02918,N,,L,Y,RRT,N,,"BB #02918 put down in a box. BB #2917 released at side of boat. At 1532-1542 fish did not resurface after 10 min observation period. Both fish were gassy. #02918 had 1 eye popped out and gas under the chin. Trap set in same general location. Old bait removed, fresh bait added.                                  Large fish should be processed first and released quickly as they tend to accumulate gas quicklier than the smaller fish",,,,,,,,,,,,,,,,,,,,,,,,,,,,,,,,,,,,,,
H-18,29-May-10,1534,31-May-10,1605,10U,477174,5986579,Hoop Trap L, NSC ,15.0,12,2.5,N,0,,,,,,,,,,,,,"NFC. Trap reset in same general location. Old bait removed, fresh bait added.",,,,,,,,,,,,,,,,,,,,,,,,,,,,,,,,,,,,,,
H-19,29-May-10,1538,31-May-10,1612,10U,477201,5986740,Hoop Trap L, NSC ,13.0,12,2.5,Y,1 of 2,900,4.69,380,Y,Orange FWPG 02916,N,,L,N,ROSB,N,,"Tag  #02916 let go over side of boat, a good release. #02915 released from sid eof boat, swam, submerged for a short distance then surfaced. Was qickly put in release trap and decended to 14m. 10min on the bottom befor trap door was released. Fish did not surface during observation period (5min).Trap set in same general location. Old bait removed, fresh bait added.",,,,,,,,,,,,,,,,,,,,,,,,,,,,,,,,,,,,,,
H-17,29-May-10,1502,31-May-10,1528,10U,477282,5986609,Hoop Trap L, NSC ,15.0,11,2.5,Y,2 of 2,700,2.46,280,Y,Orange FWPG 02917,N,,L,N,ROSB,N,,See above comments.,,,,,,,,,,,,,,,,,,,,,,,,,,,,,,,,,,,,,,
H-20,29-May-10,1544,31-May-10,1523,10U,477328,5986488,Hoop Trap L, NSC ,16.0,12,2.5,N,0,,,,,,,,,,,,,"NFC. Trap reset in same general location. Old bait removed, fresh bait added.",,,,,,,,,,,,,,,,,,,,,,,,,,,,,,,,,,,,,,
H-19,29-May-10,1538,31-May-10,1612,10U,477201,5986740,Hoop Trap L, NSC ,13.0,12,2.5,Y,2 of 2,450,0.8,190,Y,Orange FWPG 02915,N,,L,Y,RRT,N,,See above comments.,,,,,,,,,,,,,,,,,,,,,,,,,,,,,,,,,,,,,,
H-22,30-May-10,0842,1-Jun-10,0820,10U,478019,5987274,Hoop Trap L, NSC ,8.3,11,2,N,0,,,,,,,,,,,,,"100% cloud, calm waters, remove all bait, new bait added. Trap reset in same general location. NFC.",NSC,2,0,140,80,,,,,,,,,,,,,,,,,,,,,,,,,,,,,,,,,
H-23,30-May-10,0851,1-Jun-10,0829,10U,478354,5987343,Hoop Trap L, NSC ,10.0,11,2,Y,1,410,0.74,190,Y,Orange FWPG 02912,N,,L,N,ROSB,N,,"BB #02912 released over sie of boat and went down good. Old bait removed and new bait added, trap reset in same general location.",NSC,1,0,80,,,,,,,,,,,,,,,,,,,,,,,,,,,,,,,,,,
H-24,30-May-10,0857,1-Jun-10,0839,10U,478530,5987282,Hoop Trap L, NSC ,12.0,11,2,N,0,,,,,,,,,,,,,"NFC, old bait removed, new bait added. Reset trap in same general location.",CAS,2,0,30,30,,,,,,,,,,,,,,,,,,,,,,,,,,,,,,,,,
H-25,30-May-10,0910,1-Jun-10,0848,10U,478963,5987236,Hoop Trap L, Sockeye + NSC ,11.0,11,2,N,0,,,,,,,,,,,,,"NFC, old bait removed, new bait added 2 NSC added.. Reset trap in same general location.",NSC,2,0,90,50,,,,CAS,3,0,40,40,40,,,,,,,,,,,,,,,,,,,,,,,,
H-26,30-May-10,0919,1-Jun-10,0857,10U,479236,5987297,Hoop Trap L, Sockeye + NSC ,9.4,11,2,N,0,,,,,,,,,,,,,"NFC, old bait removed, new bait added.. Reset trap in same general location.",CAS,1,0,300,,,,,,,,,,,,,,,,,,,,,,,,,,,,,,,,,,
H-27,30-May-10,0930,1-Jun-10,0922,10U,479762,5987634,Hoop Trap L, NSC ,3.0,10,2,N,0,,,,,,,,,,,,,"No fish caught, old bait removed, new bait added. Trap set in mid bay. H-18 mother load.",NSC,5,0,200,130,200,130,200,RSC,1,0,80,,,,,,,,,,,,,,,,,,,,,,,,,,
H-28,30-May-10,0949,1-Jun-10,1314,10U,479637,5987500,Hoop Trap L, NSC ,4.0,10,2,N,0,,,,,,,,,,,,,"NFC, old bait removed, new bait added.. Reset trap in same general location. ",,,,,,,,,,,,,,,,,,,,,,,,,,,,,,,,,,,,,,
H-29,30-May-10,1031,1-Jun-10,1303,10U,480065,5987112,Hoop Trap L, NSC ,2.7,10,2,N,0,,,,,,,,,,,,,"NBC, old bait removed, new bait added.. Reset trap in same general location. ",NSC,1,0,30,,,,,RSC,1,0,30,,,,,,,,,,,,,,,,,,,,,,,,,,
H-30,30-May-10,1058,1-Jun-10,1325,10U,480125,5986596,Hoop Trap L, NSC ,1.5,10,2,N,0,,,,,,,,,,,,,"NBC, old bait removed, new bait added.. Reset in new location but same general location.",NSC,3,0,310,100,80,,,RSC,9,0,80,80,76,75,80,CAS,1,0,100,,,,,,,,,,,,,,,,,,
H-31,30-May-10,1113,1-Jun-10,1335,10U,479531,5986381,Hoop Trap L, NSC ,1.8,11,2,Y,1,470,0.88,190,Y,Orange FWPG 02905,N,,L,N,ROSB,N,,"Tag #02905 rleased successfully over side of boat. Old bait removed, new bait added. Reset in same general location.",NSC,3,0,150,130,120,,,,,,,,,,,,,,,,,,,,,,,,,,,,,,,,
H-21,30-May-10,0814,1-Jun-10,0807,10U,477577,5987097,Hoop Trap L, Sockeye + NSC ,13.0,11,2,N,0,,,,,,,,,,,,,"100% cloud cover, lake calm. Old bait removed, NFC, fresh bait added. Reset in same general location.",,,,,,,,,,,,,,,,,,,,,,,,,,,,,,,,,,,,,,
H-7,31-May-10,0933,2-Jun-10,1125,10U,474780,5986219,Hoop Trap L, NSC ,2.5,12,2.5,Y,1,360,0.53,140,Y,Orange FWPG 02948,N,,L,N,ROSB,N,,"BB #02948 successful release from side of boat, no bait added. Left by catch in trap reset in same general location.",NSC,6,0,30,30,30,50,60,CAS,1,0,40,,,,,,,,,,,,,,,,,,,,,,,,,,
H-8,31-May-10,0927,2-Jun-10,1114,10U,474688,5986111,Hoop Trap L, NSC ,4.2,12,2.5,Y,1,520,1.31,220,Y,Orange FWPG 02950,N,,L,N,ROSB,N,,"Tag #02950 successful release from side of boat. Bait added, reset in same general location.",NSC,5,0,110,190,230,180,90,CAS,8,0,80,80,80,80,130,,,,,,,,,,,,,,,,,,,,,,
H-9,31-May-10,0917,2-Jun-10,1059,10U,474435,5986024,Hoop Trap L, NSC ,3.0,12,2.5,Y,1,360,0.64,150,Y,Orange FWPG 02901,N,,L,N,ROSB,N,,"BB #02901 successful release from side of boat. New bait added, reset in same general location.",NSC,30,0,300,130,90,95,150,CAS,4,0,70,80,50,70,,,,,,,,,,,,,,,,,,,,,,,
H-10,31-May-10,1027,2-Jun-10,1150,10U,475192,5986180,Hoop Trap L, NSC ,6.0,11,2.5,Y,2 of 2,420,0.66,170,Y,Orange FWPG 02946,N,,L,N,ROSB,N,,See above comments.,,,,,,,,,,,,,,,,,,,,,,,,,,,,,,,,,,,,,,
H-10,31-May-10,1027,2-Jun-10,1150,10U,475192,5986180,Hoop Trap L, NSC ,6.0,11,2.5,Y,1 of 2,430,0.78,170,Y,Orange FWPG 02947,N,,L,N,ROSB,N,,"Tag #02947 and #02946 successful release over side of boat. No bait added, reset in same general location.",,,,,,,,,,,,,,,,,,,,,,,,,,,,,,,,,,,,,,
H-11,31-May-10,1041,2-Jun-10,1224,10U,476349,5986315,Hoop Trap L, NSC ,11.0,11,2.5,N,0,,,,,,,,,,,,,"NFC, no fresh bait added. Trap reset in same general location.",,,,,,,,,,,,,,,,,,,,,,,,,,,,,,,,,,,,,,
H-12,31-May-10,1048,2-Jun-10,1225,10U,476420,5986375,Hoop Trap L, NSC ,10.0,11,2.5,Y,1,820,3.44,330,Y,Orange FWPG 02944,N,,L,N,ROSB,N,,"Tag #02944 successful release from side of boat. Fresh bait added, reset in same general location.",CAS,1,0,30,,,,,,,,,,,,,,,,,,,,,,,,,,,,,,,,,,
H-13,31-May-10,1102,2-Jun-10,1238,10U,476795,5986532,Hoop Trap L, NSC ,10.0,11,2.5,N,0,,,,,,,,,,,,,"NBC, trap reset in same location. No fresh bait added.",NSC,1,0,170,,,,,,,,,,,,,,,,,,,,,,,,,,,,,,,,,,
H-16,31-May-10,1515,3-Jun-10,0952,10U,477170,5986370,Hoop Trap L, NSC ,16.0,12,2.5,Y,2 of 2,450,0.79,180,Y,Orange FWPG 02934,N,,L,Y,RRT,N,,See above comments.,,,,,,,,,,,,,,,,,,,,,,,,,,,,,,,,,,,,,,
H-14,31-May-10,1115,3-Jun-10,0823,10U,476992,5986744,Hoop Trap L, NSC ,9.0,11,2.5,N,0,,,,,,,,,,,,,"NFC, trap reset in new location, no fresh bait added.",,,,,,,,,,,,,,,,,,,,,,,,,,,,,,,,,,,,,,
H-15,31-May-10,1448,3-Jun-10,0830,10U,477113,5986734,Hoop Trap L, NSC ,12.0,12,2.5,N,0,,,,,,,,,,,,,NFC. Trap relocated to deeper water. SE direction. No fresh bait added.,,,,,,,,,,,,,,,,,,,,,,,,,,,,,,,,,,,,,,
H-16,31-May-10,1515,3-Jun-10,0952,10U,477170,5986370,Hoop Trap L, NSC ,16.0,12,2.5,Y,1 of 2,590,1.87,280,Y,Orange FWPG 02935,N,,L,Y,RRT,N,,Tag #02935 + 02934 put in release trap at 0957 released at 1008. Very rough conditions on water 2ft swells and white caps. Release are observed for approx. 5min. No fish observed resurfacing. No fresh bait added. Trap set in same general location.,,,,,,,,,,,,,,,,,,,,,,,,,,,,,,,,,,,,,,
H-17,31-May-10,1600,3-Jun-10,0849,10U,477220,5986650,Hoop Trap L, NSC + LSU ,14.0,12,2.5,N,0,,,,,,,,,,,,,Trap was untied and open. No bait or fish present. Rebaited and reset in same general location.,,,,,,,,,,,,,,,,,,,,,,,,,,,,,,,,,,,,,,
H-18,31-May-10,1610,3-Jun-10,0942,10U,477125,5986558,Hoop Trap L, NSC ,15.0,12,2.5,Y,1,420,0.66,170,Y,Orange FWPG 02936,N,,L,N,ROSB,N,,"Tag #02936 released over side of boat, successful. No bait added, reset in same general location.",,,,,,,,,,,,,,,,,,,,,,,,,,,,,,,,,,,,,,
H-19,31-May-10,1637,3-Jun-10,0837,10U,477260,5986757,Hoop Trap L, NSC ,14.0,12,2.5,Y,1,540,1.18,220,Y,Orange FWPG 02937,N,,L,N,ROSB,N,,"BB #02937 released over side of boat, great success. No bait added, reset in same general location. The little guys seem to go down pretty good.",,,,,,,,,,,,,,,,,,,,,,,,,,,,,,,,,,,,,,
H-20,31-May-10,1525,3-Jun-10,1006,10U,477225,5986494,Hoop Trap L, NSC ,15.0,12,2.5,Y,1,780,3.97,360,Y,Orange FWPG 02933,N,,L,Y,RRT,N,,"Fish put into release trap at 1008 release that observed for 5 min. No fresh bait added, trap reset in same general location.",,,,,,,,,,,,,,,,,,,,,,,,,,,,,,,,,,,,,,
H-22,01-Jun-10,0825,3-Jun-10,1045,10U,478037,5987202,Hoop Trap L, NSC ,10.0,11,2.5,Y,1 of 4,550,1.37,250,Y,Orange FWPG 02932,N,,L,N,ROSB,N,,"Tag #02932, 02931, 02930, and 02929 all successful release over side of boat. All bait was taken, fresh bait added.",,,,,,,,,,,,,,,,,,,,,,,,,,,,,,,,,,,,,,
H-23,01-Jun-10,0835,3-Jun-10,1132,10U,478380,5987340,Hoop Trap L, NSC ,10.0,11,2.5,Y,1,750,2.55,290,N,,Y,Orange FWPG 02358,L,N,ROSB,N,,"Tag #02358 released successfully over sid eof boat. Floy tag entry wound looks healthy. Fresh bait added, reset in same general location.",NSC,1,0,300,,,,,,,,,,,,,,,,,,,,,,,,,,,,,,,,,,
H-22,01-Jun-10,0825,3-Jun-10,1045,10U,478037,5987202,Hoop Trap L, NSC ,10.0,11,2.5,Y,2 of 4,510,1.43,240,Y,Orange FWPG 02931,N,,L,N,ROSB,N,,See above comments.,,,,,,,,,,,,,,,,,,,,,,,,,,,,,,,,,,,,,,
H-22,01-Jun-10,0825,3-Jun-10,1045,10U,478037,5987202,Hoop Trap L, NSC ,10.0,11,2.5,Y,3 of 4,540,1.37,220,Y,Orange FWPG 02930,N,,L,N,ROSB,N,,See above comments.,,,,,,,,,,,,,,,,,,,,,,,,,,,,,,,,,,,,,,
H-22,01-Jun-10,0825,3-Jun-10,1045,10U,478037,5987202,Hoop Trap L, NSC ,10.0,11,2.5,Y,4 of 4,440,0.84,190,Y,Orange FWPG 02929,N,,L,N,ROSB,N,,See above comments.,,,,,,,,,,,,,,,,,,,,,,,,,,,,,,,,,,,,,,
H-24,01-Jun-10,0843,3-Jun-10,1143,10U,478517,5987272,Hoop Trap L, NSC ,12.0,11,2.5,N,0,,,,,,,,,,,,,"NFC, trap reset in same location. No fresh bait added.",,,,,,,,,,,,,,,,,,,,,,,,,,,,,,,,,,,,,,
H-25,01-Jun-10,0852,3-Jun-10,1146,10U,478971,5987235,Hoop Trap L, NSC ,11.0,11,2.5,Y,1 of 2,660,2.23,300,Y,Orange FWPG 02928,N,,L,N,ROSB,N,,"Tag #02928, and 02927 released over side of boat, successful. Reset in same general location.",,,,,,,,,,,,,,,,,,,,,,,,,,,,,,,,,,,,,,
H-26,01-Jun-10,0901,3-Jun-10,1154,10U,479224,5987300,Hoop Trap L, NSC ,9.7,11,2.5,Y,1,595,1.74,270,Y,Orange FWPG 02975,N,,L,N,ROSB,N,,Fish released over side of boat. Trap set in same general location. No fresh bait added.,,,,,,,,,,,,,,,,,,,,,,,,,,,,,,,,,,,,,,
H-25,01-Jun-10,0852,3-Jun-10,1146,10U,478971,5987235,Hoop Trap L, NSC ,11.0,11,2.5,Y,2 of 2,450,0.87,180,Y,Orange FWPG 02927,N,,L,N,ROSB,N,,See above comments.,,,,,,,,,,,,,,,,,,,,,,,,,,,,,,,,,,,,,,
H-27,01-Jun-10,0938,3-Jun-10,1224,10U,477390,5987082,Hoop Trap L, NSC ,11.0,12,2.5,N,0,,,,,,,,,,,,,"NFC, trap set in same general location. No fresh bait added.",,,,,,,,,,,,,,,,,,,,,,,,,,,,,,,,,,,,,,
H-28,01-Jun-10,1318,3-Jun-10,1206,10U,477680,5987525,Hoop Trap L, NSC ,4.0,12,2.5,N,0,,,,,,,,,,,,,"NFC, trap relocated to deeper water. No fresh bait added.",,,,,,,,,,,,,,,,,,,,,,,,,,,,,,,,,,,,,,
H-29,01-Jun-10,1310,3-Jun-10,1232,10U,479490,5987029,Hoop Trap L, NSC ,8.0,12,2.5,Y,1 of 3,520,1.16,220,Y,Orange FWPG 02974,N,,L,N,ROSB,N,,All fish released off side of boat. Fresh bait added. Set in same general location.,NSC,2,0,490,410,,,,,,,,,,,,,,,,,,,,,,,,,,,,,,,,,
H-30,01-Jun-10,1331,3-Jun-10,1254,10U,479988,5986562,Hoop Trap L, NSC ,2.0,12,2.5,N,0,,,,,,,,,,,,,"NFC, trap reset in same general location. No fresh bait added.",,,,,,,,,,,,,,,,,,,,,,,,,,,,,,,,,,,,,,
H-29,01-Jun-10,1310,3-Jun-10,1232,10U,479490,5987029,Hoop Trap L, NSC ,8.0,12,2.5,Y,2 of 3,510,0.95,180,Y,Orange FWPG 02973,N,,L,N,ROSB,N,,See above comments.,,,,,,,,,,,,,,,,,,,,,,,,,,,,,,,,,,,,,,
H-29,01-Jun-10,1310,3-Jun-10,1232,10U,479490,5987029,Hoop Trap L, NSC ,8.0,12,2.5,Y,3 of 3,540,1.23,220,Y,Orange FWPG 02972,N,,L,N,ROSB,N,,See above comments.,,,,,,,,,,,,,,,,,,,,,,,,,,,,,,,,,,,,,,
H-31,01-Jun-10,1344,3-Jun-10,1248,10U,479543,5986377,Hoop Trap L, NSC ,1.8,12,2.5,N,0,,,,,,,,,,,,,"NFC, trap reset in same general location. No fresh bait added.",,,,,,,,,,,,,,,,,,,,,,,,,,,,,,,,,,,,,,
H-30,03-Jun-10,1255,4-Jun-10,0757,10U,480004,5986577,Hoop Trap L, NSC ,1.8,11,2,N,0,,,,,,,,,,,,,"NBC, trap reset in new location. Fresh bait added. All bicatch kept for bait.",NSC,5,0,400,320,360,280,260,,,,,,,,,,,,,,,,,,,,,,,,,,,,,,
H-31,03-Jun-10,1249,4-Jun-10,0818,10U,479550,5986377,Hoop Trap L, NSC ,1.8,12,2,N,0,,,,,,,,,,,,,"NBC, trap was relocated. No fresh bait added. Largest 5 fish from bicatch kept as bait.",NSC,7,330,320,270,260,250,,,,,,,,,,,,,,,,,,,,,,,,,,,,,,,
H-16,03-Jun-10,1016,6-Jun-10,1239,10U,477181,5986343,Hoop Trap L, NSC ,16.0,11,2.5,Y,2 of 2,670,2.23,280,Y,Orange FWPG 02385,N,,L,N,ROSB,N,,See above comments.,,,,,,,,,,,,,,,,,,,,,,,,,,,,,,,,,,,,,,
H-14,03-Jun-10,0827,6-Jun-10,1231,10U,477086,5986790,Hoop Trap L, NSC ,10.0,11,2.5,N,0,,,,,,,,,,,,,,,,,,,,,,,,,,,,,,,,,,,,,,,,,,,,,,,,,,,
H-16,03-Jun-10,1016,6-Jun-10,1239,10U,477181,5986343,Hoop Trap L, NSC ,16.0,11,2.5,Y,1 of 2,630,1.3,240,Y,Orange FWPG 02386,N,,L,N,ROSB,N,,#02385 was not seen surfacing after puncturing and  release from release trap. Trap pulled. End of sampling period.,,,,,,,,,,,,,,,,,,,,,,,,,,,,,,,,,,,,,,
H-17,03-Jun-10,0938,6-Jun-10,1334,10U,477269,5986672,Hoop Trap L, NSC ,15.0,11,2.5,Y,1,390,0.56,150,Y,Orange FWPG 02389,N,,L,N,ROSB,N,,"Tag #02389 successful release over side of boat, trap pulled out of water and disassembled on boat at 1340. End of sampling period.",,,,,,,,,,,,,,,,,,,,,,,,,,,,,,,,,,,,,,
H-18,03-Jun-10,0949,6-Jun-10,1323,10U,477154,5986587,Hoop Trap L, NSC ,14.0,11,2.5,Y,1,690,2.43,300,Y,Orange FWPG 02388,N,,L,N,ROSB,N,,Tag #02388 released overboat trap pulled. End of sampling session.,,,,,,,,,,,,,,,,,,,,,,,,,,,,,,,,,,,,,,
H-20,03-Jun-10,1042,6-Jun-10,1318,10U,477234,5986482,Hoop Trap L, NSC ,16.0,11,2,N,0,,,,,,,,,,,,,"NFC, trap pulled, end of sampling period.",,,,,,,,,,,,,,,,,,,,,,,,,,,,,,,,,,,,,,
H-7,05-Jun-10,1014,6-Jun-10,1040,10U,474795,5986270,Hoop Trap L, NSC ,1.9,11,2.5,N,0,,,,,,,,,,,,,"NFC, trap pulled, end of sampling period.",,,,,,,,,,,,,,,,,,,,,,,,,,,,,,,,,,,,,,
H-8,05-Jun-10,1009,6-Jun-10,1054,10U,474821,5986127,Hoop Trap L, NSC ,7.5,11,2.5,Y,1,450,0.89,190,Y,Orange FWPG 02385,N,,L,N,ROSB,N,,BB successful release over boat. Hoop trap pulled at 1057.,,,,,,,,,,,,,,,,,,,,,,,,,,,,,,,,,,,,,,
H-9,05-Jun-10,1002,6-Jun-10,1046,10U,474713,5986175,Hoop Trap L, NSC ,2.5,11,2.5,N,0,,,,,,,,,,,,,"NFC, trap pulled, end of sampling period.",,,,,,,,,,,,,,,,,,,,,,,,,,,,,,,,,,,,,,
H-10,05-Jun-10,1028,6-Jun-10,1137,10U,475238,5986208,Hoop Trap L, NSC ,5.7,11,2.5,N,0,,,,,,,,,,,,,"NFC, trap pulled, end of sampling period.",,,,,,,,,,,,,,,,,,,,,,,,,,,,,,,,,,,,,,
H-11,05-Jun-10,1100,6-Jun-10,1214,10U,476271,5986333,Hoop Trap L, NSC ,9.0,11,2.5,N,0,,,,,,,,,,,,,"NFC, trap pulled, end of sampling period.",,,,,,,,,,,,,,,,,,,,,,,,,,,,,,,,,,,,,,
H-12,05-Jun-10,1109,6-Jun-10,1218,10U,476496,5986410,Hoop Trap L, NSC ,9.5,11,2.5,N,0,,,,,,,,,,,,,"NFC, trap pulled, end of sampling period.",,,,,,,,,,,,,,,,,,,,,,,,,,,,,,,,,,,,,,
H-13,05-Jun-10,1211,6-Jun-10,1225,10U,476783,5986552,Hoop Trap L, NSC ,8.7,11,2.5,N,0,,,,,,,,,,,,,"NFC, trap pulled, end of sampling period.",,,,,,,,,,,,,,,,,,,,,,,,,,,,,,,,,,,,,,
H-15,03-Jun-10,0833,7-Jun-10,0739,10U,477239,5986056,Hoop Trap L, NSC ,13.0,11,2.5,N,0,,,,,,,,,,,,,"Raining, 100% cloud cover, disassemble hoop trap on boat, pulled out at 0739. End of sampling session.",,,,,,,,,,,,,,,,,,,,,,,,,,,,,,,,,,,,,,
H-22,03-Jun-10,1111,7-Jun-10,0813,10U,478273,5987201,Hoop Trap L, NSC ,13.0,11,2,Y,2 of 2,500,0.97,190,Y,Orange FWPG 02393,N,,L,N,ROSB,N,,See above comments.,,,,,,,,,,,,,,,,,,,,,,,,,,,,,,,,,,,,,,
H-19,03-Jun-10,0844,7-Jun-10,0746,10U,477299,5986769,Hoop Trap L, NSC ,14.0,11,2.5,Y,1,610,1.94,290,Y,Orange FWPG 02390,N,,L,N,ROSB,N,,"#2390 ROSB at 0749, hoop trap disassembled at 0749 on boat. End of sampling session.",,,,,,,,,,,,,,,,,,,,,,,,,,,,,,,,,,,,,,
H-22,03-Jun-10,1111,7-Jun-10,0813,10U,478273,5987201,Hoop Trap L, NSC ,13.0,11,2.5,Y,1 of 2,750,3.1,320,Y,Orange FWPG 02392,N,,L,Y,RRT,N,,BB #02392 put in release trap at 0817. BB #02393 was ROSB at 0819. Trap disassembled on boat and puppled at0813. 02393 resurfaced after approx 4min. Fish showed gassing although and tissue. Fish was later released in release trap. Fish did not surface after 5min observation. Lake is calm.,,,,,,,,,,,,,,,,,,,,,,,,,,,,,,,,,,,,,,
H-23,03-Jun-10,1140,7-Jun-10,0802,10U,478440,5987352,Hoop Trap L, NSC ,10.0,11,2,Y,1,475,0.97,190,Y,Orange FWPG 02391,N,,L,N,ROSB,N,,Trap disassembled on boat. Raining 100% cloud cover. Fish ROSB. End of sampling session.,NSC,1,0,300,,,,,,,,,,,,,,,,,,,,,,,,,,,,,,,,,,
H-24,03-Jun-10,1143,7-Jun-10,0900,10U,478532,5987283,Hoop Trap L, NSC ,12.0,11,2,N,0,,,,,,,,,,,,,"NFC, trap pulled, end of sampling period.",,,,,,,,,,,,,,,,,,,,,,,,,,,,,,,,,,,,,,
H-26,03-Jun-10,1202,7-Jun-10,0916,10U,479221,5987347,Hoop Trap L, NSC ,9.2,11,2,Y,2 of 2,540,1.4,230,Y,Orange FWPG 02395,N,,L,N,ROSB,N,,See above comments.,,,,,,,,,,,,,,,,,,,,,,,,,,,,,,,,,,,,,,
H-25,03-Jun-10,1151,7-Jun-10,0910,10U,479113,5987194,Hoop Trap L, NSC ,10.0,11,2,N,0,,,,,,,,,,,,,"NFC, trap pulled, end of sampling period.",,,,,,,,,,,,,,,,,,,,,,,,,,,,,,,,,,,,,,
H-26,03-Jun-10,1202,7-Jun-10,0916,10U,479221,5987347,Hoop Trap L, NSC ,9.2,11,2,Y,1 of 2,560,1.38,230,Y,Orange FWPG 02394,N,,L,N,ROSB,N,,Fish released at boat side. Trap pulled End of sampling session.,,,,,,,,,,,,,,,,,,,,,,,,,,,,,,,,,,,,,,
H-27,03-Jun-10,1225,7-Jun-10,1019,10U,477399,5987121,Hoop Trap L, NSC ,10.0,11,2,Y,1,220,0.77,180,N,,Y,Orange FWPG 02166,L,N,ROSB,N,,02166 recap released successfully over boat. Trap disassembled on boat. Pull trap out of water at 1019. End of sampling session.,,,,,,,,,,,,,,,,,,,,,,,,,,,,,,,,,,,,,,
H-28,03-Jun-10,1209,7-Jun-10,0930,10U,479442,5987485,Hoop Trap L, NSC ,6.8,11,2,N,0,,,,,,,,,,,,,"NFC, trap pulled, end of sampling period.",,,,,,,,,,,,,,,,,,,,,,,,,,,,,,,,,,,,,,
H-29,03-Jun-10,1243,7-Jun-10,0939,10U,479468,5987041,Hoop Trap L, NSC ,8.7,11,2,N,0,,,,,,,,,,,,,"NFC, trap pulled, end of sampling period.",,,,,,,,,,,,,,,,,,,,,,,,,,,,,,,,,,,,,,
H-30,04-Jun-10,0805,7-Jun-10,0945,10U,479911,5986882,Hoop Trap L, NSC ,3.0,11,2.5,N,0,,,,,,,,,,,,,"NFC, trap pulled, end of sampling period.",,,,,,,,,,,,,,,,,,,,,,,,,,,,,,,,,,,,,,
H-31,04-Jun-10,0824,7-Jun-10,0953,10U,479573,5986483,Hoop Trap L, NSC ,2.5,11,2,N,0,,,,,,,,,,,,,"NFC, trap pulled, disassembled on boat at 0954. End of sampling period.",,,,,,,,,,,,,,,,,,,,,,,,,,,,,,,,,,,,,,
H-21,01-Jun-10,0811,8-Jun-10,1115,10U,477552,5987090,Hoop Trap L, NSC ,13.0,11,2.5,Y,2 of 2,490,1.03,200,Y,Orange FWPG 02196,N,,L,Y,ROSB/RWP,N,,See above comments.,,,,,,,,,,,,,,,,,,,,,,,,,,,,,,,,,,,,,,
H-21,01-Jun-10,0811,8-Jun-10,1115,10U,477552,5987090,Hoop Trap L, NSC ,13.0,11,2.5,Y,1 of 2,760,2.13,270,Y,Orange FWPG 02197,N,,L,Y,ROSB/RWP,N,,"Bouys seperated from hoop trap. Will drag for trap 06/02/10. Trap not located to date. 06/03/10. Trap was found near UTM. Approx 2m. 2 BB in trap when recovered. Trap was pulled. End of sampling. Both fish gassing in abdomen, both fish punctered. Both fish able to decend.",,,,,,,,,,,,,,,,,,,,,,,,,,,,,,,,,,,,,,
H-21,09-Oct-10,0954,13-Oct-10,0802,10U,476061,5986333,Hoop Trap L, 1 NSC +1 LSU ,9.1,12,2,N,0,,,,,,,,,,,,,Bi-catch kept for bait. Trap set in same general location. Fresh bait added.,,,,,,,,,,,,,,,,,,,,,,,,,,,,,,,,,,,,,,
H-7,09-Oct-10,1050,13-Oct-10,0942,10U,477343,5986506,Hoop Trap L, 2 NSC ,15.0,12,2,Y,1,680,2.2,290,N,,N,,L,N,,Y,114,Trap reset in same general location. Old bait removed. 10/13/10,,,,,,,,,,,,,,,,,,,,,,,,,,,,,,,,,,,,,,
H-8,09-Oct-10,1231,13-Oct-10,1058,10U,477628,5987010,Hoop Trap L, 2 NSC ,14.0,13,2,Y,1,720,2.14,300,N,,N,,L,N,,Y,116,Trap reset in same general location. Old bait removed.,,,,,,,,,,,,,,,,,,,,,,,,,,,,,,,,,,,,,,
H-9,09-Oct-10,0836,13-Oct-10,1250,10U,475303,5986221,Hoop Trap L, 2 NSC ,5.7,12,2,N,0,,,,,,,,,,,,,"NSC kept for bait, reset same location , no bait added.",NSC,1,0,300,,,,,,,,,,,,,,,,,,,,,,,,,,,,,,,,,,
H-10,09-Oct-10,1245,13-Oct-10,1208,10U,478515,5987365,Hoop Trap L, 2 NSC ,10.0,13,2,N,0,,,,,,,,,,,,,Trap reset in same general location. Old bait removed. 10/13/10,NSC,7,0,115,175,125,340,140,CAS,1,0,75,,,,,,,,,,,,,,,,,,,,,,,,,,
H-11,09-Oct-10,0841,13-Oct-10,1257,10U,475691,5986235,Hoop Trap L, 2 NSC ,5.0,12,2,N,0,,,,,,,,,,,,,Bi-catch kept for bait. Trap set in same general location. No fresh bait added.,NSC,2,0,320,280,,,,,,,,,,,,,,,,,,,,,,,,,,,,,,,,,
H-12,09-Oct-10,1155,13-Oct-10,1136,10U,477590,5986610,Hoop Trap L, 2 NSC ,14.0,12,2,N,0,,,,,,,,,,,,,Trap reset in same general location. Old bait removed. 10/13/10,NSC,1,0,250,,,,,CAS,1,0,60,,,,,,,,,,,,,,,,,,,,,,,,,,
H-13,09-Oct-10,1238,13-Oct-10,1123,10U,478730,5987269,Hoop Trap L, 2 NSC ,10.0,12,2,Y,1,600,1.54,280,N,,N,,L,N,,Y,118,Trap reset in same general location. Old bait removed. 10/13/11,NSC,2,0,340,200,,,,,,,,,,,,,,,,,,,,,,,,,,,,,,,,,
H-14,09-Oct-10,1152,13-Oct-10,1006,10U,477448,5986626,Hoop Trap L, 2 NSC ,15.0,13,2,Y,1,680,2.18,280,N,,N,,L,Y,,Y,115,"Trap reset in same general location. Old bait removed. Fish showed signs of decompression stress, eyes bulged out.",,,,,,,,,,,,,,,,,,,,,,,,,,,,,,,,,,,,,,
H-15,09-Oct-10,1046,13-Oct-10,0931,10U,477149,5986587,Hoop Trap L, 2 NSC ,14.0,12,2,N,0,,,,,,,,,,,,,"Trap set in same general location. Old bait removed, 10/13/10.  NSC kept for bait.",CAS,2,0,90,60,,,,NSC,1,0,190,,,,,,,,,,,,,,,,,,,,,,,,,,
H-16,09-Oct-10,0812,13-Oct-10,1205,10U,474668,5986114,Hoop Trap L, 2 NSC ,2.1,12,2,Y,1,380,0.46,160,N,,N,,L,N,,Y,110,Trap set in same general location. No fresh bait added.,,,,,,,,,,,,,,,,,,,,,,,,,,,,,,,,,,,,,,
H-17,09-Oct-10,0829,13-Oct-10,1226,10U,475049,5986201,Hoop Trap L, 2 NSC ,4.7,12,2,Y,1 of 2,430,0.48,160,N,,N,,L,N,,Y,111,Both fish sacrificed. Trap reset in same general location. Fish ate all bait.,,,,,,,,,,,,,,,,,,,,,,,,,,,,,,,,,,,,,,
H-17,09-Oct-10,0829,13-Oct-10,1226,10U,475049,5986201,Hoop Trap L, 2 NSC ,4.7,12,2,Y,2 of 2,785,2.75,310,N,,N,,L,N,,Y,112,See above comments.,,,,,,,,,,,,,,,,,,,,,,,,,,,,,,,,,,,,,,
H-18,09-Oct-10,1013,13-Oct-10,0851,10U,477084,5986329,Hoop Trap L, 3 NSC ,15.0,12,2,N,0,,,,,,,,,,,,,Trap reset in same general location. Old rotten bait removed 10/13/10,CAS,1,0,75,,,,,,,,,,,,,,,,,,,,,,,,,,,,,,,,,,
H-19,09-Oct-10,0958,13-Oct-10,0818,10U,476366,5986347,Hoop Trap L, 2 NSC ,10.0,12,2,N,0,,,,,,,,,,,,,"NBC. Trap reset in same general location, fresh bait added 10/13/10",CAS,1,0,70,,,,,,,,,,,,,,,,,,,,,,,,,,,,,,,,,,
H-20,09-Oct-10,1004,13-Oct-10,0826,10U,476702,5986437,Hoop Trap L, 2 NSC ,10.0,12,2,N,0,,,,,,,,,,,,,Bi-catch released. Trap set in same general location. Overcast and calm.,NSC,3,0,90,115,115,,,RSC,1,0,115,,,,,,,,,,,,,,,,,,,,,,,,,,
H-22,09-Oct-10,1100,13-Oct-10,1019,10U,477238,5986931,Hoop Trap L, 2 NSC ,10.0,12,2,N,0,,,,,,,,,,,,,"Trap reset in same general location. Old bait removed, bi-catch tallied and released.",NSC,19,0,175,160,175,160,145,CAS,2,0,40,70,,,,,,,,,,,,,,,,,,,,,,,,,
H-23,09-Oct-10,1008,13-Oct-10,0840,10U,476933,5986379,Hoop Trap L, 3 NSC ,15.0,12,2,N,0,,,,,,,,,,,,,"Trap reset in same general location. Old bait removed, 170mm bi-catch kept for bait.",NSC,4,0,170,145,140,125,,,,,,,,,,,,,,,,,,,,,,,,,,,,,,,
H-24,09-Oct-10,1147,13-Oct-10,1039,10U,477397,5986896,Hoop Trap L, 2 NSC ,13.0,13,2,N,0,,,,,,,,,,,,,"Bi-catch not kept for bait, trap reset in same general location. Old bait removed.",LSU,1,0,420,,,,,NSC,3,0,155,165,120,,,CAS,1,0,60,,,,,,,,,,,,,,,,,,
H-25,09-Oct-10,1200,13-Oct-10,1047,10U,477598,5986803,Hoop Trap L, 2 NSC ,15.0,12,2,N,0,,,,,,,,,,,,,Trap reset in same general location. Old bait removed. 10/13/10,NSC,1,0,145,,,,,CAS,1,75,,,,,,,,,,,,,,,,,,,,,,,,,,,
H-26,09-Oct-10,1040,13-Oct-10,0916,10U,477016,5986693,Hoop Trap L, 2 NSC ,11.0,12,2,Y,1,710,2.6,290,N,,N,,L,N,,Y,113,"Trap set in same general location. Old bait removed, 10/13/10.",,,,,,,,,,,,,,,,,,,,,,,,,,,,,,,,,,,,,,
H-27,09-Oct-10,1054,13-Oct-10,0956,10U,477510,5986407,Hoop Trap L, 2 NSC ,15.0,12,2,N,0,,,,,,,,,,,,,"Trap set in same general location. Old bait removed, 10/13/10.",CAS,3,0,65,80,50,,,,,,,,,,,,,,,,,,,,,,,,,,,,,,,,
H-28,09-Oct-10,1227,13-Oct-10,1110,10U,477736,5987218,Hoop Trap L, 2 NSC ,4.5,13,2,Y,1,430,0.44,160,N,,N,,L,N,,Y,117,"Trap set in same general location. Old bait removed, 10/13/10.",,,,,,,,,,,,,,,,,,,,,,,,,,,,,,,,,,,,,,
H-29,09-Oct-10,0823,13-Oct-10,1218,10U,474607,5986118,Hoop Trap L, 2 NSC ,1.7,12,2,N,0,,,,,,,,,,,,,"NFC, no fresh bait added, trap set in same general location.",,,,,,,,,,,,,,,,,,,,,,,,,,,,,,,,,,,,,,
H-30,09-Oct-10,1242,13-Oct-10,1200,10U,478420,5987493,Hoop Trap L, 2 NSC ,3.2,13,2,N,0,,,,,,,,,,,,,"Trap reset in same general location, old bait removed. NSC released.",NSC,1,0,340,,,,,,,,,,,,,,,,,,,,,,,,,,,,,,,,,,
H-31,09-Oct-10,1206,13-Oct-10,1030,10U,477359,5987277,Hoop Trap L, 2 NSC ,2.3,12,2,N,0,,,,,,,,,,,,,"NSC kept for bait, trapmoved up shore line. Old bait removed.",NSC,1,0,310,,,,,CAS,1,0,70,,,,,,,,,,,,,,,,,,,,,,,,,,
H-21,13-Oct-10,0809,15-Oct-10,1143,10U,476090,5986334,Hoop Trap L, 2 Chunks of LSU ,8.8,12,2,N,0,,,,,,,,,,,,,NFC. Old bait removed on 10/15/10. Trap reset in same general location.,,,,,,,,,,,,,,,,,,,,,,,,,,,,,,,,,,,,,,
H-7,13-Oct-10,0944,15-Oct-10,1245,10U,477333,5986499,Hoop Trap L, 3 Chunks of NSC ,15.0,12,2,N,0,,,,,,,,,,,,,NFC. Old bait removed on 10/15/10. Trap reset in same general location.,,,,,,,,,,,,,,,,,,,,,,,,,,,,,,,,,,,,,,
H-8,13-Oct-10,1102,15-Oct-10,1344,10U,477653,5987031,Hoop Trap L, 4 Chunks of NSC ,13.0,12,2,N,0,,,,,,,,,,,,,Old bait removed on 10/15/10. Trap reset in same general location.,CAS,2,0,40,55,,,,NSC,1,0,115,,,,,,,,,,,,,,,,,,,,,,,,,,
H-9,13-Oct-10,1254,15-Oct-10,1130,10U,475299,5986216,Hoop Trap L, 2 Chunks of NSC ,6.4,12,2,N,0,,,,,,,,,,,,,NFC. Old bait removed on 10/15/10. Trap reset in same general location.,,,,,,,,,,,,,,,,,,,,,,,,,,,,,,,,,,,,,,
H-10,13-Oct-10,1215,15-Oct-10,1442,10U,478444,5987269,Hoop Trap L, 3 Chunks of NSC ,12.0,12,2,Y,1,700,2.24,290,Y,Orange FWPG 02192,N,,L,N,ROSB,,,Old bait removed on 10/15/10. Trap reset in same general location.,,,,,,,,,,,,,,,,,,,,,,,,,,,,,,,,,,,,,,
H-11,13-Oct-10,1302,15-Oct-10,1137,10U,475660,5986118,Hoop Trap L, 2 NSC ,7.6,12,2,N,0,,,,,,,,,,,,,NFC. Old bait removed on 10/15/10. Trap reset in same general location.,,,,,,,,,,,,,,,,,,,,,,,,,,,,,,,,,,,,,,
H-12,13-Oct-10,1141,15-Oct-10,1332,10U,477566,5986595,Hoop Trap L, 3 Chunks of NSC ,15.0,12,2,N,0,,,,,,,,,,,,,NFC. Old bait removed on 10/15/10. Trap reset in same general location.,,,,,,,,,,,,,,,,,,,,,,,,,,,,,,,,,,,,,,
H-13,13-Oct-10,1128,15-Oct-10,1430,10U,478222,5987232,Hoop Trap L, 3 Chunks of NSC ,11.0,12,2,N,0,,,,,,,,,,,,,Old bait removed on 10/15/10. Trap reset in same general location.,NSC,2,0,75,130,,,,,,,,,,,,,,,,,,,,,,,,,,,,,,,,,
H-14,13-Oct-10,1015,15-Oct-10,1326,10U,477454,5986620,Hoop Trap L, 3 Chunks of NSC ,15.0,12,2,N,0,,,,,,,,,,,,,NFC. Old bait removed on 10/15/10. Trap reset in same general location.,,,,,,,,,,,,,,,,,,,,,,,,,,,,,,,,,,,,,,
H-16,13-Oct-10,1212,15-Oct-10,1057,10U,474651,5986142,Hoop Trap L, 2 NSC ,2.1,11,2,Y,1,280,0.33,110,N,,N,,L,N,,Y,120,Old bait removed on 10/15/10. Trap reset in same general location.,,,,,,,,,,,,,,,,,,,,,,,,,,,,,,,,,,,,,,
H-17,13-Oct-10,1245,15-Oct-10,1120,10U,475082,5986201,Hoop Trap L, 3 Chunks of NSC ,4.9,12,2,N,0,,,,,,,,,,,,,NFC. Old bait removed on 10/15/10. Trap reset in same general location.,,,,,,,,,,,,,,,,,,,,,,,,,,,,,,,,,,,,,,
H-18,13-Oct-10,0854,15-Oct-10,1216,10U,477082,5986329,Hoop Trap L, 2 Chunks of LSU ,15.0,12,2,Y,1 of 2,730,2.77,320,Y,Orange FWPG 2195,N,,L,Y,ROSB,N,,Old bait removed on 10/15/10. Trap reset in same general location.,,,,,,,,,,,,,,,,,,,,,,,,,,,,,,,,,,,,,,
H-19,13-Oct-10,0823,15-Oct-10,1148,10U,476391,5986278,Hoop Trap L, 2 Chunks of LSU ,12.0,12,2,N,0,,,,,,,,,,,,,Old bait removed on 10/15/10. Trap reset in same general location.,NSC,5,0,140,150,145,140,154,CAS,1,0,85,,,,,,,,,,,,,,,,,,,,,,,,,,
H-20,13-Oct-10,0835,15-Oct-10,1159,10U,476695,5986430,Hoop Trap L, 2 Chunks of LSU ,11.0,12,2,N,0,,,,,,,,,,,,,Old bait removed on 10/15/10. Trap reset in same general location.,NSC,2,0,105,95,,,,RSC,1,0,85,,,,,,,,,,,,,,,,,,,,,,,,,,
H-22,13-Oct-10,1026,15-Oct-10,1304,10U,477208,5986926,Hoop Trap L, 3 Chunks of NSC ,10.0,12,2,Y,1,500,1.07,230,N,,N,,L,N,,Y,122,Old bait removed on 10/15/10. Trap reset in same general location.,NSC,8,0,165,130,125,140,125,CAS,1,0,65,,,,,,,,,,,,,,,,,,,,,,,,,,
H-23,13-Oct-10,0848,15-Oct-10,1209,10U,476926,5986342,Hoop Trap L, 2 Chunks of LSU ,15.0,12,2,N,0,,,,,,,,,,,,,NFC. Old bait removed on 10/15/10. Trap reset in same general location.,,,,,,,,,,,,,,,,,,,,,,,,,,,,,,,,,,,,,,
H-24,13-Oct-10,1045,15-Oct-10,1422,10U,477409,5986843,Hoop Trap L, 4 Chunks of NSC ,14.0,12,2,N,0,,,,,,,,,,,,,NFC. Old bait removed on 10/15/10. Trap reset in same general location.,,,,,,,,,,,,,,,,,,,,,,,,,,,,,,,,,,,,,,
H-25,13-Oct-10,1052,15-Oct-10,1338,10U,475564,5986608,Hoop Trap L, 3 Chunks of NSC ,15.0,12,2,N,0,,,,,,,,,,,,,NFC. Old bait removed on 10/15/10. Trap reset in same general location.,,,,,,,,,,,,,,,,,,,,,,,,,,,,,,,,,,,,,,
H-26,13-Oct-10,0925,15-Oct-10,1233,10U,477005,5986690,Hoop Trap L, 4 Chunks of NSC ,10.0,12,2,Y,1,660,1.73,260,Y,Orange FWPG 2193,N,,L,N,ROSB,N,,Old bait removed on 10/15/10. Trap reset in same general location.,,,,,,,,,,,,,,,,,,,,,,,,,,,,,,,,,,,,,,
H-18,13-Oct-10,0854,15-Oct-10,1216,10U,477082,5986329,Hoop Trap L, 2 Chunks of LSU ,15.0,12,2,Y,2 of 2,590,1.43,250,N,,N,,L,N,,Y,121,See above comments.,,,,,,,,,,,,,,,,,,,,,,,,,,,,,,,,,,,,,,
H-27,13-Oct-10,1002,15-Oct-10,1318,10U,477524,5986518,Hoop Trap L, 3 Chunks of NSC ,15.0,12,2,N,0,,,,,,,,,,,,,NFC. Old bait removed on 10/15/10. Trap reset in same general location.,,,,,,,,,,,,,,,,,,,,,,,,,,,,,,,,,,,,,,
H-28,13-Oct-10,1115,15-Oct-10,1409,10U,477733,5987232,Hoop Trap L, 4 Chunks of NSC ,3.0,12,2,N,0,,,,,,,,,,,,,Old bait removed on 10/15/10. Trap reset in same general location.,CAS,2,0,25,35,,,,CSU,1,0,400,,,,,,,,,,,,,,,,,,,,,,,,,,
H-29,13-Oct-10,1223,15-Oct-10,1111,10U,474799,5986196,Hoop Trap L, 2 NSC ,5.6,12,2,N,0,,,,,,,,,,,,,"NFC. Old bait removed on 10/15/10. Trap reset in same general location. Sunny, strong winds out of west, 3ft. Waves.",,,,,,,,,,,,,,,,,,,,,,,,,,,,,,,,,,,,,,
H-30,13-Oct-10,1205,15-Oct-10,1436,10U,478448,5987499,Hoop Trap L, 3 Chunks of NSC ,4.8,12,2,N,0,,,,,,,,,,,,,Old bait removed on 10/15/10. Trap reset in same general location.,RSC,1,0,55,,,,,,,,,,,,,,,,,,,,,,,,,,,,,,,,,,
H-31,13-Oct-10,1036,15-Oct-10,1352,10U,478445,5987347,Hoop Trap L, 3 Chunks of NSC ,2.2,12,2,Y,1,230,0.29,80,N,,N,,L,N,,Y,123,Old bait removed on 10/15/10. Trap reset in same general location.,NSC,2,0,125,90,,,,CAS,4,0,20,30,25,40,,,,,,,,,,,,,,,,,,,,,,,
H-21,15-Oct-10,1145,19-Oct-10,1113,10U,476156,5986345,Hoop Trap L, 3 Pieces of Sockeye ,3.4,8,2,Y,1,465,0.84,180,N,,Y,Orange FWPG 2128,L,N,ROSB,N,,Tag had come off in trap. Fish showed tag scars. Same tag was re-implanted in fish. Fish swam away well with no concerns. Trap reset in same general location. Old bait removed on 10/19/10.,,,,,,,,,,,,,,,,,,,,,,,,,,,,,,,,,,,,,,
H-7,15-Oct-10,1250,19-Oct-10,1249,10U,477324,5986419,Hoop Trap L, 2 Pieces of Sockeye ,15.0,8,2,Y,1,520,1.7,220,Y,Orange FWPG 2189,N,,L,N,ROSB,N,,"Trap needed repair- Hoop off of rebar. Old bait removed 10/19/10. Trap reset in same general location, fish released without incident.",,,,,,,,,,,,,,,,,,,,,,,,,,,,,,,,,,,,,,
H-8,15-Oct-10,1350,19-Oct-10,1413,10U,477693,5986995,Hoop Trap L, 2 Pieces of Sockeye ,13.0,8,2,N,0,,,,,,,,,,,,,Old bait removed on 10/19/10. Trap reset in same general location.,NSC,2,0,260,105,,,,CAS,1,0,60,,,,,,,,,,,,,,,,,,,,,,,,,,
H-9,15-Oct-10,1134,19-Oct-10,1058,10U,475374,5986224,Hoop Trap L, 3 Pieces of Sockeye ,5.3,8,2,N,0,,,,,,,,,,,,,Old bait removed on 10/19/10. Trap had lost fastener-hoop disconnected from rebar. Fixed trap. Trap reset in same general location.,CAS,1,0,80,,,,,,,,,,,,,,,,,,,,,,,,,,,,,,,,,,
H-10,15-Oct-10,1451,19-Oct-10,1503,10U,478643,5987258,Hoop Trap L, 2 Pieces of Sockeye ,11.0,8,2,N,0,,,,,,,,,,,,,Old bait removed on 10/19/10. Trap reset in same general location.,NSC,2,0,160,115,,,,CAS,5,0,85,80,70,80,69,,,,,,,,,,,,,,,,,,,,,,
H-11,15-Oct-10,1140,19-Oct-10,1106,10U,475818,5986248,Hoop Trap L, 2 Pieces of Sockeye ,7.9,8,2,N,0,,,,,,,,,,,,,Old bait removed on 10/19/10. Trap reset in same general location.,NSC,1,0,170,,,,,,,,,,,,,,,,,,,,,,,,,,,,,,,,,,
H-12,15-Oct-10,1336,19-Oct-10,1439,10U,477617,5986578,Hoop Trap L, 2 Pieces of Sockeye ,15.0,8,2,N,0,,,,,,,,,,,,,Old bait removed on 10/19/10. Trap reset in same general location.,NSC,1,0,160,,,,,CAS,4,0,60,55,70,60,,,,,,,,,,,,,,,,,,,,,,,
H-13,15-Oct-10,1434,19-Oct-10,1446,10U,478309,5987314,Hoop Trap L, 2 Pieces of Sockeye + 1 NSC ,11.0,8,2,N,0,,,,,,,,,,,,,Old bait removed on 10/19/10. Trap reset in same general location.,NSC,7,0,140,110,125,149,123,CAS,5,0,80,80,85,70,60,,,,,,,,,,,,,,,,,,,,,,
H-14,15-Oct-10,1320,19-Oct-10,1338,10U,477575,5986580,Hoop Trap L, 2 Pieces of Sockeye + 1 NSC ,15.0,8,2,N,0,,,,,,,,,,,,,Old bait removed on 10/19/10. Trap reset in same general location.,NSC,1,0,130,,,,,CAS,1,0,60,,,,,,,,,,,,,,,,,,,,,,,,,,
H-16,15-Oct-10,1108,19-Oct-10,1036,10U,474590,5986063,Hoop Trap L, 4 Pieces of Sockeye ,2.0,8,2,N,0,,,,,,,,,,,,,Old bait removed on 10/19/10. Trap relocated to deeper water out of weeds.,NSC,25,0,110,85,105,75,70,CAS,2,0,70,25,,,,,,,,,,,,,,,,,,,,,,,,,
H-17,15-Oct-10,1127,19-Oct-10,1052,10U,474925,5986226,Hoop Trap L, 2 Pieces of Sockeye ,4.8,8,2,N,0,,,,,,,,,,,,,Old bait removed on 10/19/10. Trap reset in same general location.,CAS,3,0,75,76,85,,,,,,,,,,,,,,,,,,,,,,,,,,,,,,,,
H-18,15-Oct-10,1229,19-Oct-10,1154,10U,477082,5986176,Hoop Trap L, 1 Pieces of Sockeye + 2 NSC ,15.0,8,2,Y,1,690,2.9,290,Y,Orange FWPG 2190,N,,L,N,ROSB,N,,Old bait removed on 10/19/10. Trap reset in same general location. Burbot released.,,,,,,,,,,,,,,,,,,,,,,,,,,,,,,,,,,,,,,
H-19,15-Oct-10,1155,19-Oct-10,1144,10U,476474,5986329,Hoop Trap L, 1 Pieces of Sockeye + 2 NSC ,11.0,8,2,N,0,,,,,,,,,,,,,Old bait removed on 10/19/10. Trap reset in same general location. Trap had separated at the rebar hoop connection. Repair was made and trap was set.,NSC,4,0,160,145,150,90,,CAS,1,0,70,,,,,,,,,,,,,,,,,,,,,,,,,,
H-20,15-Oct-10,1120,19-Oct-10,1131,10U,476750,5986392,Hoop Trap L, 1 Pieces of Sockeye + 2 NSC ,13.0,8,2,N,0,,,,,,,,,,,,,Old bait removed on 10/19/10. Trap reset in same general location. ,NSC,4,0,150,140,145,130,,,,,,,,,,,,,,,,,,,,,,,,,,,,,,,
H-22,15-Oct-10,1308,19-Oct-10,1347,10U,477243,5986635,Hoop Trap L, 2 Pieces of Sockeye ,11.0,8,2,N,0,,,,,,,,,,,,,Old bait removed on 10/19/10. Trap reset in same general location.,NSC,14,0,250,360,190,270,180,,,,,,,,,,,,,,,,,,,,,,,,,,,,,,
H-23,15-Oct-10,1213,19-Oct-10,1137,10U,476904,5986259,Hoop Trap L, 2 Pieces of Sockeye + 1 NSC ,15.0,8,2,N,0,,,,,,,,,,,,,Old bait removed on 10/19/10. Trap reset in same general location.,NSC,3,0,150,130,90,,,CAS,1,0,65,,,,,,,,,,,,,,,,,,,,,,,,,,
H-24,15-Oct-10,1427,19-Oct-10,1355,10U,477430,5986867,Hoop Trap L, 2 Pieces of Sockeye ,14.0,8,2,N,0,,,,,,,,,,,,,Old bait removed on 10/19/10. Trap reset in same general location. Trap repaired hoop separated from rebar.,NSC,2,0,135,115,,,,CAS,1,0,60,,,,,,,,,,,,,,,,,,,,,,,,,,
H-25,15-Oct-10,1342,19-Oct-10,1407,10U,477611,5986795,Hoop Trap L, 2 Pieces of Sockeye ,14.0,8,2,N,0,,,,,,,,,,,,,Old bait removed on 10/19/10. Trap reset in same general location.,NSC,1,0,130,,,,,CAS,5,0,75,79,84,74,80,,,,,,,,,,,,,,,,,,,,,,
H-26,15-Oct-10,1240,19-Oct-10,1238,10U,477061,5986647,Hoop Trap L, 3 Pieces of Sockeye + 1 NSC ,12.0,8,2,N,0,,,,,,,,,,,,,Old bait removed on 10/19/10. Trap reset in same general location. Some bi-catch kept for bait.,NSC,11,0,150,165,130,105,160,CAS,3,0,85,65,79,,,,,,,,,,,,,,,,,,,,,,,,
H-27,15-Oct-10,1324,19-Oct-10,1302,10U,477399,5986468,Hoop Trap L, 1 Piece of Sockeye + 3 Pieces NSC ,15.0,8,2,N,0,,,,,,,,,,,,,Old bait removed on 10/19/10. Trap reset in same general location. ,NSC,1,0,130,,,,,,,,,,,,,,,,,,,,,,,,,,,,,,,,,,
H-28,15-Oct-10,1417,19-Oct-10,1432,10U,477779,5987237,Hoop Trap L, 2 Pieces of Sockeye + 1 NSC ,2.0,8,2,N,0,,,,,,,,,,,,,Old bait removed and fresh bait added on 10/19/10. Trap reset in same general location. ,NSC,4,0,240,240,175,130,,,,,,,,,,,,,,,,,,,,,,,,,,,,,,,
H-29,15-Oct-10,1118,19-Oct-10,1046,10U,474749,5986196,Hoop Trap L, 3 Pieces of Sockeye ,4.9,8,2,N,0,,,,,,,,,,,,,Old bait removed on 10/19/10. Trap reset in same general location. ,CAS,1,0,75,,,,,,,,,,,,,,,,,,,,,,,,,,,,,,,,,,
H-30,15-Oct-10,1439,19-Oct-10,1453,10U,478492,5987555,Hoop Trap L, 3 Pieces of Sockeye ,4.2,8,2,N,0,,,,,,,,,,,,,Old bait removed on 10/19/10. Trap reset in same general location. ,NSC,3,0,140,90,85,,,CAS,6,0,65,65,75,70,70,,,,,,,,,,,,,,,,,,,,,,
H-31,15-Oct-10,1404,19-Oct-10,1421,10U,477468,5987345,Hoop Trap L, 1 Piece of Sockeye + 2 NSC ,4.3,8,2,N,0,,,,,,,,,,,,,Old bait removed on 10/19/10. Trap reset in same general location. ,NSC,2,0,125,135,,,,CAS,1,0,80,,,,,,,,,,,,,,,,,,,,,,,,,,
H-7,19-Oct-10,1257,25-Oct-10,1148,10U,477478,5986444,Hoop Trap L, 2 Pieces of Smoked Sockeye ,15.0,9,2,Y,1,830,4.05,370,N,,,,L,N,,Y,132,No Comment,,,,,,,,,,,,,,,,,,,,,,,,,,,,,,,,,,,,,,
H-8,19-Oct-10,1417,25-Oct-10,1309,10U,477534,5986974,Hoop Trap L, 2 Pieces of Smoked Sockeye ,14.0,9,2,N,0,,,,,,,,,,,,,Old bait removed on 10/25/10 Trap reset in same general location. Trap was untied at tail end upon retreival.,CAS,2,0,,,,,,,,,,,,,,,,,,,,,,,,,,,,,,,,,,,
H-9,19-Oct-10,1103,25-Oct-10,0952,10U,475426,5986182,Hoop Trap L, 1 Pieces of Smoked Sockeye + 1 Piece of BB ,6.6,9,2,Y,1,410,0.6,160,N,,N,,L,N,,Y,130,Old bait removed on 10/25/10 Trap reset in same general location.,,,,,,,,,,,,,,,,,,,,,,,,,,,,,,,,,,,,,,
H-10,19-Oct-10,1506,25-Oct-10,1356,10U,478685,5987262,Hoop Trap L, 2 Pieces of Smoked Sockeye ,12.0,9,2,Y,1,470,0.89,190,Y,Orange FWPG 2182,N,,L,N,,N,,Old bait removed on 10/25/10 Trap reset in same general location.,,,,,,,,,,,,,,,,,,,,,,,,,,,,,,,,,,,,,,
H-11,19-Oct-10,1110,25-Oct-10,1011,10U,475838,5986187,Hoop Trap L, 2 Pieces of Smoked Sockeye ,9.0,9,2,N,0,,,,,,,,,,,,,Old bait removed on 10/25/10 Trap reset in same general location.,NSC,2,0,165,129,,,,CAS,1,0,80,,,,,,,,,,,,,,,,,,,,,,,,,,
H-12,19-Oct-10,1442,25-Oct-10,1239,10U,477632,5986613,Hoop Trap L, 1 NSC + 1 Piece of Smoked Salmon ,15.0,9,2,N,0,,,,,,,,,,,,,Old bait removed on 10/25/10 Trap reset in same general location.,CSU,1,0,440,,,,,CAS,4,0,,,,,,,,,,,,,,,,,,,,,,,,,,,
H-13,19-Oct-10,1450,25-Oct-10,1334,10U,478341,5987321,Hoop Trap L, 2 Pieces of Smoked Sockeye ,10.0,9,2,Y,1,460,0.92,220,Y,Orange FWPG 2183,N,,L,N,,N,,o Comment,,,,,,,,,,,,,,,,,,,,,,,,,,,,,,,,,,,,,,
H-14,19-Oct-10,1341,25-Oct-10,1233,10U,477501,5986586,Hoop Trap L, 2 Pieces of Smoked Sockeye ,15.0,9,2,N,0,,,,,,,,,,,,,Old bait removed on 10/25/10 Trap reset in same general location.,CAS,4,0,,,,,,,,,,,,,,,,,,,,,,,,,,,,,,,,,,,
H-16,19-Oct-10,1041,25-Oct-10,0933,10U,474695,5986058,Hoop Trap L, 2 Pieces of Smoked Sockeye ,6.2,9,2,N,0,,,,,,,,,,,,,Trap relocated to deeper water (out of weeds). Old bait removed.,CAS,6,0,70,55,70,90,70,,,,,,,,,,,,,,,,,,,,,,,,,,,,,,
H-17,19-Oct-10,1055,25-Oct-10,0947,10U,475130,5986193,Hoop Trap L, 2 Pieces of Smoked Sockeye ,5.5,9,2,N,0,,,,,,,,,,,,,Old bait removed on 10/25/10 Trap reset in same general location. ,CAS,4,0,65,80,90,90,,,,,,,,,,,,,,,,,,,,,,,,,,,,,,,
H-18,19-Oct-10,1202,25-Oct-10,1128,10U,477234,5986263,Hoop Trap L, 2 Pieces of Smoked Sockeye ,15.0,9,2,Y,1,560,1.29,230,N,,N,,L,N,,Y,131,Old bait removed on 10/25/10 Trap reset in same general location. Sucker kept for bait.,CSU,1,0,390,,,,,,,,,,,,,,,,,,,,,,,,,,,,,,,,,,
H-19,19-Oct-10,1150,25-Oct-10,1025,10U,476476,5986364,Hoop Trap L, 2 Pieces of Smoked Sockeye ,10.0,9,2,N,0,,,,,,,,,,,,,Old bait removed on 10/25/10 Trap reset in same general location. ,CAS,6,0,,,,,,NSC,2,0,145,120,,,,,,,,,,,,,,,,,,,,,,,,,
H-20,19-Oct-10,1134,25-Oct-10,1032,10U,476784,5986404,Hoop Trap L, 2 Pieces of Smoked Sockeye ,15.0,9,2,Y,1,490,0.91,200,Y,Orange FWPG 2188,N,,L,N,ROSB,N,,Old bait removed on 10/25/10 Trap reset in same general location.  Fish released without incident. Bi-catch kept for bait.,NSC,1,0,280,,,,,,,,,,,,,,,,,,,,,,,,,,,,,,,,,,
H-21,19-Oct-10,1120,25-Oct-10,1018,10U,476177,5986246,Hoop Trap L, 2 Pieces of Smoked Sockeye ,7.4,9,2,N,0,,,,,,,,,,,,,Old bait removed on 10/25/10 Trap moved up the shoreline.,,,,,,,,,,,,,,,,,,,,,,,,,,,,,,,,,,,,,,
H-22,19-Oct-10,1352,25-Oct-10,1224,10U,477272,5986903,Hoop Trap L, 2 Pieces of Smoked Sockeye ,12.0,9,2,N,0,,,,,,,,,,,,,Old bait removed on 10/25/10 Trap reset in same general location. Trap dislocated from rebar at tail end of hoop. Trap repaired.,CAS,4,0,,,,,,,,,,,,,,,,,,,,,,,,,,,,,,,,,,,
H-23,19-Oct-10,1140,25-Oct-10,1100,10U,476946,5986275,Hoop Trap L, 2 Pieces of Smoked Sockeye ,15.0,9,2,Y,1,490,1.05,210,Y,Orange FWPG 2187,N,,L,Y,RWP,N,,Old bait removed on 10/25/10 Trap reset in same general location. Fish returned to surface after release. Fish was punctured air was released. Fish swam away without further incident.,,,,,,,,,,,,,,,,,,,,,,,,,,,,,,,,,,,,,,
H-24,19-Oct-10,1403,25-Oct-10,1253,10U,477488,5986825,Hoop Trap L, 2 Pieces of Smoked Sockeye ,14.0,9,2,Y,1,415,0.71,200,N,,N,,L,N,,Y,133,Old biat removed on 10/25/10. Trap set in same general location.,CAS,2,0,,,,,,,,,,,,,,,,,,,,,,,,,,,,,,,,,,,
H-25,19-Oct-10,1410,25-Oct-10,1248,10U,477570,5986794,Hoop Trap L, 2 Pieces of Smoked Sockeye + 1 Piece of BB ,15.0,9,2,N,0,,,,,,,,,,,,,Old bait removed on 10/25/10 Trap reset in same general location. Trap was not tied properly and tail was open when retrieved.,CAS,2,0,,,,,,,,,,,,,,,,,,,,,,,,,,,,,,,,,,,
H-26,19-Oct-10,1243,25-Oct-10,1117,10U,477082,5986674,Hoop Trap L, 3 Pieces of Smoked Sockeye ,12.0,9,2,N,0,,,,,,,,,,,,,Old bait removed on 10/25/10 Trap reset in same general location.,CAS,8,0,,,,,,,,,,,,,,,,,,,,,,,,,,,,,,,,,,,
H-27,19-Oct-10,1306,25-Oct-10,1140,10U,477329,5986427,Hoop Trap L, 1 Pieces of Smoked Sockeye + 1 Piece of BB ,15.0,9,2,N,0,,,,,,,,,,,,,Old bait removed on 10/25/10 Trap reset in same general location.,CAS,5,0,,,,,,,,,,,,,,,,,,,,,,,,,,,,,,,,,,,
H-28,19-Oct-10,1435,25-Oct-10,1327,10U,477799,5987214,Hoop Trap L, 2 Pieces of Smoked Sockeye ,5.2,9,2,N,0,,,,,,,,,,,,,Old bait removed on 10/25/10 Trap reset in same general location.,,,,,,,,,,,,,,,,,,,,,,,,,,,,,,,,,,,,,,
H-29,19-Oct-10,1050,25-Oct-10,0941,10U,474805,5986202,Hoop Trap L, 2 Pieces of Smoked Sockeye ,5.3,9,2,N,0,,,,,,,,,,,,,Old bait removed on 10/25/10 Trap reset in same general location.,CAS,2,0,80,40,,,,,,,,,,,,,,,,,,,,,,,,,,,,,,,,,
H-30,19-Oct-10,1500,25-Oct-10,1350,10U,478538,5987621,Hoop Trap L," 2 Pieces of Smoked Sockeye(1 smoked,1 head) ",2.6,9,2,N,0,,,,,,,,,,,,,Old bait removed on 10/25/10 Trap reset in same general location.,CAS,3,0,,,,,,NSC,4,0,165,130,115,130,,,,,,,,,,,,,,,,,,,,,,,
H-31,19-Oct-10,1424,25-Oct-10,1317,10U,477477,5987346,Hoop Trap L, 2 Pieces of Smoked Sockeye ,3.7,9,2,N,0,,,,,,,,,,,,,Old bait removed on 10/25/10 Trap reset in same general location. NSC kept for bait.,CAS,7,0,,,,,,NSC,3,0,210,125,190,,,RSC,1,0,80,,,,,,,,,,,,,,,,,,
H-21,25-Oct-10,1022,29-Oct-10,1007,10U,476164,5986175,Hoop Trap L, 2 Pieces of NSC ,6.6,7,3,N,0,,,,,,,,,,,,,Trap pulled for season. NFC,,,,,,,,,,,,,,,,,,,,,,,,,,,,,,,,,,,,,,
H-7,25-Oct-10,1152,29-Oct-10,1107,10U,477453,5986415,Hoop Trap L, 2 Pieces of Sucker ,15.0,7,3,Y,1,460,0.81,180,N,,N,,L,Y,,Y,137,Trap pulled for the season. Fish suffered extreme decompression stress.,,,,,,,,,,,,,,,,,,,,,,,,,,,,,,,,,,,,,,
H-8,25-Oct-10,1314,29-Oct-10,1146,10U,477482,5986983,Hoop Trap L, 2 Pieces of CSU ,13.0,8,3,N,0,,,,,,,,,,,,,Trap pulled for the season. NFC,,,,,,,,,,,,,,,,,,,,,,,,,,,,,,,,,,,,,,
H-9,25-Oct-10,1006,29-Oct-10,0952,10U,475322,5986049,Hoop Trap L, 1 NSC Minnow 150mm + 1  Piece of Sucker ,7.7,7,3,Y,1,450,0.86,170,Y,Orange FWPG 2176,N,,L,N,ROSB,N,,Trap pulled for the season. Fish released without incident.,,,,,,,,,,,,,,,,,,,,,,,,,,,,,,,,,,,,,,
H-10,25-Oct-10,1401,29-Oct-10,1242,10U,478617,5987269,Hoop Trap L, 3 Pieces of NSC ,11.0,8,3,N,0,,,,,,,,,,,,,Trap pulled for the season. NFC,,,,,,,,,,,,,,,,,,,,,,,,,,,,,,,,,,,,,,
H-11,25-Oct-10,1015,29-Oct-10,1003,10U,475872,5986295,Hoop Trap L, 2 Pieces of Sucker ,8.0,7,3,N,0,,,,,,,,,,,,,Trap pulled for the season. NFC,,,,,,,,,,,,,,,,,,,,,,,,,,,,,,,,,,,,,,
H-12,25-Oct-10,1245,29-Oct-10,1138,10U,477588,5986590,Hoop Trap L, 2 Pieces of NSC + 1 Piece of Sucker ,15.0,7,3,N,0,,,,,,,,,,,,,Trap pulled for the season. NFC,,,,,,,,,,,,,,,,,,,,,,,,,,,,,,,,,,,,,,
H-13,25-Oct-10,1337,29-Oct-10,1228,10U,477984,5988744,Hoop Trap L, 2 Pieces of NSC + 1 Piece of CSU ,11.0,8,3,Y,2 of 2,730,2.58,310,Y,Orange FWPG 2339,N,,L,N,ROSB,N,,See above comments.,,,,,,,,,,,,,,,,,,,,,,,,,,,,,,,,,,,,,,
H-13,25-Oct-10,1337,29-Oct-10,1228,10U,477984,5988744,Hoop Trap L, 2 Pieces of NSC + 1 Piece of CSU ,11.0,8,3,Y,1 of 2,665,2.66,330,Y,Orange FWPG 2341,N,,L,N,ROSB,N,,Trap pulled for the season. Both fish released without incident.,,,,,,,,,,,,,,,,,,,,,,,,,,,,,,,,,,,,,,
H-14,25-Oct-10,1237,29-Oct-10,1116,10U,477448,5986589,Hoop Trap L, 2 Pieces of NSC + 1 Piece of Sucker ,15.0,8,3,N,0,,,,,,,,,,,,,Trap pulled for season. NFC,,,,,,,,,,,,,,,,,,,,,,,,,,,,,,,,,,,,,,
H-16,25-Oct-10,0939,29-Oct-10,0940,10U,474703,5986147,Hoop Trap L, 2 Pieces of Smoked Sockeye + 1 Sucker ,3.1,7,3,N,0,,,,,,,,,,,,,Trap pulled for season. NFC,,,,,,,,,,,,,,,,,,,,,,,,,,,,,,,,,,,,,,
H-17,25-Oct-10,0950,29-Oct-10,0949,10U,475099,5986200,Hoop Trap L, 2 Pieces of LSU ,5.2,7,3,N,0,,,,,,,,,,,,,Trap pulled for season. NFC,,,,,,,,,,,,,,,,,,,,,,,,,,,,,,,,,,,,,,
H-18,25-Oct-10,1137,29-Oct-10,1048,10U,477194,5986238,Hoop Trap L, 2 Pieces of Sucker ,15.0,7,3,N,0,,,,,,,,,,,,,Trap pulled for season. NFC,,,,,,,,,,,,,,,,,,,,,,,,,,,,,,,,,,,,,,
H-19,25-Oct-10,1030,29-Oct-10,1012,10U,476514,5986359,Hoop Trap L, 2 Pieces of NSC + 1 Piece of Sucker ,11.0,7,3,N,0,,,,,,,,,,,,,Trap pulled for season. NFC,,,,,,,,,,,,,,,,,,,,,,,,,,,,,,,,,,,,,,
H-20,25-Oct-10,1037,29-Oct-10,1023,10U,476849,5986380,Hoop Trap L, 2 Pieces of Smoked Sockeye ,14.0,9,3,N,0,,,,,,,,,,,,,Trap pulled for season. NFC,,,,,,,,,,,,,,,,,,,,,,,,,,,,,,,,,,,,,,
H-22,25-Oct-10,1230,29-Oct-10,1119,10U,477242,5986800,Hoop Trap L, 2 Pieces of LSU ,13.0,8,3,Y,1,570,1.48,230,N,,N,,L,N,ROSB,N,,Trap pulled for season. Fish was tagged but tag fell out upon release.,,,,,,,,,,,,,,,,,,,,,,,,,,,,,,,,,,,,,,
H-23,25-Oct-10,1104,29-Oct-10,1026,10U,476942,5986206,Hoop Trap L, 2 Pieces of NSC + 1 Piece of Smoked Sockeye ,15.0,7,3,Y,1,635,1.98,290,N,,N,,L,Y,,Y,136,Trap pulled for season. Fish suffering from decompression stress eyes totally bulged out. Fish was sacrificed.,,,,,,,,,,,,,,,,,,,,,,,,,,,,,,,,,,,,,,
H-24,25-Oct-10,1256,29-Oct-10,1127,10U,477429,5986811,Hoop Trap L, 2 Pieces of CSU ,14.0,8,3,Y,1,590,1.89,280,Y,Orange FWPG 2343,N,,L,N,ROSB,N,,Trap pulled for season. Fish released without incident.,,,,,,,,,,,,,,,,,,,,,,,,,,,,,,,,,,,,,,
H-25,25-Oct-10,1258,29-Oct-10,1143,10U,477615,5986800,Hoop Trap L, 2 Pieces of Sucker ,15.0,8,3,N,0,,,,,,,,,,,,,Trap pulled for season. NFC,,,,,,,,,,,,,,,,,,,,,,,,,,,,,,,,,,,,,,
H-26,25-Oct-10,1122,29-Oct-10,1039,10U,477065,5986617,Hoop Trap L, 2 Pieces of NSC ,13.0,7,3,Y,1,465,0.83,180,N,,Y,Orange FWPG 2128,L,N,ROSB,N,,Trap pulled for season. Tag scar not infected. Fish looked healthy. Fish released without incident.,,,,,,,,,,,,,,,,,,,,,,,,,,,,,,,,,,,,,,
H-27,25-Oct-10,1145,29-Oct-10,1052,10U,477305,5986430,Hoop Trap L, 2 Pieces of Sucker ,15.0,7,3,Y,1,695,2.28,310,Y,Orange FWPG 2344,N,,L,N,ROSB,N,,Trap pulled for season.  Fish released without incident.,,,,,,,,,,,,,,,,,,,,,,,,,,,,,,,,,,,,,,
H-28,25-Oct-10,1331,29-Oct-10,1221,10U,477911,5987261,Hoop Trap L, 2 Pieces of NSC + 1 Piece of CSU ,2.8,8,3,Y,1,420,0.67,170,Y,Orange FWPG 2342,N,,L,N,ROSB,N,,Trap pulled for season.  Fish released without incident.,,,,,,,,,,,,,,,,,,,,,,,,,,,,,,,,,,,,,,
H-29,25-Oct-10,0944,29-Oct-10,0945,10U,474801,5986190,Hoop Trap L, 2 Pieces of LSU ,5.6,7,3,N,0,,,,,,,,,,,,,Trap pulled for season.  NFC,,,,,,,,,,,,,,,,,,,,,,,,,,,,,,,,,,,,,,
H-30,25-Oct-10,1354,29-Oct-10,1238,10U,478639,5987638,Hoop Trap L, 2 Pieces of CSU  ,4.2,8,3,N,0,,,,,,,,,,,,,Trap pulled for season.  NFC,,,,,,,,,,,,,,,,,,,,,,,,,,,,,,,,,,,,,,
H-31,25-Oct-10,1324,29-Oct-10,1218,10U,477492,5987339,Hoop Trap L, 2 Pieces of NSC + 1 Piece of LSU ,4.3,8,3,N,0,,,,,,,,,,,,,Trap pulled for season.  NFC,,,,,,,,,,,,,,,,,,,,,,,,,,,,,,,,,,,,,,
H-15,27-Oct-10,1116,29-Oct-10,1102,10U,477314,5986543,Hoop Trap L, 3 Pieces of Smoked Sockeye. ,15.0,9,3,N,0,,,,,,,,,,,,,Trap pulled for the season.,,,,,,,,,,,,,,,,,,,,,,,,,,,,,,,,,,,,,,
H-15,13-Oct-10,0935,10/27/10,1110,10U,477145,5986593,Hoop Trap L, 3 Chunks of NSC ,14.0,12,2,N,0,,,,,,,,,,,,,"Trap float broke off. will need to recover. Did not recover on this date, 10/17/10. Trap recovered on 10/27/10",,,,,,,,,,,,,,,,,,,,,,,,,,,,,,,,,,,,,,
GN-1,19-Oct-10,0830,20-Oct-10,0910,10U,476652,5986442,Gill Net, N/A ,2.5 ,9,2,Y,1,440,0.57,190,N,,N,,D,,,Y,129,Gill net was set for bait collection incidental BB catch. Suckers used for bait.,,,,,,,,,,,,,,,,,,,,,,,,,,,,,,,,,,,,,,
GN-1,20-Oct-10,0830,25-Oct-10,0917,10U,476669,5986461,Gill Net, N/A ,2.5,9,2,N,0,,,,,,,,,,,,,Western Grebe caught in trap. Trap reset in same general location.,LSU,3,3,340,320,330,350,330,,,,,,,,,,,,,,,,,,,,,,,,,,,,,,
GN-1,25-Oct-10,0928,26-Oct-10,0855,10U,476669,5986461,Gill Net, N/A ,1.4,7,3,N,0,,,,,,,,,,,,,N/A,NSC,1,0,470,,,,,LSU,1,0,390,,,,,,,,,,,,,,,,,,,,,,,,,,
GN-1,26-Oct-10,0858,29-Oct-10,1018,10U,476669,5986461,Gill Net, N/A ,1.4,8,3,N,0,,,,,,,,,,,,,Net pulled for the season. First white fish caught during study-released.,Whitefish,1,0,290,,,,,,,,,,,,,,,,,,,,,,,,,,,,,,,,,,
1,02-Jun-10,1528,5-Jun-10,1340,10U,477023,5986419,Cod Trap, NSC ,15.0,12,2,N,0,,,,,,,,,,,,,"NFC, no fresh bait added. Trap reset in same general location.",,,,,,,,,,,,,,,,,,,,,,,,,,,,,,,,,,,,,,
2,02-Jun-10,1249,5-Jun-10,1227,10U,476739,5985416,Cod Trap, NSC ,9.2,12,2,N,0,,,,,,,,,,,,,"NFC, fresh bait added. Trap reset in same general location.",,,,,,,,,,,,,,,,,,,,,,,,,,,,,,,,,,,,,,
3,02-Jun-10,1046,5-Jun-10,0928,10U,474439,5985708,Cod Trap, NSC ,3.1,12,2,Y,1,760,1.84,240,N,,Y,Orange FWPG 02409,L,N,ROSB,N,,"Recaptured fish #02409. Old bait removed, fresh bait added. Trap reset in same general location.",,,,,,,,,,,,,,,,,,,,,,,,,,,,,,,,,,,,,,
4,02-Jun-10,1029,5-Jun-10,0907,10U,474586,5985470,Cod Trap, NSC ,3.2,12,4,N,0,,,,,,,,,,,,,"NFC. Trap relocated. Old bait removed, fresh bait added.",,,,,,,,,,,,,,,,,,,,,,,,,,,,,,,,,,,,,,
5,02-Jun-10,1037,5-Jun-10,0945,10U,474457,5985610,Cod Trap, NSC ,2.5,12,2,Y,1,400,0.62,160,N,,Y,Orange FWPG 02978,L,N,ROSB,N,,"Recaptured fish #02978 release at boat side.Trap reset in same general location. Old bait removed, fresh bait added.",,,,,,,,,,,,,,,,,,,,,,,,,,,,,,,,,,,,,,
6,02-Jun-10,1018,5-Jun-10,0855,10U,475066,5985536,Cod Trap, NSC ,10.0,12,2,N,0,,,,,,,,,,,,,"NFC, trap relocated east, fresh bait added. Old bait removed.",,,,,,,,,,,,,,,,,,,,,,,,,,,,,,,,,,,,,,
7,02-Jun-10,1256,5-Jun-10,1234,10U,476642,5985810,Cod Trap, NSC ,16.0,12,2,N,0,,,,,,,,,,,,,"NFC, trap relocated toward N side of lake. Fresh bait added.",,,,,,,,,,,,,,,,,,,,,,,,,,,,,,,,,,,,,,
8,02-Jun-10,1309,5-Jun-10,1241,10U,476835,5985912,Cod Trap, NSC ,16.0,12,2,N,0,,,,,,,,,,,,,"NFC, trap set in same general location.",,,,,,,,,,,,,,,,,,,,,,,,,,,,,,,,,,,,,,
9,02-Jun-10,1313,5-Jun-10,1247,10U,475960,5985996,Cod Trap, NSC ,16.0,12,2,N,0,,,,,,,,,,,,,"NFC, Trap set in same general location. Fresh bait added.",,,,,,,,,,,,,,,,,,,,,,,,,,,,,,,,,,,,,,
10,02-Jun-10,1457,5-Jun-10,1252,10U,476924,5985820,Cod Trap, NSC ,16.0,12,2,N,0,,,,,,,,,,,,,"NFC, Trap set in same general location. Fresh bait added.",,,,,,,,,,,,,,,,,,,,,,,,,,,,,,,,,,,,,,
11,02-Jun-10,1400,5-Jun-10,1258,10U,477145,5985875,Cod Trap, NSC ,16.0,12,2,Y,1,600,1.57,310,Y,Orange FWPG 02951,N,,L,Y,RRT,N,,Tag 02951 put down in release trap at 1301 released at 1311. Fish was not observed surfacing in release area. Fresh bait added.,,,,,,,,,,,,,,,,,,,,,,,,,,,,,,,,,,,,,,
12,02-Jun-10,1406,5-Jun-10,1334,10U,476868,5986478,Cod Trap, NSC ,13.0,12,2,N,0,,,,,,,,,,,,,NFC. Trap reset in same general location. No fresh bait added.,NSC,1,540,,,,,,,,,,,,,,,,,,,,,,,,,,,,,,,,,,,
13,02-Jun-10,1432,5-Jun-10,1325,10U,477259,5986081,Cod Trap, NSC ,16.0,12,2,Y,1,510,1.3,230,Y,Orange FWPG 02383,N,,L,N,ROSB,N,,"Tag #2383 released over side of boat, no bait added. Fish did not show signs of gassing and was not observed surfacing. Set trap in same general area.",,,,,,,,,,,,,,,,,,,,,,,,,,,,,,,,,,,,,,
14,02-Jun-10,1427,5-Jun-10,1319,10U,477460,5985990,Cod Trap, NSC ,11.0,12,2,N,0,,,,,,,,,,,,,"NFC, trap reset in same general location, no fresh bait added.",,,,,,,,,,,,,,,,,,,,,,,,,,,,,,,,,,,,,,
15,02-Jun-10,1534,5-Jun-10,1346,10U,477387,5986528,Cod Trap, NSC ,16.0,12,2,Y,1,570,1.23,230,Y,Orange FWPG 02384,N,,L,N,ROSB,N,,Released over side of boat. Trap reset in same general location.,,,,,,,,,,,,,,,,,,,,,,,,,,,,,,,,,,,,,,
1,20-May-10,1349,21-May-10,0819,10U,476570,5985722,Cod Trap, Sockeye ,16.0,10,3,Y,1,805,3.7,330,Y,Orange FWPG 02425,N,,L,N,ROSB,N,,"Fish released, no signs of gassing.Bait not replenished.",,,,,,,,,,,,,,,,,,,,,,,,,,,,,,,,,,,,,,
2,20-May-10,1359,21-May-10,0831,10U,476674,5985611,Cod Trap, Sockeye ,13.6,10,3,N,0,,,,,,,,,,,,,"Trap set in smae general location, no bait added.",,,,,,,,,,,,,,,,,,,,,,,,,,,,,,,,,,,,,,
3,20-May-10,1404,21-May-10,0838,10U,476763,5985522,Cod Trap, Sockeye ,14.9,10,3,N,0,,,,,,,,,,,,,Trap was set in same general location. NFC. Bait not replenished.,,,,,,,,,,,,,,,,,,,,,,,,,,,,,,,,,,,,,,
4,20-May-10,1410,21-May-10,0840,10U,476844,5985596,Cod Trap, Sockeye ,13.8,10,3,N,0,,,,,,,,,,,,,Trap reset in same location. NFC. No bait added.,,,,,,,,,,,,,,,,,,,,,,,,,,,,,,,,,,,,,,
5,20-May-10,1415,21-May-10,0847,10U,476903,5985487,Cod Trap, Sockeye ,12.5,10,3,N,0,,,,,,,,,,,,,"Reset same location, Bait same NFC.",,,,,,,,,,,,,,,,,,,,,,,,,,,,,,,,,,,,,,
6,20-May-10,1422,21-May-10,0852,10U,477001,5985527,Cod Trap, Sockeye ,10.1,10,3,N,0,,,,,,,,,,,,,"Location same, bait same, NFC.",,,,,,,,,,,,,,,,,,,,,,,,,,,,,,,,,,,,,,
7,20-May-10,1428,21-May-10,0900,10U,476936,5985669,Cod Trap, Sockeye ,14.8,10,3,N,0,,,,,,,,,,,,,"NFC, Reset same location. Bait not replenished.",,,,,,,,,,,,,,,,,,,,,,,,,,,,,,,,,,,,,,
8,20-May-10,1436,21-May-10,0904,10U,477069,5985574,Cod Trap, Sockeye ,5.0,10,3,N,0,,,,,,,,,,,,,Bait not replenished. NFC. Set in deeper water.> 05/21/10,,,,,,,,,,,,,,,,,,,,,,,,,,,,,,,,,,,,,,
9,20-May-10,1448,21-May-10,0912,10U,477050,5985748,Cod Trap, Sockeye ,15.0,10,3,N,0,,,,,,,,,,,,,NFC- Trap reset in same general location. Bait not replenished.,,,,,,,,,,,,,,,,,,,,,,,,,,,,,,,,,,,,,,
10,20-May-10,1456,21-May-10,0917,10U,477186,5985785,Cod Trap, Sockeye ,14.0,10,3,N,0,,,,,,,,,,,,,Coarse fish NSC. Trap set in same general location. No fresh bait.,NSC,1,0,360,,,,,,,,,,,,,,,,,,,,,,,,,,,,,,,,,,
11,20-May-10,1501,21-May-10,0927,10U,477251,5985828,Cod Trap, Sockeye ,12.4,10,3,Y,1,560,1.62,250,Y,Orange FWPG 02424,N,,L,N,ROSB,N,,"Fish released, no signs of gassing.Bait not replenished.",,,,,,,,,,,,,,,,,,,,,,,,,,,,,,,,,,,,,,
12,20-May-10,1505,21-May-10,0953,10U,477175,5985916,Cod Trap, Sockeye ,16.0,10,3,N,0,,,,,,,,,,,,,"No fresh bait added, Trap set in same general location, NFC",,,,,,,,,,,,,,,,,,,,,,,,,,,,,,,,,,,,,,
13,20-May-10,1513,21-May-10,0937,10U,477255,5985933,Cod Trap, Sockeye ,12.2,10,3,Y,1,670,2.46,320,Y,Orange FWPG 02423,N,,L,N,ROSB,N,,"Fish released, no signs of gassing.Bait not replenished. Trap set in same general location.",,,,,,,,,,,,,,,,,,,,,,,,,,,,,,,,,,,,,,
14,20-May-10,1517,21-May-10,0958,10U,477402,5985972,Cod Trap, Sockeye ,13.8,10,3,N,0,,,,,,,,,,,,,"Trap set in smae general location, no bait added. NFC.",,,,,,,,,,,,,,,,,,,,,,,,,,,,,,,,,,,,,,
15,20-May-10,1523,21-May-10,1003,10U,477537,5986024,Cod Trap, Sockeye ,12.2,10,3,N,0,,,,,,,,,,,,,"NFC, Reset same location. No bait added.",,,,,,,,,,,,,,,,,,,,,,,,,,,,,,,,,,,,,,
16,20-May-10,1637,21-May-10,1011,10U,477785,5986147,Cod Trap, Sockeye ,9.0,10,2.7,N,0,,,,,,,,,,,,,"NFC, Reset in same general location, No bait added",,,,,,,,,,,,,,,,,,,,,,,,,,,,,,,,,,,,,,
17,20-May-10,1643,21-May-10,1015,10U,477911,5986155,Cod Trap, Sockeye ,12.9,10,2.7,N,0,,,,,,,,,,,,,"NFC, Reset in same general location, No bait added",,,,,,,,,,,,,,,,,,,,,,,,,,,,,,,,,,,,,,
18,20-May-10,1646,21-May-10,1021,10U,478034,5986198,Cod Trap, Sockeye ,13.2,10,2.7,N,0,,,,,,,,,,,,,"Caught 1 CAS. No bait added , Reset in same general location.",CAS,1,0,60,,,,,,,,,,,,,,,,,,,,,,,,,,,,,,,,,,
19,20-May-10,1651,21-May-10,1027,10U,478217,5986355,Cod Trap, Sockeye ,13.3,10,2.7,N,0,,,,,,,,,,,,,"NFC, Set in same general location, no bait added.",,,,,,,,,,,,,,,,,,,,,,,,,,,,,,,,,,,,,,
20,20-May-10,1655,21-May-10,1032,10U,478414,5986476,Cod Trap, Sockeye ,14.4,10,2.7,N,0,,,,,,,,,,,,,"NFC, Set in same general location, no bait added.",,,,,,,,,,,,,,,,,,,,,,,,,,,,,,,,,,,,,,
21,20-May-10,1700,21-May-10,1035,10U,478551,5986562,Cod Trap, Sockeye ,14.8,10,2.7,N,0,,,,,,,,,,,,,"NFC, Set in same general location, no bait added.",,,,,,,,,,,,,,,,,,,,,,,,,,,,,,,,,,,,,,
22,20-May-10,1702,21-May-10,1041,10U,478714,5986599,Cod Trap, Sockeye ,12.7,10,2.7,N,0,,,,,,,,,,,,,"NFC, Set in same general location, no bait added.",,,,,,,,,,,,,,,,,,,,,,,,,,,,,,,,,,,,,,
23,20-May-10,1706,21-May-10,1047,10U,478804,5986662,Cod Trap, Sockeye ,13.3,10,2.7,N,0,,,,,,,,,,,,,"Caught 1 CAS. No bait added , Reset in same general location.",CAS,1,0,60,,,,,,,,,,,,,,,,,,,,,,,,,,,,,,,,,,
24,20-May-10,1710,21-May-10,1052,10U,478987,5986750,Cod Trap, Sockeye ,13.3,10,2.7,N,0,,,,,,,,,,,,,"NFC, Set in same general location, no bait added.",,,,,,,,,,,,,,,,,,,,,,,,,,,,,,,,,,,,,,
25,20-May-10,1715,21-May-10,1056,10U,479197,5986759,Cod Trap, Sockeye ,11.0,10,2.7,N,0,,,,,,,,,,,,,"NFC, Set in same general location, no bait added.",,,,,,,,,,,,,,,,,,,,,,,,,,,,,,,,,,,,,,
1,21-May-10,0828,23-May-10,1404,10U,476532,5985719,Cod Trap, Sockeye ,16.0,10,1.6,N,0,,,,,,,,,,,,,"NFC, Trap relocated to the middle of the lake. Sun and clouds, no wind",,,,,,,,,,,,,,,,,,,,,,,,,,,,,,,,,,,,,,
2,21-May-10,0833,23-May-10,1410,10U,476703,5985616,Cod Trap, Sockeye ,13.9,10,1.6,N,0,,,,,,,,,,,,,Trap reset in same location. NFC. ,,,,,,,,,,,,,,,,,,,,,,,,,,,,,,,,,,,,,,
3,21-May-10,0839,23-May-10,1416,10U,476778,5985509,Cod Trap, Sockeye ,13.6,10,1.6,N,0,,,,,,,,,,,,,"NFC. No bait added, reset in same general location.",,,,,,,,,,,,,,,,,,,,,,,,,,,,,,,,,,,,,,
4,21-May-10,0842,23-May-10,1420,10U,476077,5985582,Cod Trap, Sockeye ,14.0,10,1.2,N,0,,,,,,,,,,,,,"NFC. No bait added, reset in same general location.",,,,,,,,,,,,,,,,,,,,,,,,,,,,,,,,,,,,,,
5,21-May-10,0850,23-May-10,1424,10U,476912,5985495,Cod Trap, Sockeye ,12.8,10,1.2,Y,1,510,1.35,250,Y,Orange FWPG 02420,N,,L,Y,ROSB,N,,"Fish released, was swimming upright but didn't return to depth,fish was left as is to avoid further stress, no baith added. Fish was gorged with bait of bait fish.",,,,,,,,,,,,,,,,,,,,,,,,,,,,,,,,,,,,,,
6,21-May-10,0853,23-May-10,1443,10U,476996,5985531,Cod Trap, Sockeye ,8.5,10,1.2,N,0,,,,,,,,,,,,,"NSC kept for bait, reset same location , no bait added.",NSC,1,0,360,,,,,,,,,,,,,,,,,,,,,,,,,,,,,,,,,,
7,21-May-10,0901,23-May-10,1448,10U,476968,5985673,Cod Trap, Sockeye ,15.0,10,1.2,N,0,,,,,,,,,,,,,"NFC. No bait added, reset in same general location.",,,,,,,,,,,,,,,,,,,,,,,,,,,,,,,,,,,,,,
8,21-May-10,0909,23-May-10,1457,10U,476986,5985911,Cod Trap, Sockeye ,15.8,10,1.2,Y,1,480,1.03,240,Y,Orange FWPG 02417,N,,L,N,ROSB,N,,"No bait added, reset in same general location.",,,,,,,,,,,,,,,,,,,,,,,,,,,,,,,,,,,,,,
9,21-May-10,0915,23-May-10,1613,10U,477089,5985765,Cod Trap, Sockeye ,15.5,10,1.2,N,0,,,,,,,,,,,,,Bait taken. Fresh Sockeye added. NFC. Trap reset in same general location.,,,,,,,,,,,,,,,,,,,,,,,,,,,,,,,,,,,,,,
10,21-May-10,0924,23-May-10,1617,10U,477548,5985288,Cod Trap, Sockeye ,15.0,10,1.2,N,0,,,,,,,,,,,,,"NFC. No bait added, reset in same general location.",,,,,,,,,,,,,,,,,,,,,,,,,,,,,,,,,,,,,,
11,21-May-10,0936,23-May-10,1620,10U,477253,5985856,Cod Trap, Sockeye ,13.0,10,1.2,N,0,,,,,,,,,,,,,"NFC. No bait added, reset in same general location, cloudy",,,,,,,,,,,,,,,,,,,,,,,,,,,,,,,,,,,,,,
12,21-May-10,0947,23-May-10,1625,10U,477190,5985946,Cod Trap, Sockeye ,16.0,10,1.2,Y,1,730,2.26,300,Y,Orange FWPG 2415,N,,L,N,ROSB,N,,"No bait added set same area, good release.",,,,,,,,,,,,,,,,,,,,,,,,,,,,,,,,,,,,,,
13,21-May-10,0947,23-May-10,1633,10U,477309,5985908,Cod Trap, Sockeye ,12.2,10,1.2,N,0,,,,,,,,,,,,,"NFC. No bait added, reset in same general location.",,,,,,,,,,,,,,,,,,,,,,,,,,,,,,,,,,,,,,
14,21-May-10,1001,23-May-10,1637,10U,477421,5986004,Cod Trap, Sockeye ,14.4,10,1.2,N,0,,,,,,,,,,,,,"NFC. No bait added, reset in same general location, overcast, calm",,,,,,,,,,,,,,,,,,,,,,,,,,,,,,,,,,,,,,
15,21-May-10,1007,23-May-10,1541,10U,477498,5986052,Cod Trap, Sockeye ,14.2,10,1.2,N,0,,,,,,,,,,,,,"NFC. No bait added, reset in same general location.",,,,,,,,,,,,,,,,,,,,,,,,,,,,,,,,,,,,,,
16,21-May-10,1013,23-May-10,1546,10U,477772,5986145,Cod Trap, Sockeye ,11.0,10,1.2,N,0,,,,,,,,,,,,,"NFC. No bait added, reset in same general location, calm.",,,,,,,,,,,,,,,,,,,,,,,,,,,,,,,,,,,,,,
17,21-May-10,1018,23-May-10,1551,10U,477905,5986202,Cod Trap, Sockeye ,14.0,10,1.2,N,0,,,,,,,,,,,,,"NFC. No bait added, reset in same general location. Trap may not be sitting flat- strange rope action on retrieve",,,,,,,,,,,,,,,,,,,,,,,,,,,,,,,,,,,,,,
18,21-May-10,1022,23-May-10,1556,10U,478024,5906237,Cod Trap, Sockeye ,13.9,10,1.2,Y,1,700,1.81,300,Y,Orange FWPG 02414,N,,L,N,ROSB,N,,"One BB caught, long and skinny looking. Good release, no bait added.",,,,,,,,,,,,,,,,,,,,,,,,,,,,,,,,,,,,,,
19,21-May-10,1029,23-May-10,1602,10U,478237,5986384,Cod Trap, Sockeye ,14.0,10,1.2,N,0,,,,,,,,,,,,,"NFC. No bait added, reset in same general location.",,,,,,,,,,,,,,,,,,,,,,,,,,,,,,,,,,,,,,
20,21-May-10,1034,23-May-10,1609,10U,478459,5986511,Cod Trap, Sockeye ,14.0,10,1.2,Y,1,640,1.99,310,Y,Orange FWPG 02413,N,,L,N,ROSB,N,,"One BB caught, a little fatter, nice colours. Good release, no bait added.",,,,,,,,,,,,,,,,,,,,,,,,,,,,,,,,,,,,,,
21,21-May-10,1037,23-May-10,1615,10U,478582,5986596,Cod Trap, Sockeye ,13.8,10,1.2,N,0,,,,,,,,,,,,,"NFC. No bait added, reset in same general location.",,,,,,,,,,,,,,,,,,,,,,,,,,,,,,,,,,,,,,
22,21-May-10,1042,23-May-10,1619,10U,478724,5986609,Cod Trap, Sockeye ,12.0,10,1.2,Y,1,570,1.38,270,Y,Orange FWPG 02410,N,,L,N,ROSB,N,,One BB caught /healthy looking/no bait/Lively/good release.,,,,,,,,,,,,,,,,,,,,,,,,,,,,,,,,,,,,,,
23,21-May-10,1049,23-May-10,1628,10U,478837,5986706,Cod Trap, Sockeye ,12.7,10,1.2,N,0,,,,,,,,,,,,,"NSC added bait+Sockeye already in. Set same location, lake calm.",NSC,1,0,450,,,,,,,,,,,,,,,,,,,,,,,,,,,,,,,,,,
24,21-May-10,1054,23-May-10,1634,10U,479029,5986782,Cod Trap, Sockeye ,12.4,10,1.2,N,0,,,,,,,,,,,,,NSC added for bait.Set in same location.,,,,,,,,,,,,,,,,,,,,,,,,,,,,,,,,,,,,,,
25,21-May-10,1057,23-May-10,1639,10U,479222,5986751,Cod Trap, Sockeye ,10.1,10,1.2,N,0,,,,,,,,,,,,,"NFC. No bait added, reset in same general location.",,,,,,,,,,,,,,,,,,,,,,,,,,,,,,,,,,,,,,
1,23-May-10,1407,25-May-10,0748,10U,476505,5985794,Cod Trap, Sockeye ,16.0,10,2,N,0,,,,,,,,,,,,,"Bait not refreshed. NFC. Trap relocated, NSC added as bait.",,,,,,,,,,,,,,,,,,,,,,,,,,,,,,,,,,,,,,
2,23-May-10,1412,25-May-10,0755,10U,476687,5985603,Cod Trap, Sockeye ,13.0,11,2,N,0,,,,,,,,,,,,,"Cloudy, sunny, NFC. Reset in same general location.",,,,,,,,,,,,,,,,,,,,,,,,,,,,,,,,,,,,,,
3,23-May-10,1418,25-May-10,0800,10U,476763,5985501,Cod Trap, Sockeye ,1.0,11,1.6,N,0,,,,,,,,,,,,,NFC. Trap pulled and relocated to west end of lake.,,,,,,,,,,,,,,,,,,,,,,,,,,,,,,,,,,,,,,
4,23-May-10,1422,25-May-10,0806,10U,477031,5986123,Cod Trap, Sockeye ,14.0,11,1.6,N,0,,,,,,,,,,,,,NFC. Trap pulled and relocated to west end of lake.,,,,,,,,,,,,,,,,,,,,,,,,,,,,,,,,,,,,,,
5,23-May-10,1440,25-May-10,0804,10U,479840,5985469,Cod Trap, Sockeye ,12.0,11,1.6,N,0,,,,,,,,,,,,,NFC. Trap pulled and relocated to west end of lake.,,,,,,,,,,,,,,,,,,,,,,,,,,,,,,,,,,,,,,
6,23-May-10,1446,25-May-10,0810,10U,476965,5985496,Cod Trap, Sockeye ,11.0,11,1.6,N,0,,,,,,,,,,,,,NFC. Trap pulled and relocated to west end of lake.,,,,,,,,,,,,,,,,,,,,,,,,,,,,,,,,,,,,,,
7,23-May-10,1450,25-May-10,1035,10U,476957,5985635,Cod Trap, Sockeye ,15.0,11,1.6,N,0,,,,,,,,,,,,,"NFC. Bait added, set in same general location.",,,,,,,,,,,,,,,,,,,,,,,,,,,,,,,,,,,,,,
8,23-May-10,1504,25-May-10,1041,10U,476925,5985874,Cod Trap, Sockeye ,16.0,11,1.6,N,0,,,,,,,,,,,,,"Cloudy, sunny periods, lake calm. Trap efficiancy good, NFC. Trap set in same general location, NSC added to bait.",,,,,,,,,,,,,,,,,,,,,,,,,,,,,,,,,,,,,,
9,23-May-10,1616,25-May-10,1046,10U,477091,5985737,Cod Trap, Sockeye ,15.0,11,1.6,Y,1,530,1.22,250,Y,Orange FWPG 02157,N,,L,Y,RWP,N,,"Windy, trap good. Orange tag # 02157-punctured. Set in same general location.",,,,,,,,,,,,,,,,,,,,,,,,,,,,,,,,,,,,,,
10,23-May-10,1618,25-May-10,1057,10U,477182,5985777,Cod Trap, Sockeye ,14.0,11,1.6,N,0,,,,,,,,,,,,,"NFC, trap reset in same general location. NSC added to bait.",,,,,,,,,,,,,,,,,,,,,,,,,,,,,,,,,,,,,,
11,23-May-10,1622,25-May-10,1104,10U,477256,5985848,Cod Trap, Sockeye ,12.0,11,1.6,N,0,,,,,,,,,,,,,"NFC, trap relocated. NSC added to bait.",,,,,,,,,,,,,,,,,,,,,,,,,,,,,,,,,,,,,,
12,23-May-10,1629,25-May-10,1107,10U,477166,5985916,Cod Trap, Sockeye ,16.0,11,1.6,N,0,,,,,,,,,,,,,"NFC, trap reset in same general location. NSC added to bait.",,,,,,,,,,,,,,,,,,,,,,,,,,,,,,,,,,,,,,
13,23-May-10,1635,25-May-10,1114,10U,477302,5985914,Cod Trap, Sockeye ,14.0,11,1.6,N,0,,,,,,,,,,,,,"NFC, trap reset in same general location (Increased depth). NSC added to bait.",,,,,,,,,,,,,,,,,,,,,,,,,,,,,,,,,,,,,,
14,23-May-10,1538,25-May-10,1121,10U,477416,5986001,Cod Trap, Sockeye ,14.0,11,1.6,N,0,,,,,,,,,,,,,"Cloudy, sunny periods. NFC, trap reset in same general location. NSC added to bait.",,,,,,,,,,,,,,,,,,,,,,,,,,,,,,,,,,,,,,
15,23-May-10,1542,25-May-10,1125,10U,477503,5986058,Cod Trap, Sockeye ,14.0,11,1.6,N,0,,,,,,,,,,,,,"NFC, Trap moved East to deeper water. NSC added to bait. Sunny and warm.",,,,,,,,,,,,,,,,,,,,,,,,,,,,,,,,,,,,,,
16,23-May-10,1547,25-May-10,1159,10U,477775,5986148,Cod Trap, Sockeye ,10.0,11,1.6,N,0,,,,,,,,,,,,,"NFC, sunny, cloudy. Reset in same general location, NSC added as bait.",,,,,,,,,,,,,,,,,,,,,,,,,,,,,,,,,,,,,,
17,23-May-10,1553,25-May-10,1204,10U,477908,5986184,Cod Trap, Sockeye ,13.0,11,1.6,N,0,,,,,,,,,,,,,"NFC, Trap reset in same location. NSC added as bait. Sunny and calm.",,,,,,,,,,,,,,,,,,,,,,,,,,,,,,,,,,,,,,
18,23-May-10,1600,25-May-10,1208,10U,478010,5986191,Cod Trap, Sockeye ,13.0,11,1.6,N,0,,,,,,,,,,,,,"NFC, trap moved closer to shore. NSC added to bait.",,,,,,,,,,,,,,,,,,,,,,,,,,,,,,,,,,,,,,
19,23-May-10,1604,25-May-10,1214,10U,478244,5986384,Cod Trap, Sockeye ,14.0,11,1.6,N,0,,,,,,,,,,,,,"NFC, reset in same general location. NSC added to bait.",,,,,,,,,,,,,,,,,,,,,,,,,,,,,,,,,,,,,,
20,23-May-10,1613,25-May-10,1220,10U,478456,5986494,Cod Trap, Sockeye ,14.0,11,1.6,N,0,,,,,,,,,,,,,"NFC, reset in same general location. NSC added to bait.",,,,,,,,,,,,,,,,,,,,,,,,,,,,,,,,,,,,,,
21,23-May-10,1617,25-May-10,1228,10U,478576,5986600,Cod Trap, Sockeye ,14.0,11,1.6,N,0,,,,,,,,,,,,,"NFC, reset in same general location. NSC added to bait.",,,,,,,,,,,,,,,,,,,,,,,,,,,,,,,,,,,,,,
22,23-May-10,1624,25-May-10,1232,10U,478696,5986611,Cod Trap, Sockeye ,12.0,11,1.6,N,0,,,,,,,,,,,,,"Sunny, cloudy periods. NFC, reset in same general location. NSC added to bait.",,,,,,,,,,,,,,,,,,,,,,,,,,,,,,,,,,,,,,
23,23-May-10,1631,25-May-10,1237,10U,478819,5986699,Cod Trap, Sockeye + NSC ,13.0,11,1.6,N,0,,,,,,,,,,,,,NFC. Trap reset in same location. NSC addedto bait.,,,,,,,,,,,,,,,,,,,,,,,,,,,,,,,,,,,,,,
24,23-May-10,1637,25-May-10,1241,10U,479026,5986768,Cod Trap, Sockeye + NSC ,12.0,10,1.6,N,0,,,,,,,,,,,,,NFC. Trap set in same location. NSC added to bait. All bait was missing.,,,,,,,,,,,,,,,,,,,,,,,,,,,,,,,,,,,,,,
25,23-May-10,1642,25-May-10,1246,10U,479196,5986757,Cod Trap, Sockeye + NSC ,10.0,11,1.6,N,0,,,,,,,,,,,,,NFC. Trap reset in same general location. No Bait added.,,,,,,,,,,,,,,,,,,,,,,,,,,,,,,,,,,,,,,
1,25-May-10,0750,27-May-10,1132,10U,476414,5985883,Cod Trap, Sockeye + NSC ,15.0,9,2.5,N,0,,,,,,,,,,,,,"NFC, trap relocated to deeper water (Center of lake). Fresh bait added.",,,,,,,,,,,,,,,,,,,,,,,,,,,,,,,,,,,,,,
2,25-May-10,0756,27-May-10,1140,10U,476669,5985600,Cod Trap, Sockeye + NSC ,13.0,10,2.5,N,0,,,,,,,,,,,,,"NFC, trap relocated to S. Shore in shallow water. No bait added.",,,,,,,,,,,,,,,,,,,,,,,,,,,,,,,,,,,,,,
3,25-May-10,0835,27-May-10,0934,10U,474449,5985684,Cod Trap, Sockeye + NSC ,4.5,10,2.5,N,0,,,,,,,,,,,,,"NFC. Trap not rebaited, set in same general location. Lake verey rough lg. Waves. Sunny w/ wind out of the SE and E.",,,,,,,,,,,,,,,,,,,,,,,,,,,,,,,,,,,,,,
4,25-May-10,0828,27-May-10,0912,10U,474699,5985370,Cod Trap, Sockeye + NSC ,6.5,10,2.5,N,0,,,,,,,,,,,,,"NBC, no bait added. Trap set in same general location, NSC left in traps.",NSC,1,0,250,,,,,,,,,,,,,,,,,,,,,,,,,,,,,,,,,,
5,25-May-10,0832,27-May-10,0921,10U,474553,5985426,Cod Trap, Sockeye + NSC ,2.6,10,2.5,Y,1,390,0.64,160,Y,Orange FWPG 02134,N,,L,N,ROSB,N,,"Burbot released from side of boat, no evidence of gassing due to shallow water capture. Trap set in same general location. Trap located in weedy area approx. 100m from shore. NSC added to bait.",,,,,,,,,,,,,,,,,,,,,,,,,,,,,,,,,,,,,,
6,25-May-10,0818,27-May-10,0906,10U,475391,5985388,Cod Trap, Sockeye + NSC ,11.0,10,2.5,N,0,,,,,,,,,,,,,"NFC. NSC bait was gone, trap replenished. Trap reset in same general location.",,,,,,,,,,,,,,,,,,,,,,,,,,,,,,,,,,,,,,
7,25-May-10,1039,27-May-10,1147,10U,476947,5985691,Cod Trap, Sockeye + NSC ,15.0,10,2.5,Y,1,520,1.06,230,Y,Orange FWPG 02136,N,,L,Y,RRT,N,,"Left pectoral fin missing, lake choppy, sunny, cloudy. Release trap test, release trap woked well. Trap reset in same general location, no fresh bait added.",,,,,,,,,,,,,,,,,,,,,,,,,,,,,,,,,,,,,,
8,25-May-10,1043,27-May-10,1206,10U,476912,5985904,Cod Trap, Sockeye + NSC ,16.0,10,2.5,Y,1,680,2.61,310,Y,Orange FWPG 02135,N,,L,Y,RRT,N,,Burbot released from release trap at depth. Fresh bait added. Trap set in same general location.,,,,,,,,,,,,,,,,,,,,,,,,,,,,,,,,,,,,,,
9,25-May-10,1055,27-May-10,1233,10U,477059,5985860,Cod Trap, Sockeye + NSC ,16.0,10,2.5,N,0,,,,,,,,,,,,,"NFC, no fresh bait added, trap set in same general location after a short drift.",,,,,,,,,,,,,,,,,,,,,,,,,,,,,,,,,,,,,,
10,25-May-10,1059,27-May-10,1237,10U,477216,5986542,Cod Trap, Sockeye + NSC ,12.0,10,2.5,N,0,,,,,,,,,,,,,"NFC, no fresh bait added, trap set in same general location after a short drift west.",,,,,,,,,,,,,,,,,,,,,,,,,,,,,,,,,,,,,,
11,25-May-10,1105,27-May-10,1307,10U,477291,5985826,Cod Trap, Sockeye + NSC ,5.6,10,2.5,N,0,,,,,,,,,,,,,"NFC, trap set in same general location . No fresh bait added.",,,,,,,,,,,,,,,,,,,,,,,,,,,,,,,,,,,,,,
12,25-May-10,1111,27-May-10,1312,10U,477179,5986027,Cod Trap, Sockeye + NSC ,16.0,10,2.5,Y,1,660,2.95,340,Y,Orange FWPG 02134,N,,L,Y,RRT,N,,"Repair cod trap, BB's head was stuck in a hole in trap. Burbot released from release trap. Fresh bait added, trap was reset in same general location.",,,,,,,,,,,,,,,,,,,,,,,,,,,,,,,,,,,,,,
13,25-May-10,1118,27-May-10,1335,10U,477281,5986045,Cod Trap, Sockeye + NSC ,16.0,10,2.5,Y,1 of 2,720,2.75,330,Y,Orange FWPG 02132,N,,L,Y,RRT,N,,"Choppy, windy, cloudy. 3ft. Swells, trap reset in same general area. Fresh bait added.",,,,,,,,,,,,,,,,,,,,,,,,,,,,,,,,,,,,,,
13,25-May-10,1118,27-May-10,1335,10U,477281,5986045,Cod Trap, Sockeye + NSC ,16.0,10,2.5,Y,2 of 2,610,1.75,280,Y,Orange FWPG 02131,N,,L,Y,RRT,N,,See above comments.,,,,,,,,,,,,,,,,,,,,,,,,,,,,,,,,,,,,,,
14,25-May-10,1123,27-May-10,1354,10U,477397,5985987,Cod Trap, Sockeye + NSC ,14.0,10,2.5,N,0,,,,,,,,,,,,,"NFC. Trap reset in same general location, no fresh bait added.",,,,,,,,,,,,,,,,,,,,,,,,,,,,,,,,,,,,,,
15,25-May-10,1131,27-May-10,1401,10U,477528,5986196,Cod Trap, Sockeye + NSC ,16.0,10,2,N,0,,,,,,,,,,,,,"NFC, NSC bait not present upon retrieval. Trap relocated north to deeper water. Fresh bait added.",,,,,,,,,,,,,,,,,,,,,,,,,,,,,,,,,,,,,,
16,25-May-10,1200,27-May-10,1620,10U,477752,5986120,Cod Trap, Sockeye + NSC ,9.5,10,2.5,N,0,,,,,,,,,,,,,"NFC, no bait added. Trap set in same general location.",,,,,,,,,,,,,,,,,,,,,,,,,,,,,,,,,,,,,,
17,25-May-10,1206,27-May-10,1625,10U,477863,5986192,Cod Trap, Sockeye + NSC ,13.0,10,2.5,Y,1 of 2,650,2.4,310,Y,Orange FWPG 02367,N,,L,Y,RRT,N,,Choppy waters. Bloated and sink to the bottom with release trap. Windy cloudy. Fresh bait added to trap. Set in same general location.,,,,,,,,,,,,,,,,,,,,,,,,,,,,,,,,,,,,,,
17,25-May-10,1206,27-May-10,1625,10U,477863,5986192,Cod Trap, Sockeye + NSC ,13.0,10,2.5,Y,2 of 2,445,0.9,200,Y,Orange FWPG 02366,N,,L,Y,RRT,N,,See above comments.,,,,,,,,,,,,,,,,,,,,,,,,,,,,,,,,,,,,,,
18,25-May-10,1211,27-May-10,1646,10U,478112,5986181,Cod Trap, Sockeye + NSC ,9.9,10,2.5,N,0,,,,,,,,,,,,,"NFC, fresh bait added. Set in same general location.",,,,,,,,,,,,,,,,,,,,,,,,,,,,,,,,,,,,,,
19,25-May-10,1216,27-May-10,1650,10U,478235,5986395,Cod Trap, Sockeye + NSC ,14.0,10,2.5,N,0,,,,,,,,,,,,,"NFC, fresh bait added. Set in same general location.",,,,,,,,,,,,,,,,,,,,,,,,,,,,,,,,,,,,,,
20,25-May-10,1222,27-May-10,1657,10U,479747,5986496,Cod Trap, Sockeye ,14.0,10,2.5,Y,1,625,1.8,280,Y,Orange FWPG 02665,N,,L,Y,RRT,N,,Trap reset in same location. Bait replenished w/ NSC.,,,,,,,,,,,,,,,,,,,,,,,,,,,,,,,,,,,,,,
21,25-May-10,1230,27-May-10,1710,10U,478575,5986576,Cod Trap, Sockeye + NSC ,13.0,10,2.5,N,0,,,,,,,,,,,,,NFC. Replenished bait. Trap relocated closer to the shore.,,,,,,,,,,,,,,,,,,,,,,,,,,,,,,,,,,,,,,
22,25-May-10,1234,27-May-10,1715,10U,478690,5986610,Cod Trap, Sockeye + NSC ,13.0,10,2.5,N,0,,,,,,,,,,,,,"NFC, no bait added. Bouy stck broke upon re-deployment, bouy fixed and trap set. Set in same general location.",,,,,,,,,,,,,,,,,,,,,,,,,,,,,,,,,,,,,,
23,25-May-10,1239,27-May-10,1728,10U,478685,5986503,Cod Trap, Sockeye + NSC ,13.0,9,2.5,N,0,,,,,,,,,,,,,NFC. No bait added. Trap set in same general location.After short drift westward.,,,,,,,,,,,,,,,,,,,,,,,,,,,,,,,,,,,,,,
24,25-May-10,1244,27-May-10,1730,10U,478968,5986795,Cod Trap, NSC ,13.0,10,2.5,Y,1,720,3.01,310,Y,Orange FWPG 02364,N,,L,Y,RRT,N,,"Cloudy, choppy, windy. Fresh bait added. Trap set in same general location.",,,,,,,,,,,,,,,,,,,,,,,,,,,,,,,,,,,,,,
25,25-May-10,1250,27-May-10,1750,10U,479186,5986797,Cod Trap, NSC ,11.0,9,2,Y,1,660,1.87,270,Y,Orange FWPG 02363,N,,L,Y,RRT,N,,"Cloudy, windy, water choppy. Released in release trap. Fresh bait added. Trap reset in same general location.",,,,,,,,,,,,,,,,,,,,,,,,,,,,,,,,,,,,,,
1,27-May-10,1135,29-May-10,0825,10U,476483,5986004,Cod Trap, NSC ,15.0,10,2,N,0,,,,,,,,,,,,,"NFC, trap relocated eastward to centeral bay, by rope swing cuttbanks.",,,,,,,,,,,,,,,,,,,,,,,,,,,,,,,,,,,,,,
2,27-May-10,1143,29-May-10,1136,10U,476653,5985449,Cod Trap, Sockeye + NSC ,7.2,11,2,N,0,,,,,,,,,,,,,"Sunny, cloudy periods, water calm. NFC, fresh bait added. Trap moved to new location.",,,,,,,,,,,,,,,,,,,,,,,,,,,,,,,,,,,,,,
3,27-May-10,0935,29-May-10,0930,10U,474421,5985710,Cod Trap, Sockeye + NSC ,2.6,11,2,Y,1,430,0.8,170,Y,Orange FWPG 02351,N,,L,N,ROSB,N,,"BB caught in weeds trap works good, release good from side of boat. Fresh bait added, set in same general location.",,,,,,,,,,,,,,,,,,,,,,,,,,,,,,,,,,,,,,
4,27-May-10,0915,29-May-10,0913,10U,474674,5985386,Cod Trap, NSC ,6.0,11,2,N,0,,,,,,,,,,,,,"NBC, Trap set in same general location, no fresh bait added.",NSC,1,0,50,,,,,,,,,,,,,,,,,,,,,,,,,,,,,,,,,,
5,27-May-10,0929,29-May-10,0918,10U,473679,5985904,Cod Trap, NSC ,2.2,12,2,Y,1,350,0.5,130,Y,Orange FWPG 02352,N,,L,N,ROSB,N,,"Clear sky, calm waters, cod trap in weedy area release good. Trap set in same general area, fresh bait added.",,,,,,,,,,,,,,,,,,,,,,,,,,,,,,,,,,,,,,
6,27-May-10,0908,29-May-10,0904,10U,475339,5985357,Cod Trap, Sockeye + NSC ,10.0,11,1,N,0,,,,,,,,,,,,,"NFC, Trap relocated, no fresh bait added.",,,,,,,,,,,,,,,,,,,,,,,,,,,,,,,,,,,,,,
7,27-May-10,1203,29-May-10,1143,10U,476964,5985798,Cod Trap, NSC ,15.0,11,2,N,0,,,,,,,,,,,,,"NFC, Trap relocated to new location, no fresh bait added.",,,,,,,,,,,,,,,,,,,,,,,,,,,,,,,,,,,,,,
8,27-May-10,1222,29-May-10,1154,10U,476925,5985972,Cod Trap, NSC ,16.0,10,2,Y,1,540,1.3,230,Y,Orange FWPG 02994,N,,L,Y,RRT,N,,"Sunny, cloudy periods. Released in release trap at 16m, fresh bait added. Trap reset in same general location.",,,,,,,,,,,,,,,,,,,,,,,,,,,,,,,,,,,,,,
9,27-May-10,1235,29-May-10,1212,10U,477069,5985847,Cod Trap, NSC ,16.0,10,2,N,0,,,,,,,,,,,,,"NFC, trap relocated, fresh bait added.",,,,,,,,,,,,,,,,,,,,,,,,,,,,,,,,,,,,,,
10,27-May-10,1239,29-May-10,1219,10U,477147,5985766,Cod Trap, Sockeye + NSC ,14.0,10,2,N,0,,,,,,,,,,,,,NFC. NSC/Bait taken from release trap. Fresh bait added. Trap relocated to center of lake.,,,,,,,,,,,,,,,,,,,,,,,,,,,,,,,,,,,,,,
11,27-May-10,1309,29-May-10,1225,10U,477316,5985846,Cod Trap, Sockeye + NSC ,2.5,10,2,N,0,,,,,,,,,,,,,"NFC, Trap relocated, no fresh bait added.",,,,,,,,,,,,,,,,,,,,,,,,,,,,,,,,,,,,,,
12,27-May-10,1330,29-May-10,1305,10U,477192,5986113,Cod Trap, Sockeye + NSC ,16.0,10,2,Y,1 of 2,720,3.09,320,Y,Orange FWPG 02993,N,,L,Y,RRT/RWP,Y,102,"BB #2993 eyes were popping out of his head, letting BB #2993 in a release trap kept BB down for 5min before acctually releasing from the. BB popped back up to surface. BB #2992 down in release trap. BB #2992 floated back to the surface. BB was punctured and sent back down, it returned to depth. #2993 was broght back into boat and punctured. Gas build up throughout tissues prevented submerging. Eyes bulging w/ air puncture around pectoral fins.",,,,,,,,,,,,,,,,,,,,,,,,,,,,,,,,,,,,,,
12,27-May-10,1330,29-May-10,1305,10U,477192,5986113,Cod Trap, Sockeye + NSC ,16.0,10,2,Y,2 of 2,650,2.08,290,Y,Orange FWPG 02992,N,,L,Y,RRT/RWP,N,,See above comments.,,,,,,,,,,,,,,,,,,,,,,,,,,,,,,,,,,,,,,
13,27-May-10,1351,29-May-10,1347,10U,477327,5986086,Cod Trap, Sockeye + NSC ,16.0,10,2,N,0,,,,,,,,,,,,,"NFC, Trap set in same general location. No fresh bait added.",,,,,,,,,,,,,,,,,,,,,,,,,,,,,,,,,,,,,,
14,27-May-10,1356,29-May-10,1353,10U,477405,5985999,Cod Trap, NSC ,14.0,10,2,N,0,,,,,,,,,,,,,"NFC, Trap not relocated. No fresh bait added.",,,,,,,,,,,,,,,,,,,,,,,,,,,,,,,,,,,,,,
15,27-May-10,1405,29-May-10,1552,10U,477514,5985701,Cod Trap, Sockeye + NSC ,15.0,10,2,N,0,,,,,,,,,,,,,"NFC, fresh bait added, trap set in same general location.",,,,,,,,,,,,,,,,,,,,,,,,,,,,,,,,,,,,,,
16,27-May-10,1623,29-May-10,1558,10U,477760,5986138,Cod Trap, NSC ,10.0,10,2,N,0,,,,,,,,,,,,,"NFC, fresh bait added. Set in same general location.",,,,,,,,,,,,,,,,,,,,,,,,,,,,,,,,,,,,,,
17,27-May-10,1640,29-May-10,1603,10U,477888,5986188,Cod Trap, NSC ,13.0,10,2,Y,1,760,3.58,330,Y,Orange FWPG 02985,N,,L,Y,RRT,N,,"BB 2985 released in release trap at 1606. It was kept in box for 10 min before released from box. After observing area for 5min fish did not resurface. Fresh bait added, set in same general location.",,,,,,,,,,,,,,,,,,,,,,,,,,,,,,,,,,,,,,
18,27-May-10,1647,30-May-10,1120,10U,478064,5986136,Cod Trap, NSC ,5.0,10,2,N,0,,,,,,,,,,,,,"Fresh bait added. Sunny periods, cloudy, lake calm, trap relocated to deeper water. Old bait removed.",,,,,,,,,,,,,,,,,,,,,,,,,,,,,,,,,,,,,,
19,27-May-10,1654,30-May-10,1129,10U,478333,5986367,Cod Trap, Sockeye + NSC ,12.0,10,2,N,0,,,,,,,,,,,,,"NFC, trap set in same general location. Old bait removed, fresh bait added.",,,,,,,,,,,,,,,,,,,,,,,,,,,,,,,,,,,,,,
20,27-May-10,1708,30-May-10,1139,10U,478425,5986467,Cod Trap, Sockeye + NSC ,13.0,10,2,N,0,,,,,,,,,,,,,"NFC, trap set in same general location. Old bait removed, fresh bait added.",,,,,,,,,,,,,,,,,,,,,,,,,,,,,,,,,,,,,,
21,27-May-10,1714,30-May-10,1148,10U,478545,5986540,Cod Trap, Sockeye + NSC ,13.0,10,2,N,0,,,,,,,,,,,,,"NFC, trap set in same general location. Old bait removed, fresh bait added.",,,,,,,,,,,,,,,,,,,,,,,,,,,,,,,,,,,,,,
22,27-May-10,1725,30-May-10,1155,10U,478694,5986587,Cod Trap, Sockeye + NSC ,12.0,10,2,Y,1,490,1.2,220,Y,Orange FWPG 02980,N,,L,Y,RRT,N,,"Cloudy, sunny periods, lake calm. Released in release trap at 1201. released at 1211, fish was not surfacing. Release site was observed for 5 min. Post release: Fresh bait added.Old bait removed. Trap reset in same general location,",,,,,,,,,,,,,,,,,,,,,,,,,,,,,,,,,,,,,,
23,27-May-10,1729,30-May-10,1221,10U,478709,5986704,Cod Trap, Sockeye + NSC ,14.0,10,2,N,0,,,,,,,,,,,,,"NFC, trap set in same general location. Old bait removed, fresh bait added.",,,,,,,,,,,,,,,,,,,,,,,,,,,,,,,,,,,,,,
24,27-May-10,1746,30-May-10,1231,10U,478929,5986743,Cod Trap, NSC ,13.0,9,2,N,0,,,,,,,,,,,,,"NFC, trap set in same general location. Old bait removed, fresh bait added.",,,,,,,,,,,,,,,,,,,,,,,,,,,,,,,,,,,,,,
25,27-May-10,1805,30-May-10,1241,10U,479145,5986760,Cod Trap, Sockeye + NSC ,11.0,9,2,N,0,,,,,,,,,,,,,"NBC, Trap set in same general location.",CAS,1,0,85,,,,,,,,,,,,,,,,,,,,,,,,,,,,,,,,,,
1,29-May-10,0831,31-May-10,1425,10U,477140,5986467,Cod Trap, NSC ,15.0,10,2.5,N,0,,,,,,,,,,,,,"NFC, trap reset in same general location. Old bait removed, fresh bait added.",,,,,,,,,,,,,,,,,,,,,,,,,,,,,,,,,,,,,,
2,29-May-10,1140,31-May-10,1120,10U,476782,5985464,Cod Trap, NSC + LSU ,10.0,11,2.5,N,0,,,,,,,,,,,,,"NFC, trap reset in same general location. Old bait removed, fresh bait added.",,,,,,,,,,,,,,,,,,,,,,,,,,,,,,,,,,,,,,
3,29-May-10,0939,31-May-10,0843,10U,474416,5985674,Cod Trap, NSC ,2.5,10,2.5,N,0,,,,,,,,,,,,,"NFC, trap reset in same general location. Old bait removed, fresh bait added.",,,,,,,,,,,,,,,,,,,,,,,,,,,,,,,,,,,,,,
4,29-May-10,0915,31-May-10,0831,10U,474670,5985361,Cod Trap, NSC ,5.9,10,2.5,N,0,,,,,,,,,,,,,"NFC, trap reset in same general location. Old bait removed, fresh bait added.",,,,,,,,,,,,,,,,,,,,,,,,,,,,,,,,,,,,,,
5,29-May-10,0927,31-May-10,0836,10U,474467,5985498,Cod Trap, NSC ,1.8,10,2.5,N,0,,,,,,,,,,,,,"NFC, trap reset in same general location. Old bait removed, fresh bait added.",,,,,,,,,,,,,,,,,,,,,,,,,,,,,,,,,,,,,,
6,29-May-10,0906,31-May-10,0817,10U,475161,5985343,Cod Trap, NSC ,8.6,10,2.5,N,0,,,,,,,,,,,,,"NFC, trap moved out from shore. Old bait removed, fresh bait added.",,,,,,,,,,,,,,,,,,,,,,,,,,,,,,,,,,,,,,
7,29-May-10,1148,31-May-10,1200,10U,476703,5985891,Cod Trap, NSC ,16.0,11,2.5,N,0,,,,,,,,,,,,,"NFC, trap set in same general location. Old bait removed, fresh bait added.",,,,,,,,,,,,,,,,,,,,,,,,,,,,,,,,,,,,,,
8,29-May-10,1210,31-May-10,1207,10U,476893,5985916,Cod Trap, NSC + LSU ,16.0,11,2.5,Y,1,580,1.82,270,Y,Orange FWPG 02924,N,,L,Y,RRT,N,,"Clear, cloudy, water choppy. 2924 released in release trap. Trap reset in same general location, old bait removed fresh bait added. Fish broght up from 16m, signs of gassing prior to release. Fish did not re-surface after 10 min decompression at bottom in release trap",,,,,,,,,,,,,,,,,,,,,,,,,,,,,,,,,,,,,,
9,29-May-10,1216,31-May-10,1232,10U,477005,5985951,Cod Trap, NSC ,16.0,11,2.5,N,0,,,,,,,,,,,,,"NFC, trap set in same general location. Old bait removed, fresh bait added.",,,,,,,,,,,,,,,,,,,,,,,,,,,,,,,,,,,,,,
10,29-May-10,1223,31-May-10,1238,10U,477142,5985897,Cod Trap, Sockeye + NSC ,16.0,11,2.5,Y,1,580,1.62,280,Y,Orange FWPG 02923,N,,L,Y,RRT,N,,"Tag 2923 released in release trap at 1243-1253. Fishwas not seen surfacing during observation period (5min). Trap reset in same general location. Old bait removed, freshbait added.",,,,,,,,,,,,,,,,,,,,,,,,,,,,,,,,,,,,,,
11,29-May-10,1234,31-May-10,1303,10U,477154,5985996,Cod Trap, NSC ,16.0,11,2.5,Y,1,700,2.59,310,N/A,              N/A,N,,L,Y,RRT/RWP,Y,Carcass not returned,"Fish looked to be experiencing heavy gassing at capture. Tag 2922 released in release trap at 1308 brought up at 1318 box was still latched, sent back down for an additional 10 min. Fish came back to surface and was punctured. Could not submerge, gas build up in the head. Old bait removed, fresh bait added. Trap set in same general location.",,,,,,,,,,,,,,,,,,,,,,,,,,,,,,,,,,,,,,
12,29-May-10,1341,31-May-10,1403,10U,476955,5986507,Cod Trap, NSC ,14.0,12,2.5,N,0,,,,,,,,,,,,,"NFC, trap set in same general location. Old bait removed, fresh bait added.",,,,,,,,,,,,,,,,,,,,,,,,,,,,,,,,,,,,,,
13,29-May-10,1350,31-May-10,1355,10U,477316,5986091,Cod Trap, NSC ,16.0,12,2.5,N,0,,,,,,,,,,,,,"NFC, trap set in same general location. Old bait removed, fresh bait added.",,,,,,,,,,,,,,,,,,,,,,,,,,,,,,,,,,,,,,
14,29-May-10,1356,31-May-10,1350,10U,478017,5987888,Cod Trap, Sockeye + NSC ,15.0,11,2.5,N,0,,,,,,,,,,,,,"NFC, trap set in same general location. Old bait removed, fresh bait added.",,,,,,,,,,,,,,,,,,,,,,,,,,,,,,,,,,,,,,
15,29-May-10,1554,31-May-10,1431,10U,477454,5986485,Cod Trap, NSC ,15.0,12,2.5,N,0,,,,,,,,,,,,,"NFC, trap set in same general location. Old bait removed, fresh bait added.",,,,,,,,,,,,,,,,,,,,,,,,,,,,,,,,,,,,,,
16,29-May-10,1600,1-Jun-10,0943,10U,477766,5986129,Cod Trap, NSC ,11.0,11,2.5,N,0,,,,,,,,,,,,,"NFC, trap relocated to H18 mid bay. Old bait removed, new bait added.",,,,,,,,,,,,,,,,,,,,,,,,,,,,,,,,,,,,,,
17,29-May-10,1623,1-Jun-10,0953,10U,477900,5986183,Cod Trap, NSC ,13.0,12,2.5,N,0,,,,,,,,,,,,,"NFC, old bait removed, new bait added. Trap relocated.",,,,,,,,,,,,,,,,,,,,,,,,,,,,,,,,,,,,,,
18,30-May-10,1125,1-Jun-10,1000,10U,478054,5986168,Cod Trap, NSC ,11.0,11,2,Y,1 of 3,790,2.94,370,Y,Orange FWPG 2911,N,,L,Y,N/A,Y,103,"BB 2911 showed advanced signs of gas build up, fish was put down at 1004 in release trap. BB 2909 and 2910 let go off side of boat and both went on their way into the abyss. 2910 re- emerged near boat. 2911 resurfaced after 10min period. Fish can not be popped and gasses are throughout tissues in the body. Fish was sacrificed.",,,,,,,,,,,,,,,,,,,,,,,,,,,,,,,,,,,,,,
18,30-May-10,1125,1-Jun-10,1000,10U,478054,5986168,Cod Trap, NSC ,11.0,11,2,Y,2 of 3,540,1.72,290,Y,Orange FWPG 2910,N,,L,N,ROSB,N,,See above comments.,,,,,,,,,,,,,,,,,,,,,,,,,,,,,,,,,,,,,,
18,30-May-10,1125,1-Jun-10,1000,10U,478054,5986168,Cod Trap, NSC ,11.0,11,2,Y,3 of 3,510,1.04,210,Y,Orange FWPG 2909,N,,L,N,ROSB,N,,See above comments.,,,,,,,,,,,,,,,,,,,,,,,,,,,,,,,,,,,,,,
19,30-May-10,1132,1-Jun-10,1044,10U,478294,5986365,Cod Trap, LSU ,12.0,11,2,N,0,,,,,,,,,,,,,"NFC, trap relocated north to mid-bay. Old bait removed, fresh bait added.",,,,,,,,,,,,,,,,,,,,,,,,,,,,,,,,,,,,,,
20,30-May-10,1143,1-Jun-10,1059,10U,478339,5986462,Cod Trap, NSC ,14.0,11,2,N,0,,,,,,,,,,,,,"NFC, trap relocated north to mid-bay. Old bait removed, fresh bait added.",,,,,,,,,,,,,,,,,,,,,,,,,,,,,,,,,,,,,,
21,30-May-10,1151,1-Jun-10,1115,10U,478504,5986537,Cod Trap, NSC ,14.0,11,2,Y,1,640,1.93,280,Y,Orange FWPG 02908,N,,L,Y,RRT,Y,104,Old bait removed. Fish 2908 showing limited signs of gassing in tissues. Was placed in the release trap at 1121 released at 1131. Fish did not re-emerge after 5min. Observational period. Trap reset in same general location. Fish was noticed floationg approx. 20min after release from box. Fish had experienced gassing in the tissues and was sacrificed.,,,,,,,,,,,,,,,,,,,,,,,,,,,,,,,,,,,,,,
22,30-May-10,1218,1-Jun-10,1228,10U,478745,5986581,Cod Trap, NSC ,11.0,11,2,N,0,,,,,,,,,,,,,"NFC, trap set in same general location. Old bait removed, fresh bait added.",,,,,,,,,,,,,,,,,,,,,,,,,,,,,,,,,,,,,,
23,30-May-10,1224,1-Jun-10,1139,10U,478650,5985700,Cod Trap, NSC ,14.0,11,2,Y,1,720,2.68,320,Y,Orange FWPG 02907,N,,L,Y,RRT,N,,Tag 2907 let down in release trap at 1146. Released at 1156. Area of release was observed for 20min fish was not seen at surface. Fish had an infected/enlarged right eye. Old bait removed fresh bait added. Trap set in same general location.,,,,,,,,,,,,,,,,,,,,,,,,,,,,,,,,,,,,,,
24,30-May-10,1236,1-Jun-10,1236,10U,478807,5986766,Cod Trap, NSC ,13.0,22,2,N,0,,,,,,,,,,,,,"NFC, trap set in same general location. Old bait removed, fresh bait added.",,,,,,,,,,,,,,,,,,,,,,,,,,,,,,,,,,,,,,
25,30-May-10,1244,1-Jun-10,1245,10U,479055,5986724,Cod Trap, NSC ,11.0,11,2,Y,1 of 2,670,2.37,300,Y,Orange FWPG 02906,N,,L,N,ROSB,N,,"02906 and 02158 both successful releases from side of boat. Old bait removed, fresh bait added. Trap reset in same general location.",,,,,,,,,,,,,,,,,,,,,,,,,,,,,,,,,,,,,,
25,30-May-10,1244,1-Jun-10,1245,10U,479055,5986724,Cod Trap, NSC ,11.0,11,2,Y,2 of 2,500,1.02,200,N,N/A,Y,Orange FWPG 2158,L,N,ROSB,N,,See above comments.,,,,,,,,,,,,,,,,,,,,,,,,,,,,,,,,,,,,,,
1,31-May-10,1427,2-Jun-10,1509,10U,477097,5986433,Cod Trap, NSC ,15.0,11,2.5,Y,1,590,1.54,250,Y,Orange FWPG 02938,N,,L,Y,RRT,N,,"Tag #02938 put down in release trap at 1512 to 1522. Release site was observed for 5min. Fish was not seen surfacing. No fresh bait added, trap reset in same general location.",,,,,,,,,,,,,,,,,,,,,,,,,,,,,,,,,,,,,,
2,31-May-10,1124,2-Jun-10,1248,10U,476758,5985421,Cod Trap, NSC ,9.0,11,2.5,N,0,,,,,,,,,,,,,"NFC, no fresh bait added, set in same location.",,,,,,,,,,,,,,,,,,,,,,,,,,,,,,,,,,,,,,
3,31-May-10,0845,2-Jun-10,1039,10U,474426,5985672,Cod Trap, NSC ,2.5,12,2.5,Y,1,360,0.56,180,Y,Orange FWPG 02902,N,,L,N,ROSB,N,,BB #02902 successful release over side of boat. No bait added. Reset in same general location.,,,,,,,,,,,,,,,,,,,,,,,,,,,,,,,,,,,,,,
4,31-May-10,0834,2-Jun-10,1022,10U,474642,5985376,Cod Trap, NSC ,4.0,11,2.5,Y,1,440,0.7,160,Y,Orange FWPG 02904,N,,L,N,ROSB,N,,"100% cloud cover, windy, lake a little choppy. No bait added, reset in same general location. BB #02904 successful release from sid eof boat.",,,,,,,,,,,,,,,,,,,,,,,,,,,,,,,,,,,,,,
5,31-May-10,0939,2-Jun-10,1032,10U,474487,5985545,Cod Trap, NSC ,2.5,11,2.5,Y,1,430,0.74,160,Y,Orange FWPG 02903,N,,L,N,ROSB,N,,"BB #02903 successful release from side, no bait added. Set in same general location.",,,,,,,,,,,,,,,,,,,,,,,,,,,,,,,,,,,,,,
6,31-May-10,0827,2-Jun-10,1014,10U,475100,5985421,Cod Trap, NSC ,9.2,11,2.5,N,0,,,,,,,,,,,,,"1 and 1/2 NSC bait remaning from trap NFC. Fresh bait added, trap reset out from shore further.",,,,,,,,,,,,,,,,,,,,,,,,,,,,,,,,,,,,,,
7,31-May-10,1204,2-Jun-10,1254,10U,476659,5985809,Cod Trap, NSC ,16.0,11,2.5,N,0,,,,,,,,,,,,,"NFC, no fresh bait added, trap set in same general location.",,,,,,,,,,,,,,,,,,,,,,,,,,,,,,,,,,,,,,
8,31-May-10,1229,2-Jun-10,1259,10U,476849,5985898,Cod Trap, NSC ,16.0,11,2.5,Y,1,570,1.4,250,Y,Orange FWPG 02943,N,,L,N,ROSB,N,,"Tag #02943 released at sid of boat wait in general area released to see if BB pops up/ wait 5min. No bait added, reset in same general location.",,,,,,,,,,,,,,,,,,,,,,,,,,,,,,,,,,,,,,
9,31-May-10,1236,2-Jun-10,1311,10U,476969,5987987,Cod Trap, NSC ,16.0,11,2.5,N,0,,,,,,,,,,,,,"NFC, fresh bait added, trap reset in same general location.",,,,,,,,,,,,,,,,,,,,,,,,,,,,,,,,,,,,,,
10,31-May-10,1258,2-Jun-10,1436,10U,477004,5985824,Cod Trap, NSC ,16.0,11,2.5,Y,1,570,1.72,270,Y,Orange FWPG 02939,N,,L,Y,RRT,N,,"Tag #02939 put down in release trap at 1440. Release area was observed for approx. 6min. Fish was no seen surfacing. No fresh bait added, trap reset in same general location.",,,,,,,,,,,,,,,,,,,,,,,,,,,,,,,,,,,,,,
11,31-May-10,1346,2-Jun-10,1340,10U,477165,5985896,Cod Trap, NSC ,16.0,12,2.5,Y,1 of 2,580,1.79,270,Y,Orange FWPG 02942,N,,L,Y,RRT,N,,"Tag #02942 + 0241 put in release trap at 1344 and released at 1354. Fish were not observed surfacing for 5+ min observation period. Trap reset in same general location, fresh bait added.",,,,,,,,,,,,,,,,,,,,,,,,,,,,,,,,,,,,,,
12,31-May-10,1407,2-Jun-10,1603,10U,476907,5986475,Cod Trap, NSC ,14.0,11,2.5,N,0,,,,,,,,,,,,,"NFC, bait missing from trap?? Fresh bait added, trap set in same general location.",,,,,,,,,,,,,,,,,,,,,,,,,,,,,,,,,,,,,,
13,31-May-10,1358,2-Jun-10,1430,10U,477277,5986069,Cod Trap, NSC ,16.0,11,2.5,N,0,,,,,,,,,,,,,"NFC, no fresh bait added. Trap reset in same general location.",,,,,,,,,,,,,,,,,,,,,,,,,,,,,,,,,,,,,,
14,31-May-10,1353,2-Jun-10,1402,10U,477399,5985978,Cod Trap, NSC ,14.0,11,2.5,Y,1,690,3.27,340,N,,N,,L,Y,RRT,Y,105,"BB #02940 put in release trap at 1406 and released at 1416. Area was observed and fish resurfaces approx. 4min after release. Suffering from fatal symptoms. Red lips gassing under skin, lifting head out of water and opening mouth violenly. Fresh bait added, trap set in same general location.",,,,,,,,,,,,,,,,,,,,,,,,,,,,,,,,,,,,,,
15,31-May-10,1435,2-Jun-10,1532,10U,477420,5986506,Cod Trap, NSC ,15.0,11,2.5,N,0,,,,,,,,,,,,,"NFC, fresh bait added. Trap reset in same general location.",,,,,,,,,,,,,,,,,,,,,,,,,,,,,,,,,,,,,,
11,31-May-10,1346,2-Jun-10,1340,10U,477165,5985896,Cod Trap, NSC ,16.0,12,2.5,Y,2 of 2,510,1.18,230,Y,Orange FWPG 02941,N,,L,Y,RRT,N,,See above comments.,,,,,,,,,,,,,,,,,,,,,,,,,,,,,,,,,,,,,,
16,01-Jun-10,0949,4-Jun-10,1134,10U,477461,5986831,Cod Trap, NSC ,14.0,11,2.5,Y,1 of 2,810,3.74,370,Y,Orange FWPG 02967,N,,L,Y,Put Back In Trap,N,,"Both fish showed typical signs of gassing in their tissues. Fish were put back in cod trap and will be chewcked on first thing in the morning to observe condition. No bait added, trap set in same general location. Trap was checked on again on 06/05/10. Both tagged fish were alive and vigorous. 1 untagged fish also in the trap. Fish were sent back down in cod trap with the bottom open and released out the bottom. No fish were observed resurfacing.",,,,,,,,,,,,,,,,,,,,,,,,,,,,,,,,,,,,,,
17,01-Jun-10,0957,4-Jun-10,1056,10U,477889,5986208,Cod Trap, NSC ,14.0,12,2.5,Y,1 of 2,680,1.64,240,Y,Orange FWPG 02969,N,,L,Y,RRT,N,,"Both fish placed in release trap at 1102, released at 1114. Fish #02969 submerged immediatly and was promptly stalked by a bald eagle. Fish was last seen beign larger fish showing signs of gassing in body. Trap set in same general location. Fish #02968 was not observed resurfacing during the observation period.",,,,,,,,,,,,,,,,,,,,,,,,,,,,,,,,,,,,,,
16,01-Jun-10,0949,4-Jun-10,1134,10U,477461,5986831,Cod Trap, NSC ,14.0,11,2.5,Y,2 of 2,830,4.1,380,Y,Orange FWPG 02966,N,,L,Y,Put Back In Trap,N,,See above comments.,,,,,,,,,,,,,,,,,,,,,,,,,,,,,,,,,,,,,,
18,01-Jun-10,1041,4-Jun-10,1124,10U,478064,5986321,Cod Trap, NSC ,12.0,11,2.5,N,0,,,,,,,,,,,,,"NFC, trap set in same general location, fresh bait added.",,,,,,,,,,,,,,,,,,,,,,,,,,,,,,,,,,,,,,
17,01-Jun-10,0957,4-Jun-10,1056,10U,477889,5986208,Cod Trap, NSC ,14.0,12,2.5,Y,2 of 2,490,0.99,210,Y,Orange FWPG 02968,N,,L,Y,RRT,N,,See above comments.,,,,,,,,,,,,,,,,,,,,,,,,,,,,,,,,,,,,,,
19,01-Jun-10,1054,4-Jun-10,1146,10U,477675,5986797,Cod Trap, NSC ,15.0,12,2.5,Y,1 of 2,690,2.45,310,Y,Orange FWPG 02965,N,,L,Y,RRT,N,,"Tag #02964 put in release trap at 1156 released at 1206. Fish did not resurface  durin observation of release area (7min). #02965 released over side of boat, swam off, resurfaced approx 2min later was punctured and released. Did not reappear.",,,,,,,,,,,,,,,,,,,,,,,,,,,,,,,,,,,,,,
20,01-Jun-10,1111,4-Jun-10,1235,10U,477537,5986753,Cod Trap, NSC ,15.0,12,2.5,Y,1,660,2.48,330,Y,Orange FWPG 02963,N,,L,Y,RRT/RWP,N,,"Tag #02963 put in release box at 1240-1250. Fish was not observed at the surface during observation period. #02963 showing signs of gassing before release. Fish was puntured prior to being placed in release trap. Fresh bait added, trap reset in same general location.",,,,,,,,,,,,,,,,,,,,,,,,,,,,,,,,,,,,,,
19,01-Jun-10,1054,4-Jun-10,1146,10U,477675,5986797,Cod Trap, NSC ,15.0,12,2.5,Y,2 of 2,570,1.54,260,Y,Orange FWPG 02964,N,,L,Y,ROSB/RWP,N,,See above comments.,,,,,,,,,,,,,,,,,,,,,,,,,,,,,,,,,,,,,,
21,01-Jun-10,1136,4-Jun-10,1301,10U,478571,5986582,Cod Trap, NSC ,13.0,12,2.5,N,0,,,,,,,,,,,,,"NFC, trap reset in same location, no fresh bait added.",,,,,,,,,,,,,,,,,,,,,,,,,,,,,,,,,,,,,,
22,01-Jun-10,1232,4-Jun-10,1304,10U,478749,5986572,Cod Trap, NSC ,11.0,12,2.5,Y,1 of 2,480,0.99,220,Y,Orange FWPG 02962,N,,L,N,ROSB,N,,Trap reset in same location. Fresh  bait added. Fish vigorous at release.,,,,,,,,,,,,,,,,,,,,,,,,,,,,,,,,,,,,,,
23,01-Jun-10,1202,4-Jun-10,1315,10U,478708,5986726,Cod Trap, NSC ,14.0,12,2.5,Y,1 of 2,630,2.11,290,Y,Orange FWPG 02960,N,,L,Y,RRT,N,,"Both fish were showing signs of gassing. Fish were not punctured at release. Fish were let down at 1319 and released at 1330. Fish were not observed at surfaceduring 6min of observation. Conditions on lake- Calm, sunny for most of the day.",,,,,,,,,,,,,,,,,,,,,,,,,,,,,,,,,,,,,,
22,01-Jun-10,1232,4-Jun-10,1304,10U,478749,5986572,Cod Trap, NSC ,11.0,12,2.5,Y,2 of 2,500,1.05,210,Y,Orange FWPG 02961,N,,L,N,ROSB,N,,See above comments.,,,,,,,,,,,,,,,,,,,,,,,,,,,,,,,,,,,,,,
24,01-Jun-10,1240,4-Jun-10,1344,10U,478820,5986747,Cod Trap, NSC ,13.0,12,2.5,N,0,,,,,,,,,,,,,"NFC. Trap set in same general location, no bait added.",,,,,,,,,,,,,,,,,,,,,,,,,,,,,,,,,,,,,,
23,01-Jun-10,1202,4-Jun-10,1315,10U,478708,5986726,Cod Trap, NSC ,14.0,12,2.5,Y,2 of 2,530,1.51,250,Y,Orange FWPG 02959,N,,L,Y,RRT,N,,See above comments.,,,,,,,,,,,,,,,,,,,,,,,,,,,,,,,,,,,,,,
25,01-Jun-10,1254,4-Jun-10,1348,10U,479121,5986684,Cod Trap, NSC ,10.0,12,2.5,N,0,,,,,,,,,,,,,"NFC. Trap set in same general location, no bait added.",,,,,,,,,,,,,,,,,,,,,,,,,,,,,,,,,,,,,,
16,04-Jun-10,1141,7-Jun-10,1350,10U,477482,5986889,Cod Trap, N/A ,15.0,12,2.5,N,0,,,,,,,,,,,,,"NFC, trap pulled, end of sampling period.",,,,,,,,,,,,,,,,,,,,,,,,,,,,,,,,,,,,,,
17,04-Jun-10,1122,7-Jun-10,1500,10U,477985,5986140,Cod Trap, NSC ,11.0,11,2.5,N,0,,,,,,,,,,,,,"NFC, trap pulled, end of sampling period.",,,,,,,,,,,,,,,,,,,,,,,,,,,,,,,,,,,,,,
18,04-Jun-10,1125,7-Jun-10,1508,10U,478108,5986204,Cod Trap, NSC ,11.0,12,2.5,N,0,,,,,,,,,,,,,"NFC, trap pulled, end of sampling period.",,,,,,,,,,,,,,,,,,,,,,,,,,,,,,,,,,,,,,
19,04-Jun-10,1214,7-Jun-10,1444,10U,477762,5986907,Cod Trap, NSC ,15.0,12,2.5,N,0,,,,,,,,,,,,,"NFC, trap pulled, end of sampling period.",,,,,,,,,,,,,,,,,,,,,,,,,,,,,,,,,,,,,,
20,04-Jun-10,1257,7-Jun-10,1440,10U,477683,5986893,Cod Trap, NSC ,15.0,12,2.5,N,0,,,,,,,,,,,,,"NFC, trap pulled, end of sampling period.",,,,,,,,,,,,,,,,,,,,,,,,,,,,,,,,,,,,,,
21,04-Jun-10,1303,7-Jun-10,1512,10U,478605,5986593,Cod Trap, NSC ,14.0,12,2.5,N,0,,,,,,,,,,,,,"NFC, trap pulled, end of sampling period.",,,,,,,,,,,,,,,,,,,,,,,,,,,,,,,,,,,,,,
22,04-Jun-10,1310,7-Jun-10,1515,10U,478794,5986615,Cod Trap, NSC ,12.0,12,2.5,N,0,,,,,,,,,,,,,"NFC, trap pulled, end of sampling period.",,,,,,,,,,,,,,,,,,,,,,,,,,,,,,,,,,,,,,
23,04-Jun-10,1341,7-Jun-10,1518,10U,478736,5986679,Cod Trap, NSC ,12.0,12,2.5,N,0,,,,,,,,,,,,,"NFC, trap pulled, end of sampling period.",,,,,,,,,,,,,,,,,,,,,,,,,,,,,,,,,,,,,,
24,04-Jun-10,1346,7-Jun-10,1520,10U,478837,5986761,Cod Trap, NSC ,13.0,13,2.5,N,0,,,,,,,,,,,,,"NFC, trap pulled, end of sampling period.",,,,,,,,,,,,,,,,,,,,,,,,,,,,,,,,,,,,,,
25,04-Jun-10,1349,7-Jun-10,1523,10U,479142,5986682,Cod Trap, NSC ,10.0,13,2.5,Y,1,790,3.49,330,Y,Orange FWPG 02198,N,,L,N,ROSB,N,,"Trap pulled, end of sampling period.",,,,,,,,,,,,,,,,,,,,,,,,,,,,,,,,,,,,,,
1,05-Jun-10,1342,7-Jun-10,1300,10U,477037,5986432,Cod Trap, NSC ,15.0,12,2.5,N,0,,,,,,,,,,,,,"NFC, trap pulled, end of sampling period.",,,,,,,,,,,,,,,,,,,,,,,,,,,,,,,,,,,,,,
2,05-Jun-10,1230,7-Jun-10,1120,10U,476821,5985413,Cod Trap, NSC ,8.0,11,2.5,Y,1,790,2.73,190,Y,Orange FWPG 02396,N,,L,N,ROSB,N,,"Tag #02396 ROSB, trap pulled out of water at 1120. Trap pulled. End of sampling period.",NSC,1,0,330,,,,,,,,,,,,,,,,,,,,,,,,,,,,,,,,,,
3,05-Jun-10,0937,7-Jun-10,1106,10U,474366,5985809,Cod Trap, NSC ,1.4,11,2.5,N,0,,,,,,,,,,,,,"NFC, trap pulled, end of sampling period.",,,,,,,,,,,,,,,,,,,,,,,,,,,,,,,,,,,,,,
4,05-Jun-10,0910,7-Jun-10,1106,10U,472432,5987362,Cod Trap, NSC ,7.5,11,2.5,N,0,,,,,,,,,,,,,"NFC, trap pulled, end of sampling period.",,,,,,,,,,,,,,,,,,,,,,,,,,,,,,,,,,,,,,
5,05-Jun-10,0927,7-Jun-10,1111,10U,474444,5985649,Cod Trap, NSC ,2.5,11,2.5,N,0,,,,,,,,,,,,,"NFC, trap pulled, end of sampling period.",,,,,,,,,,,,,,,,,,,,,,,,,,,,,,,,,,,,,,
6,05-Jun-10,0900,7-Jun-10,1059,10U,475317,5985512,Cod Trap, NSC ,12.0,11,2.5,N,0,,,,,,,,,,,,,"NFC, trap pulled, end of sampling period.",,,,,,,,,,,,,,,,,,,,,,,,,,,,,,,,,,,,,,
7,05-Jun-10,1238,7-Jun-10,1256,10U,474885,5986266,Cod Trap, NSC ,16.0,11,2.5,N,0,,,,,,,,,,,,,"NFC, trap pulled, end of sampling period.",,,,,,,,,,,,,,,,,,,,,,,,,,,,,,,,,,,,,,
8,05-Jun-10,1245,7-Jun-10,1212,10U,476909,5985959,Cod Trap, NSC ,16.0,12,2.5,Y,1,670,2.37,310,Y,Orange FWPG 02399,N,,L,Y,RRT,N,,BB #02399 put in release trap at 1216 released at 1226 fish not observed surfacing after 5min observation period. Trap pulled. End of sampling session.,,,,,,,,,,,,,,,,,,,,,,,,,,,,,,,,,,,,,,
9,05-Jun-10,1250,7-Jun-10,1231,10U,477011,5986034,Cod Trap, NSC ,16.0,12,2.5,Y,2 of 2,530,1.3,220,Y,Orange FWPG 02199,N,,L,Y,RRT,N,,See above comments.,,,,,,,,,,,,,,,,,,,,,,,,,,,,,,,,,,,,,,
9,05-Jun-10,1250,7-Jun-10,1231,10U,477011,5986034,Cod Trap, NSC ,16.0,12,2.5,Y,1 of 2,670,2.2,290,Y,Orange FWPG 02400,N,,L,Y,RRT,N,,02400 and 02199 put in release trap at 1236 released at 1246. fish not observed surfacing after 6min observation period. Trap pulled. End of sampling session.,,,,,,,,,,,,,,,,,,,,,,,,,,,,,,,,,,,,,,
10,05-Jun-10,1256,7-Jun-10,1149,10U,476997,5985822,Cod Trap, NSC ,16.0,12,2.5,Y,1,530,1.4,240,Y,Orange FWPG 02397,N,,L,N,ROSB,N,,"02397 ROSB, trap pulled out of water at 1149. End of sampling session.",,,,,,,,,,,,,,,,,,,,,,,,,,,,,,,,,,,,,,
11,05-Jun-10,1316,7-Jun-10,1157,10U,477219,5985908,Cod Trap, NSC ,16.0,12,2.5,N,0,,,,,,,,,,,,,"NFC, trap pulled, end of sampling period.",,,,,,,,,,,,,,,,,,,,,,,,,,,,,,,,,,,,,,
12,05-Jun-10,1339,7-Jun-10,1309,10U,476977,5986526,Cod Trap, NSC ,13.0,12,2.5,N,0,,,,,,,,,,,,,"NFC, trap pulled, end of sampling period.",,,,,,,,,,,,,,,,,,,,,,,,,,,,,,,,,,,,,,
13,05-Jun-10,1331,7-Jun-10,1205,10U,477472,5986163,Cod Trap, NSC ,16.0,12,2.5,Y,1,590,1.46,250,Y,Orange FWPG 02398,N,,L,N,ROSB,N,,02398 ROSB. Trap pulled out of water at 1205. End of sampling period.,,,,,,,,,,,,,,,,,,,,,,,,,,,,,,,,,,,,,,
14,05-Jun-10,1321,7-Jun-10,1201,10U,477477,5986019,Cod Trap, NSC ,13.0,12,2.5,N,0,,,,,,,,,,,,,"NFC, trap pulled, end of sampling period.",,,,,,,,,,,,,,,,,,,,,,,,,,,,,,,,,,,,,,
15,05-Jun-10,1400,7-Jun-10,1310,10U,477509,5986295,Cod Trap, NSC ,15.0,12,2.5,N,0,,,,,,,,,,,,,"NFC, trap pulled, end of sampling period.",,,,,,,,,,,,,,,,,,,,,,,,,,,,,,,,,,,,,,
1,08-Oct-10,1252,12-Oct-10,0815,10U,474519,5986029,Cod Trap," 2 Chunks NSC, 1 LSU ",1.4,13,2,N,0,,,,,,,,,,,,,"Trap relocated to deeper water. No bait missing, no bait added.",,,,,,,,,,,,,,,,,,,,,,,,,,,,,,,,,,,,,,
2,08-Oct-10,1301,12-Oct-10,0824,10U,474576,5985850,Cod Trap, 2 NSC ,3.3,13,2,N,0,,,,,,,,,,,,,"Trap relocated to deeper water. No bait missing, Trap dropped in same general location.",CAS,2,0,32,36,,,,RSC,1,0,33,,,,,,,,,,,,,,,,,,,,,,,,,,
3,08-Oct-10,1310,12-Oct-10,0834,10U,474573,5985776,Cod Trap, 2 NSC ,6.3,12,2,N,0,,,,,,,,,,,,,"NFC, trap set in same general location. No fresh bait added.",,,,,,,,,,,,,,,,,,,,,,,,,,,,,,,,,,,,,,
4,08-Oct-10,1315,12-Oct-10,0840,10U,474792,5985520,Cod Trap, 2 NSC Chunks ,7.7,12,2,N,0,,,,,,,,,,,,,"NFC, trap set in same general location. No fresh bait added.",,,,,,,,,,,,,,,,,,,,,,,,,,,,,,,,,,,,,,
5,08-Oct-10,1320,12-Oct-10,0846,10U,475321,5985416,Cod Trap, 1 NSC +1 LSU ,10.0,12,2,N,0,,,,,,,,,,,,,"NFC, trap set in same general location. RSC added to bait",RSC,1,0,150,,,,,,,,,,,,,,,,,,,,,,,,,,,,,,,,,,
6,08-Oct-10,1330,12-Oct-10,0852,10U,475945,5985533,Cod Trap, 2 NSC ,14.0,12,2,N,0,,,,,,,,,,,,,"NFC, trap set in same general location. No fresh bait added.",,,,,,,,,,,,,,,,,,,,,,,,,,,,,,,,,,,,,,
7,08-Oct-10,1334,12-Oct-10,0900,10U,476504,5985798,Cod Trap, 2 NSC ,15.0,12,2,Y,1,640,1.28,240,N,,N,,L,N,,Y,106,Fresh bait added. Trap set in same general location,,,,,,,,,,,,,,,,,,,,,,,,,,,,,,,,,,,,,,
8,08-Oct-10,1338,12-Oct-10,0941,10U,476643,5985601,Cod Trap, 1 NSC +1 LSU ,13.0,12,2,N,0,,,,,,,,,,,,,"NFC, trap set in same general location. No fresh bait added.",,,,,,,,,,,,,,,,,,,,,,,,,,,,,,,,,,,,,,
9,08-Oct-10,1342,12-Oct-10,0948,10U,476852,5985507,Cod Trap, 2 NSC ,12.0,12,2,N,0,,,,,,,,,,,,,"NFC, trap set in same general location. No fresh bait added.",,,,,,,,,,,,,,,,,,,,,,,,,,,,,,,,,,,,,,
10,08-Oct-10,1347,12-Oct-10,0952,10U,476817,5985751,Cod Trap, 2 NSC ,15.0,12,2,Y,1,620,1.43,250,N,,N,,L,N,,Y,107,Fish sacrificed. Trap reset ing same general location. No fresh bait added.,,,,,,,,,,,,,,,,,,,,,,,,,,,,,,,,,,,,,,
11,08-Oct-10,1350,12-Oct-10,1006,10U,477162,5985825,Cod Trap, 2 NSC ,15.0,12,2,N,0,,,,,,,,,,,,,"Trap moved out from shore, no fresh bait added, NFC.",,,,,,,,,,,,,,,,,,,,,,,,,,,,,,,,,,,,,,
12,08-Oct-10,1357,12-Oct-10,1012,10U,477322,5986137,Cod Trap, 2 NSC ,15.0,12,2,N,0,,,,,,,,,,,,,"NFC, trap set in same general location. No fresh bait added.",,,,,,,,,,,,,,,,,,,,,,,,,,,,,,,,,,,,,,
13,08-Oct-10,1402,12-Oct-10,1018,10U,477644,5986164,Cod Trap, 2 NSC ,14.0,12,2,N,0,,,,,,,,,,,,,"NFC, trap set in same general location. No fresh bait added.",,,,,,,,,,,,,,,,,,,,,,,,,,,,,,,,,,,,,,
14,08-Oct-10,1408,12-Oct-10,1024,10U,477906,5986174,Cod Trap, 2 NSC ,12.0,12,2,Y,1,460,0.55,180,N,,N,,L,N,,Y,108,Fish sacrificed. Trap reset ing same general location. No fresh bait added.,,,,,,,,,,,,,,,,,,,,,,,,,,,,,,,,,,,,,,
15,08-Oct-10,1412,12-Oct-10,1034,10U,478123,5986373,Cod Trap, 2 NSC ,14.0,12,2,Y,1,450,0.55,190,N,,N,,L,N,,Y,109,Fish sacrificed. Trap reset ing same general location. No fresh bait added.,,,,,,,,,,,,,,,,,,,,,,,,,,,,,,,,,,,,,,
16,08-Oct-10,1416,12-Oct-10,1042,10U,478401,5986440,Cod Trap, 2 NSC ,12.0,12,2,N,0,,,,,,,,,,,,,"Trap moved out from shore, no fresh bait added, NFC.",,,,,,,,,,,,,,,,,,,,,,,,,,,,,,,,,,,,,,
17,08-Oct-10,1420,12-Oct-10,1058,10U,478464,5986691,Cod Trap, 2 NSC ,14.0,12,2,N,0,,,,,,,,,,,,,Trap set in same general location. No fresh bait added.,CSU,1,0,420,,,,,,,,,,,,,,,,,,,,,,,,,,,,,,,,,,
18,08-Oct-10,1424,12-Oct-10,1105,10U,478730,5986608,Cod Trap, 2 NSC ,11.0,12,2,N,0,,,,,,,,,,,,,"NFC, trap set in same general location. No fresh bait added.",,,,,,,,,,,,,,,,,,,,,,,,,,,,,,,,,,,,,,
19,08-Oct-10,1430,12-Oct-10,1118,10U,478837,5986827,Cod Trap, 4 NSC ,13.0,12,2,N,0,,,,,,,,,,,,,"NFC, trap set in same general location. No fresh bait added.",,,,,,,,,,,,,,,,,,,,,,,,,,,,,,,,,,,,,,
20,08-Oct-10,1435,12-Oct-10,1125,10U,479035,5986696,Cod Trap, 4 NSC ,10.0,12,2,N,0,,,,,,,,,,,,,Trap set in same general location. No fresh bait added.,CAS,2,0,50,65,,,,,,,,,,,,,,,,,,,,,,,,,,,,,,,,,
21,08-Oct-10,1440,12-Oct-10,1132,10U,479160,5986684,Cod Trap, 3 NSC ,9.4,12,2,N,0,,,,,,,,,,,,,"NFC, trap set in same general location. No fresh bait added.",,,,,,,,,,,,,,,,,,,,,,,,,,,,,,,,,,,,,,
22,08-Oct-10,1442,12-Oct-10,1137,10U,479321,5986642,Cod Trap, 3 NSC ,8.0,13,2,N,0,,,,,,,,,,,,,"NFC, trap set in same general location. No fresh bait added.",,,,,,,,,,,,,,,,,,,,,,,,,,,,,,,,,,,,,,
23,08-Oct-10,1448,12-Oct-10,1142,10U,479451,5986517,Cod Trap, 4 NSC ,6.0,13,2,N,0,,,,,,,,,,,,,"NFC, trap set closer to shore. No fresh bait added.",,,,,,,,,,,,,,,,,,,,,,,,,,,,,,,,,,,,,,
24,08-Oct-10,1452,12-Oct-10,1148,10U,479664,5986446,Cod Trap, 4 NSC ,0.8,13,0.8,N,0,,,,,,,,,,,,,Trap set in same general location. No fresh bait added.,NSC,1,0,410,,,,,,,,,,,,,,,,,,,,,,,,,,,,,,,,,,
25,08-Oct-10,1455,12-Oct-10,1153,10U,479511,5986759,Cod Trap, 4 NSC ,7.5,13,2,N,0,,,,,,,,,,,,,"NFC, trap set in same general location. No fresh bait added.       Weather: overcast, and cold, strong wind out of east.",,,,,,,,,,,,,,,,,,,,,,,,,,,,,,,,,,,,,,
1,12-Oct-10,0820,14-Oct-10,0806,10U,474616,5986013,Cod Trap, 2 NSC ,2.7,11,2,N,0,,,,,,,,,,,,,"Clear and cold, with clouds. NFC, trap moved further out from shoreline. Old bait removed 10/14/10.",,,,,,,,,,,,,,,,,,,,,,,,,,,,,,,,,,,,,,
2,12-Oct-10,0830,14-Oct-10,0814,10U,474684,5985886,Cod Trap, 2 NSC + 1 RSC ,7.5,11,2,N,0,,,,,,,,,,,,,NFC. Trap set in same general location. Old bait removed. 10/14/10,,,,,,,,,,,,,,,,,,,,,,,,,,,,,,,,,,,,,,
3,12-Oct-10,0837,14-Oct-10,0821,10U,474533,5985768,Cod Trap, 2 NSC ,6.1,11,2,N,0,,,,,,,,,,,,,NFC. Trap set in same general location. Old bait removed. 10/14/10,,,,,,,,,,,,,,,,,,,,,,,,,,,,,,,,,,,,,,
4,12-Oct-10,0843,14-Oct-10,0833,10U,474783,5985507,Cod Trap, 2 NSC ,7.9,11,2,N,0,,,,,,,,,,,,,NFC. Trap set in same general location. Old bait removed. 10/14/10,,,,,,,,,,,,,,,,,,,,,,,,,,,,,,,,,,,,,,
5,12-Oct-10,0849,14-Oct-10,0839,10U,475290,5985406,Cod Trap, 2 NSC ,10.0,11,2,N,0,,,,,,,,,,,,,NFC. Trap set in same general location. Old bait removed. 10/14/10,,,,,,,,,,,,,,,,,,,,,,,,,,,,,,,,,,,,,,
6,12-Oct-10,0856,14-Oct-10,0846,10U,475890,5985493,Cod Trap, 2 NSC ,14.0,11,2,N,0,,,,,,,,,,,,,NFC. Trap set in same general location. Old bait removed. 10/14/10,,,,,,,,,,,,,,,,,,,,,,,,,,,,,,,,,,,,,,
7,12-Oct-10,0904,14-Oct-10,0854,10U,476455,5985852,Cod Trap, 2 NSC ,15.0,11,2,N,0,,,,,,,,,,,,,NFC. Trap set in same general location. Old bait removed. 10/14/10,,,,,,,,,,,,,,,,,,,,,,,,,,,,,,,,,,,,,,
8,12-Oct-10,0945,14-Oct-10,0916,10U,476659,5985597,Cod Trap, 2 NSC ,13.0,12,2,N,0,,,,,,,,,,,,,Wind has died down. NFC. Trap set in same general location. Old bait removed. 10/14/10,,,,,,,,,,,,,,,,,,,,,,,,,,,,,,,,,,,,,,
9,12-Oct-10,0949,14-Oct-10,0922,10U,476851,5985507,Cod Trap, 2 NSC ,12.0,12,2,N,0,,,,,,,,,,,,,NFC. Trap set in same general location. Old bait removed. 10/14/10,,,,,,,,,,,,,,,,,,,,,,,,,,,,,,,,,,,,,,
10,12-Oct-10,1002,14-Oct-10,0929,10U,476821,5985935,Cod Trap, 2 NSC ,15.0,12,2,N,0,,,,,,,,,,,,,NFC. Trap set in same general location. Old bait removed. 10/14/10,,,,,,,,,,,,,,,,,,,,,,,,,,,,,,,,,,,,,,
11,12-Oct-10,1010,14-Oct-10,0934,10U,477107,5986051,Cod Trap, 2 NSC ,15.0,12,2,N,0,,,,,,,,,,,,,NFC. Trap set in same general location. Old bait removed. 10/14/10,,,,,,,,,,,,,,,,,,,,,,,,,,,,,,,,,,,,,,
12,12-Oct-10,1014,14-Oct-10,0940,10U,477322,5986135,Cod Trap, 2 NSC ,15.0,12,2,N,0,,,,,,,,,,,,,NFC. Trap set in same general location. Old bait removed. 10/14/10,,,,,,,,,,,,,,,,,,,,,,,,,,,,,,,,,,,,,,
13,12-Oct-10,1020,14-Oct-10,0945,10U,477622,5986149,Cod Trap, 2 NSC ,14.0,12,2,N,0,,,,,,,,,,,,,NFC. Trap set in same general location. Old bait removed. 10/14/10,,,,,,,,,,,,,,,,,,,,,,,,,,,,,,,,,,,,,,
14,12-Oct-10,1032,14-Oct-10,0950,10U,477950,5986189,Cod Trap, 2 NSC ,14.0,12,2,N,0,,,,,,,,,,,,,NFC. Trap set in same general location. Old bait removed. 10/14/10,,,,,,,,,,,,,,,,,,,,,,,,,,,,,,,,,,,,,,
15,12-Oct-10,1038,14-Oct-10,0956,10U,478120,5986411,Cod Trap, 2 NSC ,14.0,12,2,N,0,,,,,,,,,,,,,NFC. Trap set in same general location. Old bait removed. 10/14/10,,,,,,,,,,,,,,,,,,,,,,,,,,,,,,,,,,,,,,
16,12-Oct-10,1047,14-Oct-10,1000,10U,478344,5986518,Cod Trap, 2 NSC ,14.0,12,2,N,0,,,,,,,,,,,,,NFC. Trap set in same general location. Old bait removed. 10/14/10,,,,,,,,,,,,,,,,,,,,,,,,,,,,,,,,,,,,,,
17,12-Oct-10,1101,14-Oct-10,1005,10U,478430,5986699,Cod Trap, 2 NSC ,14.0,12,2,N,0,,,,,,,,,,,,,NFC. Trap set in same general location. Old bait removed. 10/14/10,,,,,,,,,,,,,,,,,,,,,,,,,,,,,,,,,,,,,,
18,12-Oct-10,1112,14-Oct-10,1011,10U,478753,5986525,Cod Trap, 2 NSC ,6.9,12,2,N,0,,,,,,,,,,,,,NFC. Trap set in same general location. Old bait removed. 10/14/10,,,,,,,,,,,,,,,,,,,,,,,,,,,,,,,,,,,,,,
19,12-Oct-10,1120,14-Oct-10,1015,10U,478842,5986843,Cod Trap, 4 NSC ,13.0,12,2,N,0,,,,,,,,,,,,,NFC. Trap set in same general location. Old bait removed. 10/14/10,,,,,,,,,,,,,,,,,,,,,,,,,,,,,,,,,,,,,,
20,12-Oct-10,1130,14-Oct-10,1023,10U,479080,5986818,Cod Trap, 4 NSC ,11.0,12,2,N,0,,,,,,,,,,,,,NFC. Trap set in same general location. Old bait removed. 10/14/10,,,,,,,,,,,,,,,,,,,,,,,,,,,,,,,,,,,,,,
21,12-Oct-10,1134,14-Oct-10,1031,10U,479141,5986690,Cod Trap, 2 NSC ,9.8,12,2,N,0,,,,,,,,,,,,,NFC. Trap set in same general location. Old bait NOT removed. No bait left to replenish traps.,,,,,,,,,,,,,,,,,,,,,,,,,,,,,,,,,,,,,,
22,12-Oct-10,1140,14-Oct-10,1035,10U,479300,5986644,Cod Trap, 3 NSC ,8.5,12,2,N,0,,,,,,,,,,,,,NFC. Trap set in same general location. Old bait NOT removed. No bait left to put in traps.,,,,,,,,,,,,,,,,,,,,,,,,,,,,,,,,,,,,,,
23,12-Oct-10,1145,14-Oct-10,1042,10U,479372,5986487,Cod Trap, 4 NSC ,2.0,12,2,N,0,,,,,,,,,,,,,NFC. Trap set in same general location. Old bait NOT removed. No bait left to put in traps.,,,,,,,,,,,,,,,,,,,,,,,,,,,,,,,,,,,,,,
24,12-Oct-10,1150,14-Oct-10,1047,10U,479652,5986457,Cod Trap, 4 NSC ,2.3,11,2,N,0,,,,,,,,,,,,,NFC. Trap set in same general location. Old bait NOT removed. No bait left to put in traps.,,,,,,,,,,,,,,,,,,,,,,,,,,,,,,,,,,,,,,
25,12-Oct-10,1156,14-Oct-10,1055,10U,479510,5986793,Cod Trap, 4 NSC ,7.9,11,2,N,0,,,,,,,,,,,,,NFC. Trap set in same general location. Old bait NOT removed. No bait left to put in traps.,,,,,,,,,,,,,,,,,,,,,,,,,,,,,,,,,,,,,,
1,14-Oct-10,0811,18-Oct-10,1105,10U,474705,5986034,Cod Trap, 3 NSC ,6.3,12,2,N,0,,,,,,,,,,,,,"NFC. Old bait removed on 10/18/10. Trap reset in same general location. Overcast, wind and rain.",,,,,,,,,,,,,,,,,,,,,,,,,,,,,,,,,,,,,,
2,14-Oct-10,0817,18-Oct-10,1112,10U,474706,5985906,Cod Trap, 2 Chunks of NSC ,7.6,12,2,N,0,,,,,,,,,,,,,NFC. Old bait removed on 10/18/10. Trap reset in same general location.,,,,,,,,,,,,,,,,,,,,,,,,,,,,,,,,,,,,,,
3,14-Oct-10,0823,18-Oct-10,1120,10U,474550,5985789,Cod Trap, 1 Piece of NSC + 1 Piece of  Sockeye ,6.0,12,2,N,0,,,,,,,,,,,,,NFC. Old bait removed on 10/18/10. Trap reset in same general location.,,,,,,,,,,,,,,,,,,,,,,,,,,,,,,,,,,,,,,
4,14-Oct-10,0837,18-Oct-10,1126,10U,474794,5985526,Cod Trap, 1 Piece of NSC + 1 Piece of  Sockeye ,7.8,12,2,N,0,,,,,,,,,,,,,NFC. Old bait removed on 10/18/10. Trap moved closer to shore.,,,,,,,,,,,,,,,,,,,,,,,,,,,,,,,,,,,,,,
5,14-Oct-10,0843,18-Oct-10,1133,10U,475307,5985435,Cod Trap, 1 Piece of NSC + 1 Piece of  Sockeye ,10.0,12,2,N,0,,,,,,,,,,,,,Old bait removed on 10/18/10. Trap moved out from shore further.,CAS,2,0,19,20,,,,,,,,,,,,,,,,,,,,,,,,,,,,,,,,,
6,14-Oct-10,0850,18-Oct-10,1141,10U,475942,5985539,Cod Trap, 1 Piece of NSC + 1 Piece of  Sockeye ,15.0,12,2,N,0,,,,,,,,,,,,,Old bait removed on 10/18/10. Trap reset in same general location.,CAS,1,0,55,,,,,,,,,,,,,,,,,,,,,,,,,,,,,,,,,,
7,14-Oct-10,0857,18-Oct-10,1149,10U,476526,5985901,Cod Trap, 1 Piece of NSC + 1 Piece of  Sockeye ,15.0,12,2,N,0,,,,,,,,,,,,,NFC. Old bait removed on 10/18/10. Trap reset in same general location.,,,,,,,,,,,,,,,,,,,,,,,,,,,,,,,,,,,,,,
8,14-Oct-10,0920,18-Oct-10,1154,10U,476706,5985748,Cod Trap, 1 Piece of NSC + 1 Piece of  Sockeye ,15.0,12,2,N,0,,,,,,,,,,,,,NFC. Old bait removed on 10/18/10. Trap reset in same general location.,,,,,,,,,,,,,,,,,,,,,,,,,,,,,,,,,,,,,,
9,14-Oct-10,0926,18-Oct-10,1210,10U,476959,5985689,Cod Trap, 1 Piece of Sockeye ,14.0,12,2,N,0,,,,,,,,,,,,,Old bait removed on 10/18/10. Trap reset in same general location.,CAS,1,0,60,,,,,,,,,,,,,,,,,,,,,,,,,,,,,,,,,,
10,14-Oct-10,0931,18-Oct-10,1200,10U,476849,5985960,Cod Trap, 1 Piece of NSC + 1 Piece of  Sockeye ,15.0,12,2,Y,1,550,1.34,230,N,,N,,L,N,,Y,124,Old bait removed on 10/18/10. Trap reset in same general location.,,,,,,,,,,,,,,,,,,,,,,,,,,,,,,,,,,,,,,
11,14-Oct-10,0937,18-Oct-10,1217,10U,477153,5986021,Cod Trap, 1 NSC Head + 1 Piece of Sockeye ,15.0,12,2,N,0,,,,,,,,,,,,,NFC. Old bait removed on 10/18/10. Trap Moved.,,,,,,,,,,,,,,,,,,,,,,,,,,,,,,,,,,,,,,
12,14-Oct-10,0943,18-Oct-10,1223,10U,477364,5986194,Cod Trap, 1 Piece of NSC + 1 Piece of  Sockeye ,16.0,12,2,N,0,,,,,,,,,,,,,Old bait removed on 10/18/10. Trap reset in same general location.,CAS,1,0,50,,,,,,,,,,,,,,,,,,,,,,,,,,,,,,,,,,
13,14-Oct-10,0948,18-Oct-10,1228,10U,477667,5986192,Cod Trap, 1 Piece of NSC + 1 Piece of  Sockeye ,15.0,12,2,N,0,,,,,,,,,,,,,NFC. Old bait removed on 10/18/10. Trap reset in same general location.,,,,,,,,,,,,,,,,,,,,,,,,,,,,,,,,,,,,,,
14,14-Oct-10,0953,18-Oct-10,1243,10U,477972,5986230,Cod Trap, 2 Pieces of NSC ,14.0,12,2,Y,1,440,0.77,180,N,,N,,L,N,,Y,125,Old bait removed on 10/18/10. Trap reset in same general location.,,,,,,,,,,,,,,,,,,,,,,,,,,,,,,,,,,,,,,
15,14-Oct-10,0958,18-Oct-10,1252,10U,478160,5986413,Cod Trap, 2 Pieces of NSC ,14.0,12,2,N,0,,,,,,,,,,,,,NFC. Old bait removed on 10/18/10. Trap reset in same general location.,,,,,,,,,,,,,,,,,,,,,,,,,,,,,,,,,,,,,,
16,14-Oct-10,1003,18-Oct-10,1300,10U,478400,5986583,Cod Trap, 1 Piece of NSC + 1 Piece of  Sockeye ,14.0,12,2,N,0,,,,,,,,,,,,,Old bait removed on 10/18/10. Trap reset in same general location.,CAS,1,0,10,,,,,,,,,,,,,,,,,,,,,,,,,,,,,,,,,,
17,14-Oct-10,1009,18-Oct-10,1307,10U,478450,5986766,Cod Trap, 3 Pieces of NSC ,14.0,12,2,Y,1,780,2.65,330,N,,N,,L,N,,Y,126,Old bait removed on 10/18/10. Trap reset in same general location.,,,,,,,,,,,,,,,,,,,,,,,,,,,,,,,,,,,,,,
18,14-Oct-10,1014,18-Oct-10,1327,10U,478798,5986548,Cod Trap, 3 Pieces of NSC ,4.5,12,2,N,0,,,,,,,,,,,,,NFC. Old bait removed on 10/18/10. Trap reset in same general location.,,,,,,,,,,,,,,,,,,,,,,,,,,,,,,,,,,,,,,
19,14-Oct-10,1021,18-Oct-10,1332,10U,478793,5986871,Cod Trap, 2 Pieces of NSC ,13.0,12,2,N,0,,,,,,,,,,,,,Old bait removed on 10/18/10. Trap reset in same general location.,CAS,1,0,65,,,,,,,,,,,,,,,,,,,,,,,,,,,,,,,,,,
20,14-Oct-10,1020,18-Oct-10,1417,10U,479095,5986843,Cod Trap, 2 Pieces of NSC ,11.0,12,2,N,0,,,,,,,,,,,,,NFC. Old bait removed on 10/18/10. Trap reset in same general location.,,,,,,,,,,,,,,,,,,,,,,,,,,,,,,,,,,,,,,
21,14-Oct-10,1033,18-Oct-10,1423,10U,479141,5986690,Cod Trap, 3 Old Pieces of NSC ,9.8,12,2,N,0,,,,,,,,,,,,,NFC. Old bait removed on 10/18/10. Trap reset in same general location.,,,,,,,,,,,,,,,,,,,,,,,,,,,,,,,,,,,,,,
22,14-Oct-10,1040,18-Oct-10,1428,10U,479300,5986644,Cod Trap, 3 Old Pieces of NSC ,8.5,12,2,N,0,,,,,,,,,,,,,NFC. Old bait removed on 10/18/10. Trap reset in same general location.,,,,,,,,,,,,,,,,,,,,,,,,,,,,,,,,,,,,,,
23,14-Oct-10,1044,18-Oct-10,1433,10U,479372,5986487,Cod Trap, 4 Pieces of NSC ,2.0,12,2,N,0,,,,,,,,,,,,,Old bait removed on 10/18/10. Trap reset in same general location.,CAS,1,0,85,,,,,,,,,,,,,,,,,,,,,,,,,,,,,,,,,,
24,14-Oct-10,1055,18-Oct-10,1438,10U,479652,5986457,Cod Trap, 4 Pieces of NSC ,2.3,12,2,N,0,,,,,,,,,,,,,Old bait removed on 10/18/10. Trap reset in same general location.,CAS,4,0,85,90,65,15,,,,,,,,,,,,,,,,,,,,,,,,,,,,,,,
25,14-Oct-10,1100,18-Oct-10,1445,10U,479510,5986793,Cod Trap, 4 Pieces of NSC ,7.9,12,2,Y,1,530,0.87,210,N,,N,,L,N,,Y,128,Old bait removed on 10/18/10. Trap reset in same general location.,,,,,,,,,,,,,,,,,,,,,,,,,,,,,,,,,,,,,,
1,18-Oct-10,1110,20-Oct-10,0952,10U,474794,5986030,Cod Trap, 2 Pieces of Sockeye ,7.6,9,2,N,0,,,,,,,,,,,,,Old bait removed on 10/20/10. Trap reset in same general location.,CAS,2,0,69,75,,,,,,,,,,,,,,,,,,,,,,,,,,,,,,,,,
2,18-Oct-10,1117,20-Oct-10,0957,10U,474610,5985962,Cod Trap, 2 Pieces of Sockeye ,5.9,9,2,N,0,,,,,,,,,,,,,Old bait removed on 10/20/10. Trap reset in same general location.,NSC,1,0,85,,,,,,,,,,,,,,,,,,,,,,,,,,,,,,,,,,
3,18-Oct-10,1123,20-Oct-10,1003,10U,474493,5985843,Cod Trap, 2 NSC + 1 Piece of Sockeye ,4.9,9,2,N,0,,,,,,,,,,,,,NFC. Old bait removed on 10/20/10. Trap reset in same general location.,,,,,,,,,,,,,,,,,,,,,,,,,,,,,,,,,,,,,,
4,18-Oct-10,1130,20-Oct-10,1011,10U,474912,5985344,Cod Trap, 2 Pieces of Sockeye ,2.0,9,2,N,0,,,,,,,,,,,,,Old bait removed on 10/20/10. Trap moved to deeper water.,CAS,1,0,60,,,,,,,,,,,,,,,,,,,,,,,,,,,,,,,,,,
5,18-Oct-10,1138,20-Oct-10,1017,10U,475381,5985567,Cod Trap, 2 Pieces of Sockeye ,12.0,9,2,N,0,,,,,,,,,,,,,NFC. Old bait removed on 10/20/10. Trap reset in same general location.,,,,,,,,,,,,,,,,,,,,,,,,,,,,,,,,,,,,,,
6,18-Oct-10,1145,20-Oct-10,1023,10U,476133,5985468,Cod Trap, 2 Pieces of Sockeye ,11.0,9,2,N,0,,,,,,,,,,,,,NFC. Old bait removed on 10/20/10. Trap reset in same general location.,,,,,,,,,,,,,,,,,,,,,,,,,,,,,,,,,,,,,,
7,18-Oct-10,1151,20-Oct-10,1029,10U,476516,5985946,Cod Trap, 2 Pieces of Sockeye ,15.0,9,2,N,0,,,,,,,,,,,,,NFC. Old bait removed on 10/20/10. Trap reset in same general location.,,,,,,,,,,,,,,,,,,,,,,,,,,,,,,,,,,,,,,
8,18-Oct-10,1158,20-Oct-10,1106,10U,476719,5985635,Cod Trap, 2 Pieces of Sockeye ,14.0,9,2,N,0,,,,,,,,,,,,,NBC. Old bait removed on 10/20/10. Trap reset in same general location.,CAS,1,0,80,,,,,,,,,,,,,,,,,,,,,,,,,,,,,,,,,,
9,18-Oct-10,1214,20-Oct-10,1111,10U,476973,5985750,Cod Trap, 2 Pieces of Sockeye ,15.0,9,2,N,0,,,,,,,,,,,,,NFC. Old bait removed on 10/20/10. Trap moved out from shore.,,,,,,,,,,,,,,,,,,,,,,,,,,,,,,,,,,,,,,
10,18-Oct-10,1203,20-Oct-10,1116,10U,476821,5986018,Cod Trap, 2 Pieces of Sockeye ,15.0,9,2,N,0,,,,,,,,,,,,,NFC. Old bait removed on 10/20/10. Trap reset in same general location.,,,,,,,,,,,,,,,,,,,,,,,,,,,,,,,,,,,,,,
11,18-Oct-10,1220,20-Oct-10,1122,10U,476246,5986003,Cod Trap, 2 Pieces of Sockeye ,15.0,9,2,N,0,,,,,,,,,,,,,NFC. Old bait removed on 10/20/10. Trap reset in same general location.,,,,,,,,,,,,,,,,,,,,,,,,,,,,,,,,,,,,,,
12,18-Oct-10,1225,20-Oct-10,1126,10U,477230,5986223,Cod Trap, 2 Pieces of Sockeye ,15.0,9,2,N,0,,,,,,,,,,,,,NFC. Old bait removed on 10/20/10. Trap reset in same general location.,,,,,,,,,,,,,,,,,,,,,,,,,,,,,,,,,,,,,,
13,18-Oct-10,1231,20-Oct-10,1131,10U,477651,5986174,Cod Trap, 2 Pieces of Sockeye ,15.0,9,2,N,0,,,,,,,,,,,,,Old bait removed on 10/20/10. Trap reset in same general location.,NSC,2,0,150,120,,,,,,,,,,,,,,,,,,,,,,,,,,,,,,,,,
14,18-Oct-10,1250,20-Oct-10,1137,10U,477984,5986235,Cod Trap, 2 Pieces of Sockeye ,14.0,9,2,N,0,,,,,,,,,,,,,NFC. Old bait removed on 10/20/10. Trap reset in same general location.,,,,,,,,,,,,,,,,,,,,,,,,,,,,,,,,,,,,,,
15,18-Oct-10,1254,20-Oct-10,1141,10U,478168,5986422,Cod Trap, 2 Pieces of Sockeye ,14.0,9,2,N,0,,,,,,,,,,,,,NFC. Old bait removed on 10/20/10. Trap reset in same general location.,,,,,,,,,,,,,,,,,,,,,,,,,,,,,,,,,,,,,,
16,18-Oct-10,1304,20-Oct-10,1149,10U,478326,5986661,Cod Trap, 2 Pieces of Sockeye ,14.0,9,2,N,0,,,,,,,,,,,,,NFC. Old bait removed on 10/20/10. Trap reset in same general location.,,,,,,,,,,,,,,,,,,,,,,,,,,,,,,,,,,,,,,
17,18-Oct-10,1325,20-Oct-10,1153,10U,478473,5986783,Cod Trap, 2 Pieces of Sockeye ,14.0,9,2,N,0,,,,,,,,,,,,,NFC. Old bait removed on 10/20/10. Trap reset in same general location.,,,,,,,,,,,,,,,,,,,,,,,,,,,,,,,,,,,,,,
18,18-Oct-10,1330,20-Oct-10,1157,10U,478694,5986604,Cod Trap, 2 Pieces of Sockeye ,12.0,9,2,N,0,,,,,,,,,,,,,Old bait removed on 10/20/10. Trap reset in same general location.,CAS,1,0,85,,,,,,,,,,,,,,,,,,,,,,,,,,,,,,,,,,
19,18-Oct-10,1335,20-Oct-10,1203,10U,478772,5986911,Cod Trap, 2 Pieces of Sockeye ,13.0,9,2,N,0,,,,,,,,,,,,,NFC. Old bait removed on 10/20/10. Trap reset in same general location.,,,,,,,,,,,,,,,,,,,,,,,,,,,,,,,,,,,,,,
20,18-Oct-10,1420,20-Oct-10,1303,10U,479063,5986865,Cod Trap, 2 Pieces of Sockeye + 1 NSC ,12.0,9,2,N,0,,,,,,,,,,,,,NFC. Old bait removed on 10/20/10. Trap reset in same general location.,,,,,,,,,,,,,,,,,,,,,,,,,,,,,,,,,,,,,,
21,18-Oct-10,1425,20-Oct-10,1307,10U,479108,5986700,Cod Trap, 3 Pieces of Sockeye ,10.0,9,2,N,0,,,,,,,,,,,,,Old bait removed on 10/20/10. Trap reset in same general location.,CAS,4,0,83,81,75,65,,,,,,,,,,,,,,,,,,,,,,,,,,,,,,,
22,18-Oct-10,1430,20-Oct-10,1313,10U,479275,5986672,Cod Trap, 2 Pieces of Sockeye ,8.9,9,2,N,0,,,,,,,,,,,,,Old bait removed on 10/20/10. Trap reset in same general location.,CAS,1,0,80,,,,,NSC,1,0,125,,,,,,,,,,,,,,,,,,,,,,,,,,
23,18-Oct-10,1435,20-Oct-10,1318,10U,479313,5986502,Cod Trap, 3 Pieces of Sockeye + 1 small NSC ,2.1,9,2,N,0,,,,,,,,,,,,,NFC. Old bait removed on 10/20/10. Trap reset in same general location.,,,,,,,,,,,,,,,,,,,,,,,,,,,,,,,,,,,,,,
24,18-Oct-10,1441,20-Oct-10,1324,10U,479173,5986683,Cod Trap, 3 Pieces of Sockeye ,2.3,9,2,N,0,,,,,,,,,,,,,Old bait removed on 10/20/10. Trap reset in same general location.,NSC,1,0,130,,,,,,,,,,,,,,,,,,,,,,,,,,,,,,,,,,
25,18-Oct-10,1450,20-Oct-10,1330,10U,479566,5986952,Cod Trap, 4 Pieces of Sockeye ,7.4,9,2,N,0,,,,,,,,,,,,,NFC. Old bait removed on 10/20/10. Trap reset in same general location.,,,,,,,,,,,,,,,,,,,,,,,,,,,,,,,,,,,,,,
1,20-Oct-10,0955,26-Oct-10,0905,10U,474739,5986050,Cod Trap," 2 NSC (1 Whole, 1 Piece) ",7.0,9,2,Y,1,465,0.81,180,Y,Orange FWPG 2181,N,,L,N,ROSB,N,,Old bait removed on 10/26/10. Trap reset in same general location. Fish released without incident.,,,,,,,,,,,,,,,,,,,,,,,,,,,,,,,,,,,,,,
2,20-Oct-10,1000,26-Oct-10,0917,10U,474576,5985953,Cod Trap, 3 NSC approx. 120mm ,4.1,9,2,N,0,,,,,,,,,,,,,Old bait removed on 10/26/10.Trap relocated further out.,,,,,,,,,,,,,,,,,,,,,,,,,,,,,,,,,,,,,,
3,20-Oct-10,1006,26-Oct-10,0923,10U,474460,5985835,Cod Trap, 2 NSC approx. 150mm ,1.0,9,2,N,0,,,,,,,,,,,,,Old bait removed. Trap moved out of vegetation to deeper water.,,,,,,,,,,,,,,,,,,,,,,,,,,,,,,,,,,,,,,
4,20-Oct-10,1014,26-Oct-10,0930,10U,474923,5985407,Cod Trap, 1/2 Sucker + NSC ,6.9,9,2,N,0,,,,,,,,,,,,,Old bait removed on 10/26/10. Trap relocated to deeper water.,,,,,,,,,,,,,,,,,,,,,,,,,,,,,,,,,,,,,,
5,20-Oct-10,1019,26-Oct-10,0936,10U,475365,5985572,Cod Trap, 1/2 NSC + 1 Smoked Sockeye + 1 NSC Minnow ,12.0,9,2,N,0,,,,,,,,,,,,,Old bait removed on 10/26/10. Trap relocated.,,,,,,,,,,,,,,,,,,,,,,,,,,,,,,,,,,,,,,
6,20-Oct-10,1027,26-Oct-10,0943,10U,476141,5985692,Cod Trap, 2 NSC + 1 Smoked Sockeye ,15.0,9,2,Y,1,525,1.1,200,Y,Orange FWPG 2180,N,,L,N,ROSB,N,,Old bait removed on 10/26/10. Trap reset in same general location.,,,,,,,,,,,,,,,,,,,,,,,,,,,,,,,,,,,,,,
7,20-Oct-10,1031,26-Oct-10,0954,10U,476515,5985936,Cod Trap, 2 Chunks of CSU ,15.0,9,2,N,0,,,,,,,,,,,,,Old bait removed on 10/26/10. Trap reset in same general location.,,,,,,,,,,,,,,,,,,,,,,,,,,,,,,,,,,,,,,
8,20-Oct-10,1108,26-Oct-10,1000,10U,476716,5985632,Cod Trap, 1 Chunk of CSU + 1 NSC ,14.0,9,2,N,0,,,,,,,,,,,,,All bait was taken. Fresh bait added. Trap reset in same general location.,,,,,,,,,,,,,,,,,,,,,,,,,,,,,,,,,,,,,,
9,20-Oct-10,1114,26-Oct-10,1045,10U,476889,5985825,Cod Trap, 2 NSC Heads. ,15.0,9,2,N,0,,,,,,,,,,,,,Old bait removed on 10/26/10. Trap reset in same general location.,,,,,,,,,,,,,,,,,,,,,,,,,,,,,,,,,,,,,,
10,20-Oct-10,1118,26-Oct-10,1029,10U,476800,5986026,Cod Trap, 2 NSC tails + 2 NSC minnows approx 150mm ,15.0,9,2,Y,1,655,1.69,260,N,,N,,L,Y,,Y,134,Old bait removed on 10/26/10. Trap reset in same general location. Fish did not release well and was suffering severe gas build up.,,,,,,,,,,,,,,,,,,,,,,,,,,,,,,,,,,,,,,
11,20-Oct-10,1124,26-Oct-10,1052,10U,477058,5986079,Cod Trap, 2 Chunks of NSC/Sucker + 2 NSC minnows approx 120-150mm ,15.0,9,2,Y,1,585,1.47,250,Y,Orange FWPG 2179,N,,L,N,ROSB,N,,Old bait removed on 10/26/10. Trap reset in same general location.,,,,,,,,,,,,,,,,,,,,,,,,,,,,,,,,,,,,,,
12,20-Oct-10,1128,26-Oct-10,1100,10U,477339,5986223,Cod Trap, 2 NSC + 1 Chunk of Sucker. ,15.0,9,2,N,0,,,,,,,,,,,,,Old bait removed on 10/26/10. Trap reset in same general location.,,,,,,,,,,,,,,,,,,,,,,,,,,,,,,,,,,,,,,
13,20-Oct-10,1135,26-Oct-10,1105,10U,477096,5985516,Cod Trap, 2 Pieces of Sucker + 2 Pieces of NSC ,14.0,9,2,N,0,,,,,,,,,,,,,Old bait removed on 10/26/10. Trap reset in same general location.,,,,,,,,,,,,,,,,,,,,,,,,,,,,,,,,,,,,,,
14,20-Oct-10,1139,26-Oct-10,1109,10U,477113,5985937,Cod Trap, 3 Pieces of Sucker. ,14.0,9,2,N,0,,,,,,,,,,,,,Old bait removed on 10/26/10. Trap relocated to shallow water.,,,,,,,,,,,,,,,,,,,,,,,,,,,,,,,,,,,,,,
15,20-Oct-10,1145,26-Oct-10,1114,10U,478175,5986376,Cod Trap," 1 Piece of Sucker + 2 Pieces of NSC, 1 Whole NSC ",14.0,9,2,N,0,,,,,,,,,,,,,Old bait removed on 10/26/10. Trap reset in same general location.,,,,,,,,,,,,,,,,,,,,,,,,,,,,,,,,,,,,,,
16,20-Oct-10,1151,26-Oct-10,1119,10U,478303,5986654,Cod Trap, 2 Pieces of Sucker + 1 Whole NSC ,14.0,9,2,N,0,,,,,,,,,,,,,Old bait removed on 10/26/10. Trap reset in same general location.,,,,,,,,,,,,,,,,,,,,,,,,,,,,,,,,,,,,,,
17,20-Oct-10,1155,26-Oct-10,1130,10U,478459,5986834,Cod Trap, 2 Pieces of CSU ,14.0,9,2,N,0,,,,,,,,,,,,,Old bait removed on 10/26/10. Trap reset in same general location.,,,,,,,,,,,,,,,,,,,,,,,,,,,,,,,,,,,,,,
18,20-Oct-10,1159,26-Oct-10,1125,10U,478684,5986712,Cod Trap, 1 Piece of CSU + 1 CSU Head ,12.0,9,2,N,0,,,,,,,,,,,,,Old bait removed on 10/26/10. Trap reset in same general location.,,,,,,,,,,,,,,,,,,,,,,,,,,,,,,,,,,,,,,
19,20-Oct-10,1205,26-Oct-10,1134,10U,478750,5986916,Cod Trap, 2 Pieces of CSU ,13.0,9,2,N,0,,,,,,,,,,,,,Old bait removed on 10/26/10. Trap reset in same general location.,,,,,,,,,,,,,,,,,,,,,,,,,,,,,,,,,,,,,,
20,20-Oct-10,1305,26-Oct-10,1226,10U,479037,5986688,Cod Trap, 1 Piece of BB + 2 Pieces of NSC ,11.0,9,2,N,0,,,,,,,,,,,,,Old bait removed on 10/26/10. Trap reset in same general location.,,,,,,,,,,,,,,,,,,,,,,,,,,,,,,,,,,,,,,
21,20-Oct-10,1310,26-Oct-10,1231,10U,477834,5986217,Cod Trap, 1 Piece of BB + 1 Piece of Sucker. ,10.0,9,2,N,0,,,,,,,,,,,,,Old bait removed on 10/26/10. Trap reset in same general location.,,,,,,,,,,,,,,,,,,,,,,,,,,,,,,,,,,,,,,
22,20-Oct-10,1315,26-Oct-10,1234,10U,479247,5985429,Cod Trap, 1/2 NSC + 1 Piece of BB ,9.1,9,2,Y,1,650,1.65,250,Y,Orange FWPG 2177,N,,L,N,ROSB,N,,Old bait removed on 10/26/10. Trap reset in same general location.,,,,,,,,,,,,,,,,,,,,,,,,,,,,,,,,,,,,,,
23,20-Oct-10,1321,26-Oct-10,1219,10U,479328,5986527,Cod Trap, 1 Piece of BB + 1 Piece of Sucker + 1 Piece of NSC ,2.2,9,2,N,0,,,,,,,,,,,,,Old bait removed on 10/26/10. Trap reset in same general location.,,,,,,,,,,,,,,,,,,,,,,,,,,,,,,,,,,,,,,
24,20-Oct-10,1326,26-Oct-10,1244,10U,479571,5986494,Cod Trap, NSC Head + 1 Piece of BB ,2.4,9,2,N,0,,,,,,,,,,,,,Old bait removed on 10/26/10. Trap reset in same general location.,NSC,1,0,110,,,,,,,,,,,,,,,,,,,,,,,,,,,,,,,,,,
25,20-Oct-10,1332,26-Oct-10,1249,10U,479538,5986970,Cod Trap, 2 Pieces of BB + 1 NSC ,7.7,9,2,N,0,,,,,,,,,,,,,Old bait removed on 10/26/10. Trap relocated.,NSC,1,0,195,,,,,,,,,,,,,,,,,,,,,,,,,,,,,,,,,,
1,26-Oct-10,0907,30-Oct-10,0933,10U,474759,5986032,Cod Trap, 2 Pieces of Sucker ,7.5,8,3,Y,1,545,1.3,240,Y,Orange FWPG 2338,N,,L,N,ROSB,N,,Trap pulled for the season. Fish released without incident.,,,,,,,,,,,,,,,,,,,,,,,,,,,,,,,,,,,,,,
2,26-Oct-10,0920,30-Oct-10,0944,10U,474697,5985905,Cod Trap, 2 Pieces of NSC ,7.5,8,3,N,0,,,,,,,,,,,,,Trap pulled for the season. NFC,,,,,,,,,,,,,,,,,,,,,,,,,,,,,,,,,,,,,,
3,26-Oct-10,0926,30-Oct-10,0948,10U,474590,5985753,Cod Trap, 2 Pieces of NSC ,6.7,8,3,N,0,,,,,,,,,,,,,Trap pulled for the season. NFC,,,,,,,,,,,,,,,,,,,,,,,,,,,,,,,,,,,,,,
4,26-Oct-10,0933,30-Oct-10,0952,10U,475070,5985575,Cod Trap, 1 Piece of NSC ,10.0,8,3,N,0,,,,,,,,,,,,,Trap pulled for the season. NFC. All bait missing.,,,,,,,,,,,,,,,,,,,,,,,,,,,,,,,,,,,,,,
5,26-Oct-10,0940,30-Oct-10,0958,10U,475603,5985689,Cod Trap, 1 Piece of Sucker ,13.0,8,3,N,0,,,,,,,,,,,,,Trap pulled for the season. NFC,,,,,,,,,,,,,,,,,,,,,,,,,,,,,,,,,,,,,,
6,26-Oct-10,0945,30-Oct-10,1004,10U,476181,5985681,Cod Trap, 1 Piece of Smoked Sockeye + 1 Piece of Sucker ,15.0,8,3,N,0,,,,,,,,,,,,,Trap pulled for the season. NFC,,,,,,,,,,,,,,,,,,,,,,,,,,,,,,,,,,,,,,
7,26-Oct-10,0956,30-Oct-10,1009,10U,476533,5985933,Cod Trap, 1 Piece of LSU ,15.0,8,3,N,0,,,,,,,,,,,,,Trap pulled for the season. NFC,,,,,,,,,,,,,,,,,,,,,,,,,,,,,,,,,,,,,,
8,26-Oct-10,1004,30-Oct-10,1013,10U,476773,5985637,Cod Trap, 1 Piece of Smoked Sockeye + 1 Piece of Sucker ,14.0,8,3,N,0,,,,,,,,,,,,,Trap pulled for the season. NFC,,,,,,,,,,,,,,,,,,,,,,,,,,,,,,,,,,,,,,
9,26-Oct-10,1049,30-Oct-10,1021,10U,477095,5985896,Cod Trap, 1 Piece of Smoked Sockeye + 1 Piece of Sucker ,15.0,8,3,N,0,,,,,,,,,,,,,Trap pulled for the season. NFC,,,,,,,,,,,,,,,,,,,,,,,,,,,,,,,,,,,,,,
10,26-Oct-10,1041,30-Oct-10,1017,10U,476962,5986115,Cod Trap, 1 Piece of Smoked Sockeye + 1 Piece of Sucker ,15.0,8,3,N,0,,,,,,,,,,,,,Trap pulled for the season. NFC,,,,,,,,,,,,,,,,,,,,,,,,,,,,,,,,,,,,,,
11,26-Oct-10,1058,30-Oct-10,1025,10U,477256,5986147,Cod Trap, 1 Piece of Smoked Sockeye + 1 Piece of Sucker ,16.0,8,3,N,0,,,,,,,,,,,,,Trap pulled for the season. NFC,,,,,,,,,,,,,,,,,,,,,,,,,,,,,,,,,,,,,,
12,26-Oct-10,1102,30-Oct-10,1028,10U,477380,5986223,Cod Trap, 1 Piece of Smoked Sockeye + 1 Piece of Sucker ,15.0,8,3,N,0,,,,,,,,,,,,,Trap pulled for the season. NFC,,,,,,,,,,,,,,,,,,,,,,,,,,,,,,,,,,,,,,
13,26-Oct-10,1107,30-Oct-10,1032,10U,477791,5986183,Cod Trap, 2 Piece of Smoked Sockeye + 1 Piece of LSU ,13.0,8,3,N,0,,,,,,,,,,,,,Trap pulled for the season. NFC,,,,,,,,,,,,,,,,,,,,,,,,,,,,,,,,,,,,,,
14,26-Oct-10,1113,30-Oct-10,1037,10U,478122,5986122,Cod Trap, 2 Pieces of NSC + 1 Piece of Smoked Sockeye ,7.2,8,3,N,0,,,,,,,,,,,,,Trap pulled for the season. NFC,,,,,,,,,,,,,,,,,,,,,,,,,,,,,,,,,,,,,,
15,26-Oct-10,1117,30-Oct-10,1041,10U,478196,5986402,Cod Trap, 2 Pieces of Smoked Sockeye ,14.0,8,3,N,0,,,,,,,,,,,,,Trap pulled for the season. NFC,,,,,,,,,,,,,,,,,,,,,,,,,,,,,,,,,,,,,,
16,26-Oct-10,1122,30-Oct-10,1100,10U,478352,5986642,Cod Trap, 2 Pieces of Smoked Sockeye ,14.0,8,3,N,0,,,,,,,,,,,,,Trap pulled for the season. NFC,,,,,,,,,,,,,,,,,,,,,,,,,,,,,,,,,,,,,,
17,26-Oct-10,1132,30-Oct-10,1130,10U,478493,5986828,Cod Trap, 3 Pieces of Smoked Sockeye ,14.0,8,3,N,0,,,,,,,,,,,,,Trap pulled for the season. NFC,,,,,,,,,,,,,,,,,,,,,,,,,,,,,,,,,,,,,,
18,26-Oct-10,1128,30-Oct-10,1148,10U,478632,5986659,Cod Trap, 2 Pieces of Smoked Sockeye ,12.0,8,3,N,0,,,,,,,,,,,,,Trap pulled for the season. NFC,,,,,,,,,,,,,,,,,,,,,,,,,,,,,,,,,,,,,,
19,26-Oct-10,1136,30-Oct-10,1151,10U,478784,5986894,Cod Trap, 2 Pieces of Smoked Sockeye ,13.0,8,3,N,0,,,,,,,,,,,,,Trap pulled for the season. NFC,,,,,,,,,,,,,,,,,,,,,,,,,,,,,,,,,,,,,,
20,26-Oct-10,1229,30-Oct-10,1155,10U,479091,5986886,Cod Trap, 2 Pieces of Smoked Sockeye ,12.0,8,3,N,0,,,,,,,,,,,,,Trap pulled for the season. NFC,,,,,,,,,,,,,,,,,,,,,,,,,,,,,,,,,,,,,,
21,26-Oct-10,1233,30-Oct-10,1158,10U,479125,5986706,Cod Trap, 2 Pieces of Smoked Sockeye ,10.0,8,3,N,0,,,,,,,,,,,,,Trap pulled for the season. NFC,,,,,,,,,,,,,,,,,,,,,,,,,,,,,,,,,,,,,,
22,26-Oct-10,1240,30-Oct-10,1201,10U,479399,5986697,Cod Trap, 3 Pieces of Smoked Sockeye ,9.5,8,3,N,0,,,,,,,,,,,,,Trap pulled for the season. NFC,,,,,,,,,,,,,,,,,,,,,,,,,,,,,,,,,,,,,,
23,26-Oct-10,1222,30-Oct-10,1205,10U,479372,5986527,Cod Trap, 2 Pieces of Smoked Sockeye ,6.4,8,3,N,0,,,,,,,,,,,,,Trap pulled for the season. NFC,,,,,,,,,,,,,,,,,,,,,,,,,,,,,,,,,,,,,,
24,26-Oct-10,1247,30-Oct-10,1208,10U,479608,5986492,Cod Trap, 2 Pieces of Smoked Sockeye + 1 NSC ,2.4,8,3,N,0,,,,,,,,,,,,,Trap pulled for the season. NFC,,,,,,,,,,,,,,,,,,,,,,,,,,,,,,,,,,,,,,
25,26-Oct-10,1254,30-Oct-10,1212,10U,479832,5986938,Cod Trap, 2 Pieces of Smoked Sockeye + 1 NSC ,3.4,8,3,N,0,,,,,,,,,,,,,Trap pulled for the season. NFC,,,,,,,,,,,,,,,,,,,,,,,,,,,,,,,,,,,,,,
,,,,,,,,,,,,,,,,,,,,,,,,,,,,,,,,,,,,,,,,,,,,,,,,,,,,,,,,,,,,,,,,,
,,,,,,,,,,,,,,,,,,,,,,,,,,,,,,,,,,,,,,,,,,,,,,,,,,,,,,,,,,,,,,,,,
,,,,,,,,,,,,,,,,,,,,,,,,,,,,,,,,,,,,,,,,,,,,,,,,,,,,,,,,,,,,,,,,,
,,,,,,,,,,,,,,,,,,,,,,,,,,,,,,,,,,,,,,,,,,,,,,,,,,,,,,,,,,,,,,,,,
,,,,,,,,,,,,,,,,,,,,,,,,,,,,,,,,,,,,,,,,,,,,,,,,,,,,,,,,,,,,,,,,,
,,,,,,,,,,,,,,,,,,,,,,,,,,,,,,,,,,,,,,,,,,,,,,,,,,,,,,,,,,,,,,,,,
,,,,,,,,,,,,,,,,,,,,,,,,,,,,,,,,,,,,,,,,,,,,,,,,,,,,,,,,,,,,,,,,,
,,,,,,,,,,,,,,,,,,,,,,,,,,,,,,,,,,,,,,,,,,,,,,,,,,,,,,,,,,,,,,,,,
,,,,,,,,,,,,,,,,,,,,,,,,,,,,,,,,,,,,,,,,,,,,,,,,,,,,,,,,,,,,,,,,,
,,,,,,,,,,,,,,,,,,,,,,,,,,,,,,,,,,,,,,,,,,,,,,,,,,,,,,,,,,,,,,,,,
,,,,,,,,,,,,,,,,,,,,,,,,,,,,,,,,,,,,,,,,,,,,,,,,,,,,,,,,,,,,,,,,,
,,,,,,,,,,,,,,,,,,,,,,,,,,,,,,,,,,,,,,,,,,,,,,,,,,,,,,,,,,,,,,,,,
,,,,,,,,,,,,,,,,,,,,,,,,,,,,,,,,,,,,,,,,,,,,,,,,,,,,,,,,,,,,,,,,,
,,,,,,,,,,,,,,,,,,,,,,,,,,,,,,,,,,,,,,,,,,,,,,,,,,,,,,,,,,,,,,,,,
,,,,,,,,,,,,,,,,,,,,,,,,,,,,,,,,,,,,,,,,,,,,,,,,,,,,,,,,,,,,,,,,,
,,,,,,,,,,,,,,,,,,,,,,,,,,,,,,,,,,,,,,,,,,,,,,,,,,,,,,,,,,,,,,,,,
,,,,,,,,,,,,,,,,,,,,,,,,,,,,,,,,,,,,,,,,,,,,,,,,,,,,,,,,,,,,,,,,,
,,,,,,,,,,,,,,,,,,,,,,,,,,,,,,,,,,,,,,,,,,,,,,,,,,,,,,,,,,,,,,,,,
,,,,,,,,,,,,,,,,,,,,,,,,,,,,,,,,,,,,,,,,,,,,,,,,,,,,,,,,,,,,,,,,,
,,,,,,,,,,,,,,,,,,,,,,,,,,,,,,,,,,,,,,,,,,,,,,,,,,,,,,,,,,,,,,,,,
,,,,,,,,,,,,,,,,,,,,,,,,,,,,,,,,,,,,,,,,,,,,,,,,,,,,,,,,,,,,,,,,,
,,,,,,,,,,,,,,,,,,,,,,,,,,,,,,,,,,,,,,,,,,,,,,,,,,,,,,,,,,,,,,,,,
,,,,,,,,,,,,,,,,,,,,,,,,,,,,,,,,,,,,,,,,,,,,,,,,,,,,,,,,,,,,,,,,,
,,,,,,,,,,,,,,,,,,,,,,,,,,,,,,,,,,,,,,,,,,,,,,,,,,,,,,,,,,,,,,,,,
,,,,,,,,,,,,,,,,,,,,,,,,,,,,,,,,,,,,,,,,,,,,,,,,,,,,,,,,,,,,,,,,,
,,,,,,,,,,,,,,,,,,,,,,,,,,,,,,,,,,,,,,,,,,,,,,,,,,,,,,,,,,,,,,,,,
,,,,,,,,,,,,,,,,,,,,,,,,,,,,,,,,,,,,,,,,,,,,,,,,,,,,,,,,,,,,,,,,,
,,,,,,,,,,,,,,,,,,,,,,,,,,,,,,,,,,,,,,,,,,,,,,,,,,,,,,,,,,,,,,,,,
,,,,,,,,,,,,,,,,,,,,,,,,,,,,,,,,,,,,,,,,,,,,,,,,,,,,,,,,,,,,,,,,,
,,,,,,,,,,,,,,,,,,,,,,,,,,,,,,,,,,,,,,,,,,,,,,,,,,,,,,,,,,,,,,,,,
,,,,,,,,,,,,,,,,,,,,,,,,,,,,,,,,,,,,,,,,,,,,,,,,,,,,,,,,,,,,,,,,,
,,,,,,,,,,,,,,,,,,,,,,,,,,,,,,,,,,,,,,,,,,,,,,,,,,,,,,,,,,,,,,,,,
,,,,,,,,,,,,,,,,,,,,,,,,,,,,,,,,,,,,,,,,,,,,,,,,,,,,,,,,,,,,,,,,,
,,,,,,,,,,,,,,,,,,,,,,,,,,,,,,,,,,,,,,,,,,,,,,,,,,,,,,,,,,,,,,,,,
,,,,,,,,,,,,,,,,,,,,,,,,,,,,,,,,,,,,,,,,,,,,,,,,,,,,,,,,,,,,,,,,,
,,,,,,,,,,,,,,,,,,,,,,,,,,,,,,,,,,,,,,,,,,,,,,,,,,,,,,,,,,,,,,,,,
,,,,,,,,,,,,,,,,,,,,,,,,,,,,,,,,,,,,,,,,,,,,,,,,,,,,,,,,,,,,,,,,,
,,,,,,,,,,,,,,,,,,,,,,,,,,,,,,,,,,,,,,,,,,,,,,,,,,,,,,,,,,,,,,,,,
,,,,,,,,,,,,,,,,,,,,,,,,,,,,,,,,,,,,,,,,,,,,,,,,,,,,,,,,,,,,,,,,,
,,,,,,,,,,,,,,,,,,,,,,,,,,,,,,,,,,,,,,,,,,,,,,,,,,,,,,,,,,,,,,,,,
,,,,,,,,,,,,,,,,,,,,,,,,,,,,,,,,,,,,,,,,,,,,,,,,,,,,,,,,,,,,,,,,,
,,,,,,,,,,,,,,,,,,,,,,,,,,,,,,,,,,,,,,,,,,,,,,,,,,,,,,,,,,,,,,,,,
,,,,,,,,,,,,,,,,,,,,,,,,,,,,,,,,,,,,,,,,,,,,,,,,,,,,,,,,,,,,,,,,,
,,,,,,,,,,,,,,,,,,,,,,,,,,,,,,,,,,,,,,,,,,,,,,,,,,,,,,,,,,,,,,,,,
,,,,,,,,,,,,,,,,,,,,,,,,,,,,,,,,,,,,,,,,,,,,,,,,,,,,,,,,,,,,,,,,,
,,,,,,,,,,,,,,,,,,,,,,,,,,,,,,,,,,,,,,,,,,,,,,,,,,,,,,,,,,,,,,,,,
,,,,,,,,,,,,,,,,,,,,,,,,,,,,,,,,,,,,,,,,,,,,,,,,,,,,,,,,,,,,,,,,,
,,,,,,,,,,,,,,,,,,,,,,,,,,,,,,,,,,,,,,,,,,,,,,,,,,,,,,,,,,,,,,,,,
,,,,,,,,,,,,,,,,,,,,,,,,,,,,,,,,,,,,,,,,,,,,,,,,,,,,,,,,,,,,,,,,,
,,,,,,,,,,,,,,,,,,,,,,,,,,,,,,,,,,,,,,,,,,,,,,,,,,,,,,,,,,,,,,,,,
,,,,,,,,,,,,,,,,,,,,,,,,,,,,,,,,,,,,,,,,,,,,,,,,,,,,,,,,,,,,,,,,,
,,,,,,,,,,,,,,,,,,,,,,,,,,,,,,,,,,,,,,,,,,,,,,,,,,,,,,,,,,,,,,,,,
,,,,,,,,,,,,,,,,,,,,,,,,,,,,,,,,,,,,,,,,,,,,,,,,,,,,,,,,,,,,,,,,,
,,,,,,,,,,,,,,,,,,,,,,,,,,,,,,,,,,,,,,,,,,,,,,,,,,,,,,,,,,,,,,,,,
,,,,,,,,,,,,,,,,,,,,,,,,,,,,,,,,,,,,,,,,,,,,,,,,,,,,,,,,,,,,,,,,,
,,,,,,,,,,,,,,,,,,,,,,,,,,,,,,,,,,,,,,,,,,,,,,,,,,,,,,,,,,,,,,,,,
,,,,,,,,,,,,,,,,,,,,,,,,,,,,,,,,,,,,,,,,,,,,,,,,,,,,,,,,,,,,,,,,,
,,,,,,,,,,,,,,,,,,,,,,,,,,,,,,,,,,,,,,,,,,,,,,,,,,,,,,,,,,,,,,,,,
,,,,,,,,,,,,,,,,,,,,,,,,,,,,,,,,,,,,,,,,,,,,,,,,,,,,,,,,,,,,,,,,,
,,,,,,,,,,,,,,,,,,,,,,,,,,,,,,,,,,,,,,,,,,,,,,,,,,,,,,,,,,,,,,,,,
,,,,,,,,,,,,,,,,,,,,,,,,,,,,,,,,,,,,,,,,,,,,,,,,,,,,,,,,,,,,,,,,,
,,,,,,,,,,,,,,,,,,,,,,,,,,,,,,,,,,,,,,,,,,,,,,,,,,,,,,,,,,,,,,,,,
,,,,,,,,,,,,,,,,,,,,,,,,,,,,,,,,,,,,,,,,,,,,,,,,,,,,,,,,,,,,,,,,,
,,,,,,,,,,,,,,,,,,,,,,,,,,,,,,,,,,,,,,,,,,,,,,,,,,,,,,,,,,,,,,,,,
,,,,,,,,,,,,,,,,,,,,,,,,,,,,,,,,,,,,,,,,,,,,,,,,,,,,,,,,,,,,,,,,,
,,,,,,,,,,,,,,,,,,,,,,,,,,,,,,,,,,,,,,,,,,,,,,,,,,,,,,,,,,,,,,,,,
,,,,,,,,,,,,,,,,,,,,,,,,,,,,,,,,,,,,,,,,,,,,,,,,,,,,,,,,,,,,,,,,,
,,,,,,,,,,,,,,,,,,,,,,,,,,,,,,,,,,,,,,,,,,,,,,,,,,,,,,,,,,,,,,,,,
,,,,,,,,,,,,,,,,,,,,,,,,,,,,,,,,,,,,,,,,,,,,,,,,,,,,,,,,,,,,,,,,,
,,,,,,,,,,,,,,,,,,,,,,,,,,,,,,,,,,,,,,,,,,,,,,,,,,,,,,,,,,,,,,,,,
,,,,,,,,,,,,,,,,,,,,,,,,,,,,,,,,,,,,,,,,,,,,,,,,,,,,,,,,,,,,,,,,,
,,,,,,,,,,,,,,,,,,,,,,,,,,,,,,,,,,,,,,,,,,,,,,,,,,,,,,,,,,,,,,,,,
,,,,,,,,,,,,,,,,,,,,,,,,,,,,,,,,,,,,,,,,,,,,,,,,,,,,,,,,,,,,,,,,,
,,,,,,,,,,,,,,,,,,,,,,,,,,,,,,,,,,,,,,,,,,,,,,,,,,,,,,,,,,,,,,,,,
,,,,,,,,,,,,,,,,,,,,,,,,,,,,,,,,,,,,,,,,,,,,,,,,,,,,,,,,,,,,,,,,,
,,,,,,,,,,,,,,,,,,,,,,,,,,,,,,,,,,,,,,,,,,,,,,,,,,,,,,,,,,,,,,,,,
,,,,,,,,,,,,,,,,,,,,,,,,,,,,,,,,,,,,,,,,,,,,,,,,,,,,,,,,,,,,,,,,,
,,,,,,,,,,,,,,,,,,,,,,,,,,,,,,,,,,,,,,,,,,,,,,,,,,,,,,,,,,,,,,,,,
,,,,,,,,,,,,,,,,,,,,,,,,,,,,,,,,,,,,,,,,,,,,,,,,,,,,,,,,,,,,,,,,,
,,,,,,,,,,,,,,,,,,,,,,,,,,,,,,,,,,,,,,,,,,,,,,,,,,,,,,,,,,,,,,,,,
,,,,,,,,,,,,,,,,,,,,,,,,,,,,,,,,,,,,,,,,,,,,,,,,,,,,,,,,,,,,,,,,,
,,,,,,,,,,,,,,,,,,,,,,,,,,,,,,,,,,,,,,,,,,,,,,,,,,,,,,,,,,,,,,,,,
,,,,,,,,,,,,,,,,,,,,,,,,,,,,,,,,,,,,,,,,,,,,,,,,,,,,,,,,,,,,,,,,,
,,,,,,,,,,,,,,,,,,,,,,,,,,,,,,,,,,,,,,,,,,,,,,,,,,,,,,,,,,,,,,,,,
,,,,,,,,,,,,,,,,,,,,,,,,,,,,,,,,,,,,,,,,,,,,,,,,,,,,,,,,,,,,,,,,,
,,,,,,,,,,,,,,,,,,,,,,,,,,,,,,,,,,,,,,,,,,,,,,,,,,,,,,,,,,,,,,,,,
,,,,,,,,,,,,,,,,,,,,,,,,,,,,,,,,,,,,,,,,,,,,,,,,,,,,,,,,,,,,,,,,,
,,,,,,,,,,,,,,,,,,,,,,,,,,,,,,,,,,,,,,,,,,,,,,,,,,,,,,,,,,,,,,,,,
,,,,,,,,,,,,,,,,,,,,,,,,,,,,,,,,,,,,,,,,,,,,,,,,,,,,,,,,,,,,,,,,,
,,,,,,,,,,,,,,,,,,,,,,,,,,,,,,,,,,,,,,,,,,,,,,,,,,,,,,,,,,,,,,,,,
,,,,,,,,,,,,,,,,,,,,,,,,,,,,,,,,,,,,,,,,,,,,,,,,,,,,,,,,,,,,,,,,,
,,,,,,,,,,,,,,,,,,,,,,,,,,,,,,,,,,,,,,,,,,,,,,,,,,,,,,,,,,,,,,,,,
,,,,,,,,,,,,,,,,,,,,,,,,,,,,,,,,,,,,,,,,,,,,,,,,,,,,,,,,,,,,,,,,,
,,,,,,,,,,,,,,,,,,,,,,,,,,,,,,,,,,,,,,,,,,,,,,,,,,,,,,,,,,,,,,,,,
,,,,,,,,,,,,,,,,,,,,,,,,,,,,,,,,,,,,,,,,,,,,,,,,,,,,,,,,,,,,,,,,,
,,,,,,,,,,,,,,,,,,,,,,,,,,,,,,,,,,,,,,,,,,,,,,,,,,,,,,,,,,,,,,,,,
,,,,,,,,,,,,,,,,,,,,,,,,,,,,,,,,,,,,,,,,,,,,,,,,,,,,,,,,,,,,,,,,,
,,,,,,,,,,,,,,,,,,,,,,,,,,,,,,,,,,,,,,,,,,,,,,,,,,,,,,,,,,,,,,,,,
,,,,,,,,,,,,,,,,,,,,,,,,,,,,,,,,,,,,,,,,,,,,,,,,,,,,,,,,,,,,,,,,,
,,,,,,,,,,,,,,,,,,,,,,,,,,,,,,,,,,,,,,,,,,,,,,,,,,,,,,,,,,,,,,,,,
,,,,,,,,,,,,,,,,,,,,,,,,,,,,,,,,,,,,,,,,,,,,,,,,,,,,,,,,,,,,,,,,,
,,,,,,,,,,,,,,,,,,,,,,,,,,,,,,,,,,,,,,,,,,,,,,,,,,,,,,,,,,,,,,,,,
,,,,,,,,,,,,,,,,,,,,,,,,,,,,,,,,,,,,,,,,,,,,,,,,,,,,,,,,,,,,,,,,,
,,,,,,,,,,,,,,,,,,,,,,,,,,,,,,,,,,,,,,,,,,,,,,,,,,,,,,,,,,,,,,,,,
,,,,,,,,,,,,,,,,,,,,,,,,,,,,,,,,,,,,,,,,,,,,,,,,,,,,,,,,,,,,,,,,,
,,,,,,,,,,,,,,,,,,,,,,,,,,,,,,,,,,,,,,,,,,,,,,,,,,,,,,,,,,,,,,,,,
,,,,,,,,,,,,,,,,,,,,,,,,,,,,,,,,,,,,,,,,,,,,,,,,,,,,,,,,,,,,,,,,,
,,,,,,,,,,,,,,,,,,,,,,,,,,,,,,,,,,,,,,,,,,,,,,,,,,,,,,,,,,,,,,,,,
,,,,,,,,,,,,,,,,,,,,,,,,,,,,,,,,,,,,,,,,,,,,,,,,,,,,,,,,,,,,,,,,,
,,,,,,,,,,,,,,,,,,,,,,,,,,,,,,,,,,,,,,,,,,,,,,,,,,,,,,,,,,,,,,,,,
,,,,,,,,,,,,,,,,,,,,,,,,,,,,,,,,,,,,,,,,,,,,,,,,,,,,,,,,,,,,,,,,,
,,,,,,,,,,,,,,,,,,,,,,,,,,,,,,,,,,,,,,,,,,,,,,,,,,,,,,,,,,,,,,,,,
,,,,,,,,,,,,,,,,,,,,,,,,,,,,,,,,,,,,,,,,,,,,,,,,,,,,,,,,,,,,,,,,,
,,,,,,,,,,,,,,,,,,,,,,,,,,,,,,,,,,,,,,,,,,,,,,,,,,,,,,,,,,,,,,,,,
,,,,,,,,,,,,,,,,,,,,,,,,,,,,,,,,,,,,,,,,,,,,,,,,,,,,,,,,,,,,,,,,,
,,,,,,,,,,,,,,,,,,,,,,,,,,,,,,,,,,,,,,,,,,,,,,,,,,,,,,,,,,,,,,,,,
,,,,,,,,,,,,,,,,,,,,,,,,,,,,,,,,,,,,,,,,,,,,,,,,,,,,,,,,,,,,,,,,,
,,,,,,,,,,,,,,,,,,,,,,,,,,,,,,,,,,,,,,,,,,,,,,,,,,,,,,,,,,,,,,,,,
,,,,,,,,,,,,,,,,,,,,,,,,,,,,,,,,,,,,,,,,,,,,,,,,,,,,,,,,,,,,,,,,,
,,,,,,,,,,,,,,,,,,,,,,,,,,,,,,,,,,,,,,,,,,,,,,,,,,,,,,,,,,,,,,,,,
,,,,,,,,,,,,,,,,,,,,,,,,,,,,,,,,,,,,,,,,,,,,,,,,,,,,,,,,,,,,,,,,,
,,,,,,,,,,,,,,,,,,,,,,,,,,,,,,,,,,,,,,,,,,,,,,,,,,,,,,,,,,,,,,,,,
,,,,,,,,,,,,,,,,,,,,,,,,,,,,,,,,,,,,,,,,,,,,,,,,,,,,,,,,,,,,,,,,,
,,,,,,,,,,,,,,,,,,,,,,,,,,,,,,,,,,,,,,,,,,,,,,,,,,,,,,,,,,,,,,,,,
,,,,,,,,,,,,,,,,,,,,,,,,,,,,,,,,,,,,,,,,,,,,,,,,,,,,,,,,,,,,,,,,,
,,,,,,,,,,,,,,,,,,,,,,,,,,,,,,,,,,,,,,,,,,,,,,,,,,,,,,,,,,,,,,,,,
,,,,,,,,,,,,,,,,,,,,,,,,,,,,,,,,,,,,,,,,,,,,,,,,,,,,,,,,,,,,,,,,,
,,,,,,,,,,,,,,,,,,,,,,,,,,,,,,,,,,,,,,,,,,,,,,,,,,,,,,,,,,,,,,,,,
,,,,,,,,,,,,,,,,,,,,,,,,,,,,,,,,,,,,,,,,,,,,,,,,,,,,,,,,,,,,,,,,,
,,,,,,,,,,,,,,,,,,,,,,,,,,,,,,,,,,,,,,,,,,,,,,,,,,,,,,,,,,,,,,,,,
,,,,,,,,,,,,,,,,,,,,,,,,,,,,,,,,,,,,,,,,,,,,,,,,,,,,,,,,,,,,,,,,,
,,,,,,,,,,,,,,,,,,,,,,,,,,,,,,,,,,,,,,,,,,,,,,,,,,,,,,,,,,,,,,,,,
,,,,,,,,,,,,,,,,,,,,,,,,,,,,,,,,,,,,,,,,,,,,,,,,,,,,,,,,,,,,,,,,,
,,,,,,,,,,,,,,,,,,,,,,,,,,,,,,,,,,,,,,,,,,,,,,,,,,,,,,,,,,,,,,,,,
,,,,,,,,,,,,,,,,,,,,,,,,,,,,,,,,,,,,,,,,,,,,,,,,,,,,,,,,,,,,,,,,,
,,,,,,,,,,,,,,,,,,,,,,,,,,,,,,,,,,,,,,,,,,,,,,,,,,,,,,,,,,,,,,,,,
,,,,,,,,,,,,,,,,,,,,,,,,,,,,,,,,,,,,,,,,,,,,,,,,,,,,,,,,,,,,,,,,,
,,,,,,,,,,,,,,,,,,,,,,,,,,,,,,,,,,,,,,,,,,,,,,,,,,,,,,,,,,,,,,,,,
,,,,,,,,,,,,,,,,,,,,,,,,,,,,,,,,,,,,,,,,,,,,,,,,,,,,,,,,,,,,,,,,,
,,,,,,,,,,,,,,,,,,,,,,,,,,,,,,,,,,,,,,,,,,,,,,,,,,,,,,,,,,,,,,,,,
,,,,,,,,,,,,,,,,,,,,,,,,,,,,,,,,,,,,,,,,,,,,,,,,,,,,,,,,,,,,,,,,,
,,,,,,,,,,,,,,,,,,,,,,,,,,,,,,,,,,,,,,,,,,,,,,,,,,,,,,,,,,,,,,,,,
,,,,,,,,,,,,,,,,,,,,,,,,,,,,,,,,,,,,,,,,,,,,,,,,,,,,,,,,,,,,,,,,,
,,,,,,,,,,,,,,,,,,,,,,,,,,,,,,,,,,,,,,,,,,,,,,,,,,,,,,,,,,,,,,,,,
,,,,,,,,,,,,,,,,,,,,,,,,,,,,,,,,,,,,,,,,,,,,,,,,,,,,,,,,,,,,,,,,,
,,,,,,,,,,,,,,,,,,,,,,,,,,,,,,,,,,,,,,,,,,,,,,,,,,,,,,,,,,,,,,,,,
,,,,,,,,,,,,,,,,,,,,,,,,,,,,,,,,,,,,,,,,,,,,,,,,,,,,,,,,,,,,,,,,,
,,,,,,,,,,,,,,,,,,,,,,,,,,,,,,,,,,,,,,,,,,,,,,,,,,,,,,,,,,,,,,,,,
,,,,,,,,,,,,,,,,,,,,,,,,,,,,,,,,,,,,,,,,,,,,,,,,,,,,,,,,,,,,,,,,,
,,,,,,,,,,,,,,,,,,,,,,,,,,,,,,,,,,,,,,,,,,,,,,,,,,,,,,,,,,,,,,,,,
,,,,,,,,,,,,,,,,,,,,,,,,,,,,,,,,,,,,,,,,,,,,,,,,,,,,,,,,,,,,,,,,,
,,,,,,,,,,,,,,,,,,,,,,,,,,,,,,,,,,,,,,,,,,,,,,,,,,,,,,,,,,,,,,,,,
,,,,,,,,,,,,,,,,,,,,,,,,,,,,,,,,,,,,,,,,,,,,,,,,,,,,,,,,,,,,,,,,,
,,,,,,,,,,,,,,,,,,,,,,,,,,,,,,,,,,,,,,,,,,,,,,,,,,,,,,,,,,,,,,,,,
,,,,,,,,,,,,,,,,,,,,,,,,,,,,,,,,,,,,,,,,,,,,,,,,,,,,,,,,,,,,,,,,,
,,,,,,,,,,,,,,,,,,,,,,,,,,,,,,,,,,,,,,,,,,,,,,,,,,,,,,,,,,,,,,,,,
,,,,,,,,,,,,,,,,,,,,,,,,,,,,,,,,,,,,,,,,,,,,,,,,,,,,,,,,,,,,,,,,,
,,,,,,,,,,,,,,,,,,,,,,,,,,,,,,,,,,,,,,,,,,,,,,,,,,,,,,,,,,,,,,,,,
,,,,,,,,,,,,,,,,,,,,,,,,,,,,,,,,,,,,,,,,,,,,,,,,,,,,,,,,,,,,,,,,,
,,,,,,,,,,,,,,,,,,,,,,,,,,,,,,,,,,,,,,,,,,,,,,,,,,,,,,,,,,,,,,,,,
,,,,,,,,,,,,,,,,,,,,,,,,,,,,,,,,,,,,,,,,,,,,,,,,,,,,,,,,,,,,,,,,,
,,,,,,,,,,,,,,,,,,,,,,,,,,,,,,,,,,,,,,,,,,,,,,,,,,,,,,,,,,,,,,,,,
,,,,,,,,,,,,,,,,,,,,,,,,,,,,,,,,,,,,,,,,,,,,,,,,,,,,,,,,,,,,,,,,,
,,,,,,,,,,,,,,,,,,,,,,,,,,,,,,,,,,,,,,,,,,,,,,,,,,,,,,,,,,,,,,,,,
,,,,,,,,,,,,,,,,,,,,,,,,,,,,,,,,,,,,,,,,,,,,,,,,,,,,,,,,,,,,,,,,,
,,,,,,,,,,,,,,,,,,,,,,,,,,,,,,,,,,,,,,,,,,,,,,,,,,,,,,,,,,,,,,,,,