Trap #,Date Set,Time Set,Date Pulled ,Time Pulled,UTM Zone,UTM Easting,UTM Northing,Trap Type, Open/ Closed Funnel (OF/CF) , Bait ,Depth m,Temp C,Secchi Depth,Burbot Captured Y/N,No. Burbot Captured,Len (mm),Wt (kg),Girth (MM),Tag applied (Y/N),Tag No. / Colour,Recap (Y/N),Tag No. / Colour,Fate (D/L),Sacrificed (Y/N),Sacrificied Code,Taggged Mortality,Comments,Sp.,No.L,No.D,Len,Len,Len,Len,Len,Sp.,No.L,No.D,Len,Len,Len,Len,Len,Sp.,No.L,No.D,Len,Len,Len,Len,Len,Sp.,No.L,No.D,Len,Len,Len,Len,Len,Sp.,No.L,No.D,Len,Len,Len
10,3-Jun-09,1820,4-Jun-09,1739,10U,476474,5959535,Cod Trap, CF , Sockeye ,22.0,14,1.2,Y,1,565,1.25,255,Y,FW YELLOW BC02769,N,,*L,N,,,"Bait replenished, lg vigorous fish, same issues as other burbot floating? Fish seem to gulp air when trap is being untied. *fish was released with fishfrom trap 9. Floating on back with good vital signs. **Fish was located again near bouy 12 at 1939 still on back but finning vigorously. Gas bubble appeared to have moved nearer the vent.",,,,,,,,,,,,,,,,,,,,,,,,,,,,,,,,,,,,,,
9,3-Jun-09,1815,4-Jun-09,1707,10U,476706,5959566,Cod Trap, CF , Sockeye ,21.0,14,1.2,Y,1,460,0.75,220,Y,FW YELLOW BC02771,N,,*L,N,,,"Bait not replenished, fish not reviving well, floats on back, fish only out of trap for 2 min - into bucket of fresh water. Handled once for length, girth and weight - handled again for floy tagging approx. 15-20 sec. Fish released with fish caught in trap 10. *fish was last seen on back floating, breathing well and trying to right itself",,,,,,,,,,,,,,,,,,,,,,,,,,,,,,,,,,,,,,
2,3-Jun-09,1930,4-Jun-09,1514,10U,478111,5959397,Cod Trap, OF , Sockeye ,12.0,13,1.2,Y,1,500,1.03,240,Y,FW YELLOW BC02773,N,,L,N,,,"Fish having trouble reviving, kept in water bucket and was put in lake in attempt to get fish going. Fish appeared to be full of air (gas). Fish was put into trap 5 to see if this would help it to live, die, or escape. ",,,,,,,,,,,,,,,,,,,,,,,,,,,,,,,,,,,,,,
1,3-Jun-09,1925,4-Jun-09,1443,10U,478267,5959320,Cod Trap, OF , Sockeye ,9.8,14,1.2,N,0,,,,,,,,,,,,"NSC released, suffiecient bait left for re-set",NSC,1,,300,,,,,,,,,,,,,,,,,,,,,,,,,,,,,,,,,,
3,3-Jun-09,1935,4-Jun-09,1540,10U,477913,5959415,Cod Trap, OF , Sockeye ,14.0,13,1.2,N,0,,,,,,,,,,,,"No fish caught, bottom of trap was partially open (approx. 5in)",,,,,,,,,,,,,,,,,,,,,,,,,,,,,,,,,,,,,,
4,3-Jun-09,1940,4-Jun-09,1555,10U,477800,5959516,Cod Trap, CF , Sockeye ,12.0,14,1.2,N,0,,,,,,,,,,,,Bait not replenished,,,,,,,,,,,,,,,,,,,,,,,,,,,,,,,,,,,,,,
5,3-Jun-09,1945,4-Jun-09,1609,10U,477614,5959495,Cod Trap, CF , Sockeye ,16.0,14,1.2,N,0,,,,,,,,,,,,"Only 1 pc of bait left in trap, replenished bait.",,,,,,,,,,,,,,,,,,,,,,,,,,,,,,,,,,,,,,
6,3-Jun-09,2000,4-Jun-09,1635,10U,477354,5959576,Cod Trap, CF , Sockeye ,22.0,14,1.2,N,0,,,,,,,,,,,,"No bait taken, bait not replenished",,,,,,,,,,,,,,,,,,,,,,,,,,,,,,,,,,,,,,
7,3-Jun-09,2005,4-Jun-09,1648,10U,477132,5959575,Cod Trap, OF , Sockeye ,23.0,14,1.2,N,0,,,,,,,,,,,,"No bait taken, bait not replenished",,,,,,,,,,,,,,,,,,,,,,,,,,,,,,,,,,,,,,
8,3-Jun-09,2010,4-Jun-09,1657,10U,476904,5959573,Cod Trap, OF , Sockeye ,23.0,14,1.2,N,0,,,,,,,,,,,,"Sockeye for bait, no fish caught, bait not replenished",,,,,,,,,,,,,,,,,,,,,,,,,,,,,,,,,,,,,,
11,4-Jun-09,1856,5-Jun-09,1258,10U,476156,5959318,Cod Trap, CF , Sockeye ,25.0,14,0.9,Y,1,645,1.49,260,Y,FW YELLOW BC02766,N,,L,N,,,"Fish and trap sent to bottom. Fish to be released tomorrow, sufficient bait in trap, not replenished",,,,,,,,,,,,,,,,,,,,,,,,,,,,,,,,,,,,,,
10,4-Jun-09,1800,5-Jun-09,1243,10U,476437,5959517,Cod Trap, CF , Sockeye ,22.0,14,0.9,Y,1,390,0.43,175,Y,FW YELLOW BC02767,N,,L,N,,,"Fish appeared vigorous when sent to the bottom with net. Lots of bait remaining in trap, bait not replenished. Condition on lake - choppy/windy",,,,,,,,,,,,,,,,,,,,,,,,,,,,,,,,,,,,,,
8,4-Jun-09,1701,5-Jun-09,1205,10V,476898,5959566,Cod Trap, OF , Sockeye ,22.0,15,0.9,Y,1,530,1.17,250,Y,FW YELLOW BC02768,N,,L,N,,,"All bait eaten, trap not moved. Fish appear to be not affected by decompression as previous fish. Fish was sent with trap back to the bottom - will release tomorrow",,,,,,,,,,,,,,,,,,,,,,,,,,,,,,,,,,,,,,
1,4-Jun-09,1446,5-Jun-09,1029,10U,478281,5959311,Cod Trap, OF , Sockeye ,6.9,15,0.9,N,0,,,,,,,,,,,,"No fish caught, bait not replenished",,,,,,,,,,,,,,,,,,,,,,,,,,,,,,,,,,,,,,
2,4-Jun-09,1524,5-Jun-09,1041,10U,478115,5959401,Cod Trap, OF , Sockeye ,12.0,14,0.9,N,0,,,,,,,,,,,,"No fish caught, bait not replenished, replenished next set",,,,,,,,,,,,,,,,,,,,,,,,,,,,,,,,,,,,,,
3,4-Jun-09,1543,5-Jun-09,1048,10U,477911,5959409,Cod Trap, OF , Sockeye ,14.0,14,0.9,N,0,,,,,,,,,,,,"No fish caught, bait not replenished, replenished next set",,,,,,,,,,,,,,,,,,,,,,,,,,,,,,,,,,,,,,
4,4-Jun-09,1601,5-Jun-09,1056,10U,477782,5959517,Cod Trap, CF , Sockeye ,14.0,14,0.9,N,0,,,,,,,,,,,,"No fish caught, trap re-set (see new data sheet T#4), bait refreshed",,,,,,,,,,,,,,,,,,,,,,,,,,,,,,,,,,,,,,
5,4-Jun-09,1614,5-Jun-09,1108,10U,477606,5959494,Cod Trap, CF , Sockeye ,16.0,15,0.9,N,0,,,,,,,,,,,,"Fish from trap #2 was alive and well, fish was not taken from trap. BottomCinch was released and fish was sent (with net) back to the bottom. *   see data sheet from June 3/09 Traps 2 and 5. Trap 5 moved June 5/09",,,,,,,,,,,,,,,,,,,,,,,,,,,,,,,,,,,,,,
6,4-Jun-09,1637,5-Jun-09,1131,10U,477335,5959582,Cod Trap, CF , Sockeye ,22.0,15,0.9,N,0,,,,,,,,,,,,No fish caught. Trap 6 moved June 5/09,,,,,,,,,,,,,,,,,,,,,,,,,,,,,,,,,,,,,,
7,4-Jun-09,1652,5-Jun-09,1144,10U,477109,5959573,Cod Trap, OF , Sockeye ,22.0,15,0.9,N,0,,,,,,,,,,,,"No fish caught, bait gone. Trap moved June 5/09",,,,,,,,,,,,,,,,,,,,,,,,,,,,,,,,,,,,,,
9,4-Jun-09,1710,5-Jun-09,1221,10U,476347,5959489,Cod Trap, CF , Sockeye ,24.0,15,0.9,N,0,,,,,,,,,,,,"No fish caught, trap had drifted/or been moved down lake past trap #10. Trap was relocated back uplake into sequential order.",,,,,,,,,,,,,,,,,,,,,,,,,,,,,,,,,,,,,,
12,4-Jun-09,1906,5-Jun-09,1317,10U,475911,5959261,Cod Trap, CF , Sockeye ,24.0,14,0.9,N,0,,,,,,,,,,,,"No fish caught, lots of bait, bait not replenished",,,,,,,,,,,,,,,,,,,,,,,,,,,,,,,,,,,,,,
13,4-Jun-09,1915,5-Jun-09,1327,10U,475723,5959225,Cod Trap, CF , Sockeye ,23.0,14,0.9,N,0,,,,,,,,,,,,"No fish caught, bait not eaten, not replenished",,,,,,,,,,,,,,,,,,,,,,,,,,,,,,,,,,,,,,
14,4-Jun-09,1924,5-Jun-09,1335,10U,475478,5959148,Cod Trap, OF , Sockeye ,19.0,14,0.9,N,0,,,,,,,,,,,,"No fish caught, lots of bait, not replenished",,,,,,,,,,,,,,,,,,,,,,,,,,,,,,,,,,,,,,
15,4-Jun-09,1934,5-Jun-09,1346,10U,475271,5959089,Cod Trap, CF , Sockeye ,15.0,14,0.9,N,0,,,,,,,,,,,,"No fish caught, lots of bait, not replenished. Very rough condition /wind/waves",,,,,,,,,,,,,,,,,,,,,,,,,,,,,,,,,,,,,,
15,5-Jun-09,1348,6-Jun-09,2050,10U,475234,5959040,Cod Trap, CF , Sockeye/ coho ,12.9,15,1.5,Y,1,510,1.06,230,Y,FW YELLOW BC02764,N,,L,N,,Fishermen Return Feb. 2010,Replenished bait w/ Coho. Fish ounctured and on its way.,,,,,,,,,,,,,,,,,,,,,,,,,,,,,,,,,,,,,,
6,5-Jun-09,1137,6-Jun-09,1843,10U,477316,5959706,Cod Trap, CF , Sockeye ,20.0,14,1.5,Y,1,680,2.48,300,Y,FW YELLOW BC02765,N,,L,N,,,Bait not replenished after move. Note girth on this fish is after pucturing to release gasses. Puncturing worked very well - fish return to depth vigorously. Bait was replenished and trap was reset.,,,,,,,,,,,,,,,,,,,,,,,,,,,,,,,,,,,,,,
1,5-Jun-09,1032,6-Jun-09,1737,10U,478286,5959297,Cod Trap, OF , Sockeye ,6.2,15,1.5,N,0,,,,,,,,,,,,4 red sided shiners. Bait refreshed. Trap not moved due to time constraints. Will move tomorrow.,RSC,4,,7.5,8.5,8.5,80,,,,,,,,,,,,,,,,,,,,,,,,,,,,,,,
2,5-Jun-09,1042,6-Jun-09,1757,10U,478110,5959401,Cod Trap, OF , Sockeye ,11.8,14,1.5,N,0,,,,,,,,,,,,"No fish caught, bait refreshed. Trap not moved. Will move tomorrow.",,,,,,,,,,,,,,,,,,,,,,,,,,,,,,,,,,,,,,
3,5-Jun-09,1050,6-Jun-09,1811,10U,477901,5959399,Cod Trap, OF , Sockeye ,13.4,15,1.5,N,0,,,,,,,,,,,,"No fish caught, bait refreshed. Trap not moved. Will move tomorrow.",,,,,,,,,,,,,,,,,,,,,,,,,,,,,,,,,,,,,,
4,5-Jun-09,1103,6-Jun-09,1821,10U,477748,5959373,Cod Trap, CF , Sockeye ,9.5,15,1.5,N,0,,,,,,,,,,,,"No fish caught, refreshed bait",,,,,,,,,,,,,,,,,,,,,,,,,,,,,,,,,,,,,,
5,5-Jun-09,1124,6-Jun-09,1834,10U,477611,5959587,Cod Trap, CF , Sockeye ,12.0,15,1.5,N,0,,,,,,,,,,,,"No fish caught, bait not refreshed",,,,,,,,,,,,,,,,,,,,,,,,,,,,,,,,,,,,,,
7,5-Jun-09,1153,6-Jun-09,1908,10U,477049,5959382,Cod Trap, OF , Sockeye ,25.0,15,1.5,N,0,,,,,,,,,,,,"Bait replenished after move. Trap appears to have drifted a little. Bait replenished, trap reset. No fish caught.",,,,,,,,,,,,,,,,,,,,,,,,,,,,,,,,,,,,,,
8,5-Jun-09,1208,6-Jun-09,1922,10U,476613,5959187,Cod Trap, OF , Sockeye ,22.2,15,1.5,N,0,,,,,,,,,,,,Ne appears to have drifted considerably. UTM is where net was pulled. Replenished baitand moved trap. No fish caught.,,,,,,,,,,,,,,,,,,,,,,,,,,,,,,,,,,,,,,
9,5-Jun-09,1233,6-Jun-09,1939,10U,476600,5959462,Cod Trap, CF , Sockeye/ coho ,24.0,14,1.5,N,0,,,,,,,,,,,,Replenished bait w/ Coho. No fish caught,,,,,,,,,,,,,,,,,,,,,,,,,,,,,,,,,,,,,,
10,5-Jun-09,1250,6-Jun-09,2006,10U,475805,5959116,Cod Trap, CF , Sockeye/ coho ,21.8,15,1.5,N,0,,,,,,,,,,,,"Trap was found down lake past trap 12 and brought back into sequential order. No fish caught, replenished bait with Coho after move. Bouy rope was lenthened after move.",,,,,,,,,,,,,,,,,,,,,,,,,,,,,,,,,,,,,,
11,5-Jun-09,1308,6-Jun-09,1758,10U,476825,5959283,Cod Trap, CF , Sockeye/ coho ,22.3,15,0.9,N,0,,,,,,,,,,,,Fish left in trap overnight remained - punctured and went freely to the bottom vigorously. Bait replenished w/ Coho. No new fish caught.,,,,,,,,,,,,,,,,,,,,,,,,,,,,,,,,,,,,,,
12,5-Jun-09,1321,6-Jun-09,2024,10U,475901,5959243,Cod Trap, CF , Sockeye/ coho ,21.8,15,1.5,N,0,,,,,,,,,,,,Replenished bait w/ Coho. No fish caught,,,,,,,,,,,,,,,,,,,,,,,,,,,,,,,,,,,,,,
13,5-Jun-09,1329,6-Jun-09,2036,10U,475703,5959211,Cod Trap, CF , Sockeye ,21.7,15,1.5,N,0,,,,,,,,,,,,"No fish caught, bait not replaced",,,,,,,,,,,,,,,,,,,,,,,,,,,,,,,,,,,,,,
14,5-Jun-09,1338,6-Jun-09,2043,10U,475453,5959095,Cod Trap, OF , Sockeye/ coho ,17.6,15,1.5,N,0,,,,,,,,,,,,"No fish caught, bait replenished w/ Coho",,,,,,,,,,,,,,,,,,,,,,,,,,,,,,,,,,,,,,
5,6-Jun-09,1836,7-Jun-09,1617,10U,477602,5959587,Cod Trap, CF , Salmon ,11.7,15,1.5,Y,1,570,1.52,270,Y,FW YELLOW BC02759,N,,L,N,,,"Fish not reviving well. Punctured 3 times, still has gas. Fish released back into lake. Bait refreshed",,,,,,,,,,,,,,,,,,,,,,,,,,,,,,,,,,,,,,
11,6-Jun-09,2016,7-Jun-09,1458,10U,476081,5959282,Cod Trap, CF , Salmon ,22.4,12,1.5,Y,1,720,2.6,270,Y,FW YELLOW BC02760,N,,L,N,,,Bait refreshed. Fish was punctured and released 8 punctured before girth measurement,,,,,,,,,,,,,,,,,,,,,,,,,,,,,,,,,,,,,,
14,6-Jun-09,2046,7-Jun-09,1415,10U,475451,5959093,Cod Trap, OF , Salmon ,17.4,12,1.5,Y,1,645,1.84,260,Y,FW YELLOW BC02761,N,,L,N,,,Fish was punctured but resurfaced shortly after release. Fish was punctured again and released successfully. Bait refreshed,,,,,,,,,,,,,,,,,,,,,,,,,,,,,,,,,,,,,,
1,6-Jun-09,1746,7-Jun-09,1704,10U,478268,5959295,Cod Trap, OF , Salmon ,6.2,15,1.5,N,0,,,,,,,,,,,,All bi-catch kept for bait - trap refreshed with salmon,,,,,,,,,,,,,,,,,,,,,,,,,,,,,,,,,,,,,,
2,6-Jun-09,1809,7-Jun-09,1658,10U,478099,5959406,Cod Trap, OF , Salmon ,11.5,14,1.5,N,0,,,,,,,,,,,,"No fish caught, bait refreshed",,,,,,,,,,,,,,,,,,,,,,,,,,,,,,,,,,,,,,
3,6-Jun-09,1814,7-Jun-09,1652,10U,477876,5959402,Cod Trap, OF , Salmon/ PCC ,12.0,14,1.5,N,0,,,,,,,,,,,,Peamouth added to bait. No salmon put in trap,PCC,1,,200,,,,,,,,,,,,,,,,,,,,,,,,,,,,,,,,,,
4,6-Jun-09,1822,7-Jun-09,1642,10U,477733,5959380,Cod Trap, CF , Salmon ,11.4,15,1.5,N,0,,,,,,,,,,,,"No fish caught, bait not refreshed",,,,,,,,,,,,,,,,,,,,,,,,,,,,,,,,,,,,,,
6,6-Jun-09,1855,7-Jun-09,1556,10U,477305,5959701,Cod Trap, CF , Salmon ,18.8,14,1.5,N,0,,,,,,,,,,,,"No fish caught, bait not refreshed",,,,,,,,,,,,,,,,,,,,,,,,,,,,,,,,,,,,,,
7,6-Jun-09,1914,7-Jun-09,1542,10U,477009,5959370,Cod Trap, OF , Salmon ,23.5,13,1.5,N,0,,,,,,,,,,,,"Spoke with residents about study. Bait not refreshed, no fish caught",,,,,,,,,,,,,,,,,,,,,,,,,,,,,,,,,,,,,,
8,6-Jun-09,1930,7-Jun-09,1534,10U,476868,5959550,Cod Trap, OF , Salmon ,20.9,13,1.5,N,0,,,,,,,,,,,,"No fish caught, bait not refreshed",,,,,,,,,,,,,,,,,,,,,,,,,,,,,,,,,,,,,,
9,6-Jun-09,2011,7-Jun-09,1525,10U,476592,5959462,Cod Trap, CF , Salmon ,22.9,13,1.5,N,0,,,,,,,,,,,,"No fish caught, bait not replenished / refreshed",,,,,,,,,,,,,,,,,,,,,,,,,,,,,,,,,,,,,,
10,6-Jun-09,2016,7-Jun-09,1516,10U,476303,5959378,Cod Trap, CF , Salmon ,23.5,12,1.5,N,0,,,,,,,,,,,,"No fish caught, bait refreshed. Trap re-set same UTM",,,,,,,,,,,,,,,,,,,,,,,,,,,,,,,,,,,,,,
12,6-Jun-09,2028,7-Jun-09,1454,10U,475898,5959236,Cod Trap, CF , Salmon ,21.7,12,1.5,N,0,,,,,,,,,,,,"No fish caught, bait refreshed",,,,,,,,,,,,,,,,,,,,,,,,,,,,,,,,,,,,,,
13,6-Jun-09,2039,7-Jun-09,1443,10U,475700,5959213,Cod Trap, CF , Salmon ,21.7,12,1.5,N,0,,,,,,,,,,,,"No fish caught, bait replenished",,,,,,,,,,,,,,,,,,,,,,,,,,,,,,,,,,,,,,
15,6-Jun-09,2100,7-Jun-09,1416,10U,475238,5959003,Cod Trap, CF , Salmon ,15.0,15,1.5,N,0,,,,,,,,,,,,"No fish caught, bait not replaced",,,,,,,,,,,,,,,,,,,,,,,,,,,,,,,,,,,,,,
1,7-Jun-09,1708,8-Jun-09,0847,10U,478268,5959303,Cod Trap, OF , Salmon ,6.1,14,2.1,N,0,,,,,,,,,,,,Bait not refreshed,PCC,1,,180,,,,,,,,,,,,,,,,,,,,,,,,,,,,,,,,,,
2,7-Jun-09,1659,8-Jun-09,0851,10U,478099,5959399,Cod Trap, OF , Salmon ,11.5,14,2.1,N,0,,,,,,,,,,,,"No fish caught, bait not refreshed",,,,,,,,,,,,,,,,,,,,,,,,,,,,,,,,,,,,,,
3,7-Jun-09,1654,8-Jun-09,0857,10U,477876,5959402,Cod Trap, OF , Salmon ,12.0,14,2.1,N,0,,,,,,,,,,,,"No fish caught, bait not refreshed",,,,,,,,,,,,,,,,,,,,,,,,,,,,,,,,,,,,,,
4,7-Jun-09,1642,8-Jun-09,0906,10U,477712,5959388,Cod Trap, CF , Salmon ,9.1,15,2.1,N,0,,,,,,,,,,,,"No fish caught, bait not refreshed",,,,,,,,,,,,,,,,,,,,,,,,,,,,,,,,,,,,,,
5,7-Jun-09,1636,8-Jun-09,0915,10U,477586,5959588,Cod Trap, CF , Salmon ,11.3,15,2.1,N,0,,,,,,,,,,,,"No fish caught, bait not refreshed. Net had hole in mesh 10cm dia. fixed and re-set.",,,,,,,,,,,,,,,,,,,,,,,,,,,,,,,,,,,,,,
6,7-Jun-09,1558,8-Jun-09,0925,10U,477286,5959697,Cod Trap, CF , Salmon ,18.8,15,2.1,N,0,,,,,,,,,,,,"No fish caught, bait not refreshed",,,,,,,,,,,,,,,,,,,,,,,,,,,,,,,,,,,,,,
7,7-Jun-09,1544,8-Jun-09,1024,10U,476994,5959362,Cod Trap, OF , Salmon ,23.5,15,2.1,N,0,,,,,,,,,,,,"No fish caught, bait not refreshed",,,,,,,,,,,,,,,,,,,,,,,,,,,,,,,,,,,,,,
8,7-Jun-09,1536,8-Jun-09,1031,10U,476821,5959539,Cod Trap, OF , Salmon ,21.2,15,2.1,N,0,,,,,,,,,,,,"No fish caught, bait not refreshed",,,,,,,,,,,,,,,,,,,,,,,,,,,,,,,,,,,,,,
9,7-Jun-09,1527,8-Jun-09,1034,10U,476581,5959443,Cod Trap, CF , Salmon ,22.8,15,2.1,N,0,,,,,,,,,,,,"No fish caught, bait refreshed",,,,,,,,,,,,,,,,,,,,,,,,,,,,,,,,,,,,,,
10,7-Jun-09,1517,8-Jun-09,1039,10U,476292,5959392,Cod Trap, CF , Salmon ,23.5,15,2.1,N,0,,,,,,,,,,,,"No fish caught, bait not refreshed",,,,,,,,,,,,,,,,,,,,,,,,,,,,,,,,,,,,,,
11,7-Jun-09,1512,8-Jun-09,1050,10U,476057,5959271,Cod Trap, CF , Salmon ,22.4,15,2.1,N,0,,,,,,,,,,,,"No fish caught, bait refreshed",,,,,,,,,,,,,,,,,,,,,,,,,,,,,,,,,,,,,,
12,7-Jun-09,1456,8-Jun-09,1053,10U,475864,5959209,Cod Trap, CF , Salmon ,21.7,15,2.1,N,0,,,,,,,,,,,,"No fish caught, bait refreshed",,,,,,,,,,,,,,,,,,,,,,,,,,,,,,,,,,,,,,
13,7-Jun-09,1446,8-Jun-09,1059,10U,475694,5959223,Cod Trap, CF , Salmon ,21.5,15,2.1,N,0,,,,,,,,,,,,"No fish caught, bait not refreshed",,,,,,,,,,,,,,,,,,,,,,,,,,,,,,,,,,,,,,
14,7-Jun-09,1423,8-Jun-09,1104,10U,475439,5959069,Cod Trap, OF , Salmon ,18.9,15,2.1,N,0,,,,,,,,,,,,"No fish caught, bait not refreshed",,,,,,,,,,,,,,,,,,,,,,,,,,,,,,,,,,,,,,
15,7-Jun-09,1415,8-Jun-09,1109,10U,475236,5958994,Cod Trap, CF , Salmon ,15.0,15,2.1,N,0,,,,,,,,,,,,"No fish caught, bait refreshed",,,,,,,,,,,,,,,,,,,,,,,,,,,,,,,,,,,,,,
4,8-Jun-09,0908,9-Jun-09,0832,10U,477670,5959373,Cod Trap, CF , Salmon ,9.2,13,2.1,Y,2 of 2,660,2.41,320,Y,FW YELLOW BC02756,N,,L,N,,,Trap reset in same UTM. Trap bait not refreshed. Fish revived well both fish punctured,,,,,,,,,,,,,,,,,,,,,,,,,,,,,,,,,,,,,,
4,8-Jun-09,0908,9-Jun-09,0832,10U,477670,5959373,Cod Trap, CF , Salmon ,9.2,13,2.1,Y,1 of 2,630,2.5,260,Y,FW YELLOW BC02757,N,,L,N,,,Trap reset in same UTM. Trap bait not refreshed. Fish revived well both fish punctured,,,,,,,,,,,,,,,,,,,,,,,,,,,,,,,,,,,,,,
13,8-Jun-09,1101,9-Jun-09,1136,10U,475648,5959220,Cod Trap, CF , Salmon/ PCC ,21.1,15,2.1,Y,1,530,1.36,240,Y,FW YELLOW BC02796,N,,L,N,,,"Bait not replaced, reset same area. ",,,,,,,,,,,,,,,,,,,,,,,,,,,,,,,,,,,,,,
11,8-Jun-09,1051,9-Jun-09,1109,10U,476037,5959284,Cod Trap, CF , Salmon/ PCC ,22.9,15,2.1,Y,1,430,0.78,180,Y,FW YELLOW BC02797,N,,L,N,,,"Bait not refreshed, reset same area. Sunny, clear sky",,,,,,,,,,,,,,,,,,,,,,,,,,,,,,,,,,,,,,
10,8-Jun-09,1041,9-Jun-09,1100,10U,476278,5959390,Cod Trap, CF , Salmon ,23.8,15,2.1,Y,1,430,0.66,160,Y,FW YELLOW BC02798,N,,L,N,,,"Bait not refreshed, reset same area. Sunny, clear sky",,,,,,,,,,,,,,,,,,,,,,,,,,,,,,,,,,,,,,
9,8-Jun-09,1037,9-Jun-09,1050,10U,476546,5959434,Cod Trap, CF , Salmon/ PCC ,23.3,15,2.1,Y,1,466,0.93,190,Y,FW YELLOW BC02799,N,,L,N,,,"Reset same bait, not replaced. Clear sky",,,,,,,,,,,,,,,,,,,,,,,,,,,,,,,,,,,,,,
1,8-Jun-09,0848,9-Jun-09,0813,10U,478249,5959301,Cod Trap, OF , Salmon ,6.9,13,2.1,N,0,,,,,,,,,,,,"No fish caught, bait not refreshed. Trap moved",,,,,,,,,,,,,,,,,,,,,,,,,,,,,,,,,,,,,,
2,8-Jun-09,0853,9-Jun-09,0822,10U,478092,5959397,Cod Trap, OF , Salmon ,5.9,13,2.1,N,0,,,,,,,,,,,,"No fish caught, bait not refreshed. Trap moved",,,,,,,,,,,,,,,,,,,,,,,,,,,,,,,,,,,,,,
3,8-Jun-09,0857,9-Jun-09,0828,10U,477845,5959403,Cod Trap, OF , Salmon/ PCC ,10.8,13,2.1,N,0,,,,,,,,,,,,"No fish caught, bait not refreshed. Trap moved",,,,,,,,,,,,,,,,,,,,,,,,,,,,,,,,,,,,,,
5,8-Jun-09,0920,9-Jun-09,0930,10U,477587,5959612,Cod Trap, CF , Salmon ,11.9,13,2.1,N,0,,,,,,,,,,,,"No fish caught, lots of bait, not refreshed",,,,,,,,,,,,,,,,,,,,,,,,,,,,,,,,,,,,,,
6,8-Jun-09,0927,9-Jun-09,0934,10U,477264,595970,Cod Trap, CF , Salmon ,19.0,13,2.1,N,0,,,,,,,,,,,,"No fish caught, bait not refreshed",,,,,,,,,,,,,,,,,,,,,,,,,,,,,,,,,,,,,,
7,8-Jun-09,1026,9-Jun-09,1000,10U,476983,5959353,Cod Trap, OF , Salmon ,24.0,15,2.1,N,0,,,,,,,,,,,,"No fish caught, bait not refreshed. Re-set same spot",,,,,,,,,,,,,,,,,,,,,,,,,,,,,,,,,,,,,,
8,8-Jun-09,1037,9-Jun-09,1008,10U,476764,5959542,Cod Trap, OF , Salmon ,21.9,15,2.1,N,0,,,,,,,,,,,,"No fish caught, lots of bait, not refreshed. Trap moved",,,,,,,,,,,,,,,,,,,,,,,,,,,,,,,,,,,,,,
12,8-Jun-09,1056,9-Jun-09,1120,10U,475857,5959212,Cod Trap, CF , Salmon/ PCC/LSU ,22.1,15,2.1,N,0,,,,,,,,,,,,Reset in same area. Bait not refreshed,,,,,,,,,,,,,,,,,,,,,,,,,,,,,,,,,,,,,,
14,8-Jun-09,1106,9-Jun-09,1145,10U,475409,5959066,Cod Trap, OF , Salmon ,18.1,15,2.1,N,0,,,,,,,,,,,,"Bait not refreshed, reset same area. Sunny, clear sky",,,,,,,,,,,,,,,,,,,,,,,,,,,,,,,,,,,,,,
15,8-Jun-09,1115,9-Jun-09,1151,10U,475243,5958997,Cod Trap, CF , Salmon/ PCC ,15.1,15,2.1,N,0,,,,,,,,,,,,"Reset in different area, bait not refreshed. Clear sky",,,,,,,,,,,,,,,,,,,,,,,,,,,,,,,,,,,,,,
8,9-Jun-09,1013,10-Jun-09,1324,10U,476792,5959554,Cod Trap, OF , Salmon ,18.5,17,2.2,Y,1,620,2.65,340,Y,FW YELLOW BC02790,N,,L,N,,,"Fish revived well. All old bait removed, bait refreshed",,,,,,,,,,,,,,,,,,,,,,,,,,,,,,,,,,,,,,
10,9-Jun-09,1103,10-Jun-09,1147,10U,476267,5959367,Cod Trap, CF , Salmon ,23.2,17,2.2,Y,1,431,0.68,160,Y,FW YELLOW BC02791,N,,L,N,,,Fish revived well. All old bait removed,,,,,,,,,,,,,,,,,,,,,,,,,,,,,,,,,,,,,,
11,9-Jun-09,1113,10-Jun-09,1120,10U,475995,5959271,Cod Trap, CF , Salmon/ PCC ,21.9,17,2.1,Y,1,720,2.68,300,Y,FW YELLOW BC02792,N,,L,N,,,All old bait removed from trap. Trap reset. Overcast & muggy,,,,,,,,,,,,,,,,,,,,,,,,,,,,,,,,,,,,,,
12,9-Jun-09,1121,10-Jun-09,1102,10U,475825,5959195,Cod Trap, CF , Salmon/ PCC/LSU ,21.7,17,2.1,Y,1,460,0.89,170,Y,FW YELLOW BC02793,N,,L,N,,,"Fresh bait added, removed all old bait. Fish revived well",,,,,,,,,,,,,,,,,,,,,,,,,,,,,,,,,,,,,,
13,9-Jun-09,1138,10-Jun-09,1032,10U,475634,5959212,Cod Trap, CF , Salmon/ PCC ,20.6,17,2.1,Y,1,690,2.71,280,Y,FW YELLOW BC02794,N,,L,N,,,All old bait removed. Trap reset in same spot. Fish revived well,,,,,,,,,,,,,,,,,,,,,,,,,,,,,,,,,,,,,,
15,9-Jun-09,1155,10-Jun-09,1008,10U,475156,5958822,Cod Trap, CF , Salmon/ PCC ,20.5,18,2.1,Y,1,540,1.21,220,Y,FW YELLOW BC02795,N,,L,N,,,"Old bait removed, fresh bait added. Reset in same spot",,,,,,,,,,,,,,,,,,,,,,,,,,,,,,,,,,,,,,
1,9-Jun-09,0817,10-Jun-09,1500,10U,478437,5959175,Cod Trap, OF , Salmon ,3.3,15,2.2,N,0,,,,,,,,,,,,"All bi-catch used for bait, old bait removed, all bi-catch put in Trap #1",PCC,4,,190,190,250,200,,NSC,1,,190,,,,,,,,,,,,,,,,,,,,,,,,,,
2,9-Jun-09,1215,10-Jun-09,0924,10U,474360,5958393,Cod Trap, OF , Salmon ,9.6,18,2.2,N,0,,,,,,,,,,,,Trap set out from creek mouth. Bait refreshed with PCC and NSC,PCC,1,,190,,,,,,,,,,,,,,,,,,,,,,,,,,,,,,,,,,
3,9-Jun-09,1202,10-Jun-09,0955,10U,475028,5958540,Cod Trap, OF , Salmon/ PCC ,20.0,18,2.2,N,0,,,,,,,,,,,,"No fish caught, old bait removed and replaced with fresh bait",,,,,,,,,,,,,,,,,,,,,,,,,,,,,,,,,,,,,,
4,9-Jun-09,0836,10-Jun-09,1447,10U,477670,5959373,Cod Trap, CF , Salmon ,9.2,16,2.2,N,0,,,,,,,,,,,,"No fish caught, all old bait removed, new bait added",,,,,,,,,,,,,,,,,,,,,,,,,,,,,,,,,,,,,,
5,9-Jun-09,0920,10-Jun-09,1430,10U,477561,5959612,Cod Trap, CF , Salmon ,10.9,16,2.2,N,0,,,,,,,,,,,,"No fish caught, all old bait removed, fresh bait added",,,,,,,,,,,,,,,,,,,,,,,,,,,,,,,,,,,,,,
6,9-Jun-09,0937,10-Jun-09,1417,10U,477239,5959675,Cod Trap, CF , Salmon ,19.5,16,2.2,N,0,,,,,,,,,,,,"No fish caught, all old bait removed from trap, fresh bait added",,,,,,,,,,,,,,,,,,,,,,,,,,,,,,,,,,,,,,
7,9-Jun-09,1000,10-Jun-09,1348,10U,476966,5959338,Cod Trap, OF , Salmon ,23.2,17,2.2,N,0,,,,,,,,,,,,"No fish caught, all old bait removed, replaced with fresh bait",,,,,,,,,,,,,,,,,,,,,,,,,,,,,,,,,,,,,,
9,9-Jun-09,1053,10-Jun-09,1245,10U,476528,5959426,Cod Trap, CF , Salmon/ PCC ,23.0,17,2.1,N,0,,,,,,,,,,,,"No fish caught, old bait removed and replaced with fresh bait",,,,,,,,,,,,,,,,,,,,,,,,,,,,,,,,,,,,,,
14,9-Jun-09,1147,10-Jun-09,1024,10U,475395,5959062,Cod Trap, OF , Salmon ,17.5,17,2.1,N,0,,,,,,,,,,,,"No fish caught, trap relocated to deeper location. Fresh bait added",,,,,,,,,,,,,,,,,,,,,,,,,,,,,,,,,,,,,,
5,10-Jun-09,1439,11-Jun-09,1331,10U,477458,5959527,Cod Trap, CF , NSC ,14.5,18,2.5,Y,3 of 3,540,1.55,250,Y,FW ORANGE BC02433,N,,L,N,,,"Refreshed bait, reset same area",,,,,,,,,,,,,,,,,,,,,,,,,,,,,,,,,,,,,,
5,10-Jun-09,1439,11-Jun-09,1331,10U,477458,5959527,Cod Trap, CF , NSC ,14.5,18,2.5,Y,2 of 3,470,1,220,Y,FW ORANGE BC02434,N,,L,N,,,"Refreshed bait, reset same area",,,,,,,,,,,,,,,,,,,,,,,,,,,,,,,,,,,,,,
5,10-Jun-09,1439,11-Jun-09,1331,10U,477458,5959527,Cod Trap, CF , NSC ,14.5,18,2.5,Y,1 of 3,740,3.02,310,Y,FW ORANGE BC02435,N,,L,N,,,"Refreshed bait, reset same area",,,,,,,,,,,,,,,,,,,,,,,,,,,,,,,,,,,,,,
6,10-Jun-09,1421,11-Jun-09,1321,10U,477238,5959693,Cod Trap, CF , NSC ,19.1,19,2.5,Y,1,630,2.04,260,Y,FW ORANGE BC02436,N,,L,N,,,"Bait refreshed, reset trap in same spot. Sunny/clouds/windy ",,,,,,,,,,,,,,,,,,,,,,,,,,,,,,,,,,,,,,
7,10-Jun-09,1356,11-Jun-09,1300,10U,477100,5959250,Cod Trap, OF , NSC ,20.0,18,2.5,Y,1,480,1,200,Y,FW ORANGE BC02441,N,,L,N,,,"Reset trap in same area, refreshed bait",,,,,,,,,,,,,,,,,,,,,,,,,,,,,,,,,,,,,,
9,10-Jun-09,1255,11-Jun-09,1236,10U,476477,5959529,Cod Trap, CF , NSC/PCC ,20.7,18,2.5,Y,1,640.5,2.17,280,Y,FW ORANGE BC02442,N,,L,N,,,Trap relocated towards North shore. Refreshed bait. 50% cloud ,,,,,,,,,,,,,,,,,,,,,,,,,,,,,,,,,,,,,,
10,10-Jun-09,1159,11-Jun-09,1202,10U,476273,5959351,Cod Trap, CF , NSC ,23.5,18,2.5,Y,3 of 3,460,0.94,200,Y,FW ORANGE BC02446,N,,L,N,,,2 of 3 fish had air bladder popping out of their mouths. Punctured 2 of 3 burbot.,,,,,,,,,,,,,,,,,,,,,,,,,,,,,,,,,,,,,,
10,10-Jun-09,1159,11-Jun-09,1202,10U,476273,5959351,Cod Trap, CF , NSC ,23.5,18,2.5,Y,2 of 3,380,1.51,141,Y,FW ORANGE BC02447,N,,L,N,,,2 of 3 fish had air bladder popping out of their mouths. Punctured 2 of 3 burbot.,,,,,,,,,,,,,,,,,,,,,,,,,,,,,,,,,,,,,,
10,10-Jun-09,1159,11-Jun-09,1202,10U,476273,5959351,Cod Trap, CF , NSC ,23.5,18,2.5,Y,1 of 3,360,0.66,120,Y,FW ORANGE BC02448,N,,L,N,,,2 of 3 fish had air bladder popping out of their mouths. Punctured 2 of 3 burbot.,,,,,,,,,,,,,,,,,,,,,,,,,,,,,,,,,,,,,,
11,10-Jun-09,1127,11-Jun-09,1147,10U,475996,5959258,Cod Trap, CF , NSC ,22.3,18,2.5,Y,2 of 2,650,1.95,250,Y,FW ORANGE BC02449,N,,L,N,,,"Re-baited, reset trap in same area. ",,,,,,,,,,,,,,,,,,,,,,,,,,,,,,,,,,,,,,
11,10-Jun-09,1127,11-Jun-09,1147,10U,475996,5959258,Cod Trap, CF , NSC ,22.3,18,2.5,Y,1 of 2,570.5,1.42,230,Y,FW ORANGE BC02450,N,,L,N,,,"Re-baited, reset trap in same area. ",,,,,,,,,,,,,,,,,,,,,,,,,,,,,,,,,,,,,,
12,10-Jun-09,1113,11-Jun-09,1135,10U,475828,5959191,Cod Trap, CF , NSC ,21.6,18,2.5,Y,2 of 2,610,1.72,250,Y,FW YELLOW BC02777,N,,L,N,,,"Rebaited, reset same area",,,,,,,,,,,,,,,,,,,,,,,,,,,,,,,,,,,,,,
12,10-Jun-09,1113,11-Jun-09,1135,10U,475828,5959191,Cod Trap, CF , NSC ,21.6,18,2.5,Y,1 of 2,700,3.13,320,Y,FW YELLOW BC02778,N,,L,N,,Fisherman Return Jan 2011.,"Rebaited, reset same area",,,,,,,,,,,,,,,,,,,,,,,,,,,,,,,,,,,,,,
13,10-Jun-09,1048,11-Jun-09,1121,10U,475630,5959224,Cod Trap, CF , NSC/PCC ,21.2,18,2.5,Y,2 of 2,690,2.41,270,Y,FW YELLOW BC02779,N,,L,N,,,"Refreshed bait, reset same area",,,,,,,,,,,,,,,,,,,,,,,,,,,,,,,,,,,,,,
13,10-Jun-09,1048,11-Jun-09,1121,10U,475630,5959224,Cod Trap, CF , NSC/PCC ,21.2,18,2.5,Y,1 of 2,730,3.15,320,Y,FW YELLOW BC02780,N,,L,N,,,"Refreshed bait, reset same area",,,,,,,,,,,,,,,,,,,,,,,,,,,,,,,,,,,,,,
14,10-Jun-09,1030,11-Jun-09,1052,10U,475505,5959962,Cod Trap, OF , NSC/PCC ,21.5,18,2.5,Y,1,631,2.05,261,Y,FW YELLOW BC02781,N,,L,N,,,"Added new bait, old bait removed",,,,,,,,,,,,,,,,,,,,,,,,,,,,,,,,,,,,,,
15,10-Jun-09,1018,11-Jun-09,1028,10U,475171,5958816,Cod Trap, CF , NSC ,20.5,18,2.5,Y,3 of 3,590,1.72,250,Y,FW YELLOW BC02782,N,,L,N,,,"Refreshed bait, reset same area",,,,,,,,,,,,,,,,,,,,,,,,,,,,,,,,,,,,,,
15,10-Jun-09,1018,11-Jun-09,1028,10U,475171,5958816,Cod Trap, CF , NSC ,20.5,18,2.5,Y,2 of 3,570,1.52,250,Y,FW YELLOW BC02783,N,,L,N,,,"Refreshed bait, reset same area",,,,,,,,,,,,,,,,,,,,,,,,,,,,,,,,,,,,,,
15,10-Jun-09,1018,11-Jun-09,1028,10U,475171,5958816,Cod Trap, CF , NSC ,20.5,18,2.5,Y,1 of 3,630.5,1.82,260.5,Y,FW YELLOW BC02784,N,,L,N,,,"Refreshed bait, reset same area",,,,,,,,,,,,,,,,,,,,,,,,,,,,,,,,,,,,,,
3,10-Jun-09,1001,11-Jun-09,1015,10U,475038,5958535,Cod Trap, OF , NSC/PCC ,20.5,18,2.5,Y,1,720,3.14,330,Y,FW YELLOW BC02785,N,,L,N,,,"Refreshed bait, reset same area",,,,,,,,,,,,,,,,,,,,,,,,,,,,,,,,,,,,,,
1,10-Jun-09,1508,11-Jun-09,0913,10U,478436,5959170,Cod Trap, OF , NSC/PCC ,3.2,19,2.5,Y,2 of 2,530,1.39,240,Y,FW YELLOW BC02786,N,,L,N,,,"Bait - 2 PCC & NSC. Rebaited trap, fish did not need puncturing",,,,,,,,,,,,,,,,,,,,,,,,,,,,,,,,,,,,,,
1,10-Jun-09,1508,11-Jun-09,0913,10U,478436,5959170,Cod Trap, OF , NSC/PCC ,3.2,19,2.5,Y,1 of 2,510,1.28,220,Y,FW YELLOW BC02787,N,,L,N,,,"Bait - 2 PCC & NSC. Rebaited trap, fish did not need puncturing",,,,,,,,,,,,,,,,,,,,,,,,,,,,,,,,,,,,,,
2,10-Jun-09,0928,11-Jun-09,1007,10U,474355,5958367,Cod Trap, OF , NSC/PCC ,6.2,17,2.5,N,0,,,,,,,,,,,,"No fish caught, trap relocated down shoreline (west)",,,,,,,,,,,,,,,,,,,,,,,,,,,,,,,,,,,,,,
4,10-Jun-09,1448,11-Jun-09,1350,10U,477743,5959368,Cod Trap, CF , NSC/PCC ,7.2,19,2.5,N,0,,,,,,,,,,,,Burbot got away through opening of the trap. Rebaited and reset trap in same location,,,,,,,,,,,,,,,,,,,,,,,,,,,,,,,,,,,,,,
8,10-Jun-09,1337,11-Jun-09,1253,10U,476786,5959541,Cod Trap, OF , NSC ,20.3,18,2.5,N,0,,,,,,,,,,,,"No fish caught, bait not refreshed",,,,,,,,,,,,,,,,,,,,,,,,,,,,,,,,,,,,,,
2,11-Jun-09,1012,12-Jun-09,1016,10U,473981,5958579,Cod Trap, OF , NSC ,9.5,17,2.5,Y,1,460,0.95,210,Y,FW PINK BC00000128,N,,L,N,,,"Reset same area, refreshed bait. Sunny/clear sky",,,,,,,,,,,,,,,,,,,,,,,,,,,,,,,,,,,,,,
15,11-Jun-09,1046,12-Jun-09,1033,10U,475232,5958814,Cod Trap, CF , NSC/PCC ,20.8,18,2.5,Y,1,710.5,2.86,310,Y,FW PINK BC00000129,N,,L,N,,,"Replaced bait, set in same area",,,,,,,,,,,,,,,,,,,,,,,,,,,,,,,,,,,,,,
13,11-Jun-09,1130,12-Jun-09,1046,10U,475642,5959207,Cod Trap, CF , NSC/PCC ,19.4,19,2.5,Y,1 of 2,690,2.45,280,Y,FW PINK BC00000130,N,,L,N,,,"Refreshed bait, reset same area",,,,,,,,,,,,,,,,,,,,,,,,,,,,,,,,,,,,,,
13,11-Jun-09,1130,12-Jun-09,1046,10U,475642,5959207,Cod Trap, CF , NSC/PCC ,19.4,19,2.5,Y,2 of 2,680,2.28,290,Y,FW PINK BC00000131,N,,L,N,,,"Refreshed bait, reset same area",,,,,,,,,,,,,,,,,,,,,,,,,,,,,,,,,,,,,,
11,11-Jun-09,1200,12-Jun-09,1113,10U,476035,5959245,Cod Trap, CF , NSC/PCC ,21.1,19,2.5,Y,1,640,1.67,240,Y,FW PINK BC00000132,N,,L,N,,,"Bait still good, reset same area",,,,,,,,,,,,,,,,,,,,,,,,,,,,,,,,,,,,,,
10,11-Jun-09,1214,12-Jun-09,1129,10U,476275,5959333,Cod Trap, CF , NSC ,22.2,19,2.5,Y,1 of 2,550,1.34,220,Y,FW PINK BC00000133,N,,L,N,,,"No fresh bait added, reset same spot. Hot, clear sky, calm water",,,,,,,,,,,,,,,,,,,,,,,,,,,,,,,,,,,,,,
10,11-Jun-09,1214,12-Jun-09,1129,10U,476275,5959333,Cod Trap, CF , NSC ,22.2,19,2.5,Y,2 of 2,600,1.76,240,Y,FW PINK BC00000134,N,,L,N,,,"No fresh bait added, reset same spot. Hot, clear sky, calm water",,,,,,,,,,,,,,,,,,,,,,,,,,,,,,,,,,,,,,
8,11-Jun-09,1254,12-Jun-09,1154,10U,476803,5959523,Cod Trap, OF , NSC ,20.5,18,2.5,Y,1,550.5,1.44,200,Y,FW PINK BC00000136,N,,L,N,,,"New bait added. Reset trap in same area. Sunny, clear sky",,,,,,,,,,,,,,,,,,,,,,,,,,,,,,,,,,,,,,
7,11-Jun-09,1302,17-Jun-09,1214,10U,477124,5959244,Cod Trap, OF , NSC ,14.9,19,2.5,Y,1 of 2,500,1.08,181,Y,FW PINK BC00000138,N,,L,N,,,cloudy periods/sunny/hot. NSC added,,,,,,,,,,,,,,,,,,,,,,,,,,,,,,,,,,,,,,
7,11-Jun-09,1302,17-Jun-09,1214,10U,477124,5959244,Cod Trap, OF , NSC ,14.9,19,2.5,Y,2 of 2,450,0.75,170,Y,FW PINK BC00000142,N,,L,N,,,cloudy periods/sunny/hot. NSC added,,,,,,,,,,,,,,,,,,,,,,,,,,,,,,,,,,,,,,
5,11-Jun-09,1346,12-Jun-09,1233,10U,477503,5959165,Cod Trap, CF , NSC ,14.1,19,2.5,Y,1 of 2,700,2.65,300,Y,FW PINK BC00000143,N,,L,N,,,Refreshed bait. Sacrificed fish would not submerge even after puncturing. Fish was floating by the head (gas build up?),,,,,,,,,,,,,,,,,,,,,,,,,,,,,,,,,,,,,,
5,11-Jun-09,1346,12-Jun-09,1233,10U,477503,5959165,Cod Trap, CF , NSC ,14.1,19,2.5,Y,2 of 2,500,1.16,200,Y,N/A,N,,D,Y,002,,Refreshed bait. Sacrificed fish would not submerge even after puncturing. Fish was floating by the head (gas build up?),,,,,,,,,,,,,,,,,,,,,,,,,,,,,,,,,,,,,,
1,11-Jun-09,0920,12-Jun-09,0938,10U,478490,5959156,Cod Trap, OF , NSC/PCC ,3.7,18,2.5,N,0,,,,,,,,,,,,"No burbot caught, RSC used for bait, no other bait added",RSC,1,,70,,,,,,,,,,,,,,,,,,,,,,,,,,,,,,,,,,
3,11-Jun-09,1024,12-Jun-09,1025,10U,475064,5958525,Cod Trap, OF , NSC/PCC ,18.9,19,2.5,N,0,,,,,,,,,,,,"No fish caught, bait not refreshed",,,,,,,,,,,,,,,,,,,,,,,,,,,,,,,,,,,,,,
4,11-Jun-09,1354,12-Jun-09,1248,10U,477777,5959368,Cod Trap, CF , NSC ,5.3,19,2.5,N,0,,,,,,,,,,,,"No fish caught, no bait added, trap reset in same spot",,,,,,,,,,,,,,,,,,,,,,,,,,,,,,,,,,,,,,
6,11-Jun-09,1328,12-Jun-09,1228,10U,477257,5959694,Cod Trap, CF , NSC/PCC ,18.1,18,2.5,N,0,,,,,,,,,,,,"No fish caught, bait not replenished. Reset trap in same spot",,,,,,,,,,,,,,,,,,,,,,,,,,,,,,,,,,,,,,
9,11-Jun-09,1244,12-Jun-09,1138,10U,476500,5959504,Cod Trap, CF , NSC ,20.2,19,2.5,N,0,,,,,,,,,,,,"No fish caught, bait refreshed. Reset trap in same spot",,,,,,,,,,,,,,,,,,,,,,,,,,,,,,,,,,,,,,
10,11-Jun-09,1130,13-Jun-09,1200,10U,476288,5959319,Cod Trap, CF , NSC ,22.0,20,2.5,N,0,,,,,,,,,,,,Trap pulled on 06/13/09. No fish caught. No fresh bait added. Trap moved,,,,,,,,,,,,,,,,,,,,,,,,,,,,,,,,,,,,,,
12,11-Jun-09,1146,12-Jun-09,1056,10U,475858,5959172,Cod Trap, CF , NSC ,20.8,20,2.5,N,0,,,,,,,,,,,,"No fish caught, bait not refreshed. Reset trap in same spot",,,,,,,,,,,,,,,,,,,,,,,,,,,,,,,,,,,,,,
14,11-Jun-09,1037,12-Jun-09,1042,10U,475525,5958948,Cod Trap, OF , NSC/PCC ,20.2,18,2.5,N,0,,,,,,,,,,,,"No fish caught, bait not refreshed. Set in same spot",,,,,,,,,,,,,,,,,,,,,,,,,,,,,,,,,,,,,,
14,12-Jun-09,1043,13-Jun-09,1110,10U,475531,5958958,Cod Trap, OF , NSC ,20.2,18,2.5,Y,2 of 2,570,1.74,240,Y,FW BLUE BC05198,N,,L,N,,,Rebaited trap. Reset same area. Smaller burbot air bladder was coming out the mouth.,,,,,,,,,,,,,,,,,,,,,,,,,,,,,,,,,,,,,,
14,12-Jun-09,1043,13-Jun-09,1110,10U,475531,5958958,Cod Trap, OF , NSC ,20.2,18,2.5,Y,1 of 2,410,0.06,180,Y,FW BLUE BC05200,N,,L,N,,,Rebaited trap. Reset same area. Smaller burbot air bladder was coming out the mouth.,,,,,,,,,,,,,,,,,,,,,,,,,,,,,,,,,,,,,,
15,12-Jun-09,1035,13-Jun-09,1100,10U,475270,5958788,Cod Trap, CF , NSC ,20.0,18,2.5,Y,1,680,3.05,360,Y,FW PINK BC00000149,N,,L,N,,,Rebaited trap. Reset same area. ,,,,,,,,,,,,,,,,,,,,,,,,,,,,,,,,,,,,,,
1,12-Jun-09,0940,13-Jun-09,0839,10U,478501,5959162,Cod Trap, OF , NSC/PCC ,3.6,18,2.5,N,0,,,,,,,,,,,,"No burbot caught, fresh bait (3 NSC) left in trap - trap relocated",NSC,3,,220,240,250,,,,,,,,,,,,,,,,,,,,,,,,,,,,,,,,
2,12-Jun-09,1015,13-Jun-09,1034,10U,473994,5958559,Cod Trap, OF , NSC ,10.0,18,2.5,N,0,,,,,,,,,,,,"No fish caught, old bait removed - fresh bait added",,,,,,,,,,,,,,,,,,,,,,,,,,,,,,,,,,,,,,
3,12-Jun-09,1028,13-Jun-09,1047,10U,475061,5958518,Cod Trap, OF , NSC ,18.5,18,2.5,N,0,,,,,,,,,,,,"Pulled trap to reset different area. No fish caught, replaced bait",,,,,,,,,,,,,,,,,,,,,,,,,,,,,,,,,,,,,,
4,12-Jun-09,1251,13-Jun-09,0847,10U,477772,5959348,Cod Trap, CF , NSC ,5.6,20,2.5,N,0,,,,,,,,,,,,"No fish caught, lots of bait, bait not refreshed",,,,,,,,,,,,,,,,,,,,,,,,,,,,,,,,,,,,,,
5,12-Jun-09,1237,13-Jun-09,0854,10U,477495,5959524,Cod Trap, CF , NSC ,14.2,19,2.5,N,0,,,,,,,,,,,,"No fish caught, reset same area",,,,,,,,,,,,,,,,,,,,,,,,,,,,,,,,,,,,,,
6,12-Jun-09,1230,13-Jun-09,0859,10U,477249,5959698,Cod Trap, CF , NSC ,18.0,20,2.5,N,0,,,,,,,,,,,,"No fish caught, refreshed bait. Moved trap",,,,,,,,,,,,,,,,,,,,,,,,,,,,,,,,,,,,,,
7,12-Jun-09,1216,13-Jun-09,0908,10U,477103,5959243,Cod Trap, OF , NSC ,18.5,20,2.5,N,0,,,,,,,,,,,,"No fish caught, old bait removed, refreshed bait",,,,,,,,,,,,,,,,,,,,,,,,,,,,,,,,,,,,,,
8,12-Jun-09,1158,13-Jun-09,0915,10U,476777,5959523,Cod Trap, OF , NSC ,21.1,20,2.5,N,0,,,,,,,,,,,,"No fish caught. Old bait removed, fresh bait added",,,,,,,,,,,,,,,,,,,,,,,,,,,,,,,,,,,,,,
9,12-Jun-09,1140,13-Jun-09,0949,10U,476520,5959495,Cod Trap, CF , NSC ,20.2,19,2.5,N,0,,,,,,,,,,,,"No fish caught, replaced the bait",,,,,,,,,,,,,,,,,,,,,,,,,,,,,,,,,,,,,,
11,12-Jun-09,1113,13-Jun-09,1208,10U,476035,5959245,Cod Trap, CF , NSC/PCC ,21.0,19,2.5,N,0,,,,,,,,,,,,"No fish caught, reset same area",,,,,,,,,,,,,,,,,,,,,,,,,,,,,,,,,,,,,,
12,12-Jun-09,1058,13-Jun-09,1140,10U,475864,5959175,Cod Trap, CF , NSC ,20.8,19,2.5,N,0,,,,,,,,,,,,"No fish caught. Old bait removed, fresh bait added",,,,,,,,,,,,,,,,,,,,,,,,,,,,,,,,,,,,,,
13,12-Jun-09,1049,13-Jun-09,1130,10U,475628,5959217,Cod Trap, CF , NSC/PCC ,19.3,18,2.5,N,0,,,,,,,,,,,,"No fish caught, old bait removed, fresh bait in",,,,,,,,,,,,,,,,,,,,,,,,,,,,,,,,,,,,,,
6,13-Jun-09,0903,14-Jun-09,1127,10U,477128,5959589,Cod Trap, CF , NSC ,19.4,19,2.5,Y,1,470,1,200,Y,FW BLUE BC05184,N,,L,N,,,"Old bait removed, new bait added. Reset in same spot",,,,,,,,,,,,,,,,,,,,,,,,,,,,,,,,,,,,,,
8,13-Jun-09,0919,14-Jun-09,1110,10U,476773,5959530,Cod Trap, OF , NSC ,20.7,19,2.5,Y,2 of 2,360,0.56,140,Y,FW BLUE BC05185,N,,L,N,,,"Reset same area, rebaited",,,,,,,,,,,,,,,,,,,,,,,,,,,,,,,,,,,,,,
8,13-Jun-09,0919,14-Jun-09,1110,10U,476773,5959530,Cod Trap, OF , NSC ,20.7,19,2.5,Y,1 of 2,420,0.72,165,Y,FW BLUE BC05187,N,,L,N,,,"Reset same area, rebaited",,,,,,,,,,,,,,,,,,,,,,,,,,,,,,,,,,,,,,
9,13-Jun-09,0952,14-Jun-09,1059,10U,476777,5959524,Cod Trap, CF , NSC ,20.7,19,2.5,Y,1,380,0.63,170,Y,FW BLUE BC05188,N,,L,N,,,"Old bait removed, fresh bait added. Reset in same spot. Good release",,,,,,,,,,,,,,,,,,,,,,,,,,,,,,,,,,,,,,
11,13-Jun-09,1210,14-Jun-09,1002,10U,476023,5959239,Cod Trap, CF , NSC ,20.9,20,2.5,Y,2 of 2,650,2.43,295,Y,FW BLUE BC05189,N,,L,N,,,"Old bait removed, new bait added. Larger fish needed longer to revive. Appears gas in head",,,,,,,,,,,,,,,,,,,,,,,,,,,,,,,,,,,,,,
11,13-Jun-09,1210,14-Jun-09,1002,10U,476023,5959239,Cod Trap, CF , NSC ,20.9,20,2.5,Y,1 of 2,400,0.68,150,Y,FW BLUE BC05190,N,,L,N,,,"Old bait removed, new bait added. Larger fish needed longer to revive. Appears gas in head",,,,,,,,,,,,,,,,,,,,,,,,,,,,,,,,,,,,,,
12,13-Jun-09,1146,14-Jun-09,0952,10U,476173,5958986,Cod Trap, CF , CSU ,18.0,21,2.5,Y,1,720,2.64,280,Y,FW BLUE BC05191,N,,L,N,,,"Old bait removed, fresh added. Fish revived well (punctured)",,,,,,,,,,,,,,,,,,,,,,,,,,,,,,,,,,,,,,
10,13-Jun-09,1204,14-Jun-09,0939,10U,475774,5959645,Cod Trap, CF , NSC ,19.3,21,2.5,Y,1,585,1.93,290,Y,FW BLUE BC05192,N,,L,N,,Fisherman Return March 3 2010.,"Bait refreshed, old bait removed. Clear, calm",,,,,,,,,,,,,,,,,,,,,,,,,,,,,,,,,,,,,,
13,13-Jun-09,1136,14-Jun-09,0926,10U,475556,5959323,Cod Trap, CF , NSC/CSU ,17.4,20,2.5,Y,1,640,2.31,265,Y,FW BLUE BC05193,N,,L,N,,,"Old bait removed, fresh bait in",,,,,,,,,,,,,,,,,,,,,,,,,,,,,,,,,,,,,,
14,13-Jun-09,1124,14-Jun-09,0914,10U,475535,5958966,Cod Trap, OF , CSU/PCC ,20.2,20,2.5,Y,1,720,2.53,290,Y,FW BLUE BC05194,N,,L,N,,Fisherman Return Jan 2011.,"Fish revived well - old bait removed, new bait added",,,,,,,,,,,,,,,,,,,,,,,,,,,,,,,,,,,,,,
1,13-Jun-09,0843,14-Jun-09,1152,10U,478511,5959236,Cod Trap, OF , NSC ,6.4,19,2.5,N,0,,,,,,,,,,,,"No fish caught, bait not refreshed, set in same spot",,,,,,,,,,,,,,,,,,,,,,,,,,,,,,,,,,,,,,
2,13-Jun-09,1043,14-Jun-09,0837,10U,473716,5959014,Cod Trap, OF , NSC/PCC ,5.5,18,2.5,N,0,,,,,,,,,,,,No burbot - NSC retained for bait,NSC,1,,320,,,,,,,,,,,,,,,,,,,,,,,,,,,,,,,,,,
3,13-Jun-09,1055,14-Jun-09,0857,10U,474933,5958874,Cod Trap, OF , CSU ,18.0,19,2.5,N,0,,,,,,,,,,,,"No burbot caught, old bait removed, new bait added",,,,,,,,,,,,,,,,,,,,,,,,,,,,,,,,,,,,,,
4,13-Jun-09,0849,14-Jun-09,1147,10U,477748,5959437,Cod Trap, CF , NSC ,13.5,19,2.5,N,0,,,,,,,,,,,,"No fish caught, bait not refreshed. Reset trap in same area",,,,,,,,,,,,,,,,,,,,,,,,,,,,,,,,,,,,,,
5,13-Jun-09,0856,14-Jun-09,1143,10U,477500,5959534,Cod Trap, CF , NSC ,13.8,18,2.5,N,0,,,,,,,,,,,,"No fish caught, bait still good",,,,,,,,,,,,,,,,,,,,,,,,,,,,,,,,,,,,,,
7,13-Jun-09,0913,14-Jun-09,1122,10U,477087,5959298,Cod Trap, OF , NSC ,20.7,19,2.5,N,0,,,,,,,,,,,,Fresh bait at set 06/13/09. No fish caught - bait not refreshed - reset in same spot,,,,,,,,,,,,,,,,,,,,,,,,,,,,,,,,,,,,,,
15,13-Jun-09,1107,14-Jun-09,0905,10U,475252,5988793,Cod Trap, CF , NSC/CSU ,19.9,19,2.5,N,0,,,,,,,,,,,,No fish caught. Replaced bait. Reset same area. ,,,,,,,,,,,,,,,,,,,,,,,,,,,,,,,,,,,,,,
13,14-Jun-09,0933,15-Jun-09,1133,10U,475564,5959322,Cod Trap, CF , NSC ,17.6,18,2.5,Y,1,420,0.71,160,Y,FW BLUE BC05178,N,,L,N,,,"Reset same area, refreshed bait",,,,,,,,,,,,,,,,,,,,,,,,,,,,,,,,,,,,,,
11,14-Jun-09,1010,15-Jun-09,1110,10U,476032,5959247,Cod Trap, CF , NSC ,21.4,20,2.5,Y,1,381,0.67,151,Y,FW BLUE BC05179,N,,L,N,,,"Old bait removed, new bait added, cloudy / sunny",,,,,,,,,,,,,,,,,,,,,,,,,,,,,,,,,,,,,,
15,14-Jun-09,0908,15-Jun-09,1009,10U,475296,5958773,Cod Trap, CF , NSC ,20.4,19,2.5,Y,1,470,0.94,180,Y,FW BLUE BC05182,N,,L,N,,,"Old bait removed, new bait added. Cloudy",,,,,,,,,,,,,,,,,,,,,,,,,,,,,,,,,,,,,,
2,14-Jun-09,0846,15-Jun-09,0949,10U,474464,5958760,Cod Trap, OF , NSC ,16.0,17,2.5,Y,1,660,2.74,330,N,N/A,N,,L,Y,003,,"Sacrificed Burbot, replaced bait, old bait removed. Partly cloudy",,,,,,,,,,,,,,,,,,,,,,,,,,,,,,,,,,,,,,
1,14-Jun-09,1152,15-Jun-09,0855,10U,478511,5959236,Cod Trap, OF , NSC ,6.4,20,2.5,N,0,,,,,,,,,,,,"No fish caught, fresh bait added, old bait removed - trap moved",,,,,,,,,,,,,,,,,,,,,,,,,,,,,,,,,,,,,,
3,14-Jun-09,0900,15-Jun-09,1002,10U,474948,5958869,Cod Trap, OF , NSC ,18.5,18,2.5,N,0,,,,,,,,,,,,"No fish caught, fresh bait added, old bait removed",,,,,,,,,,,,,,,,,,,,,,,,,,,,,,,,,,,,,,
4,14-Jun-09,1149,15-Jun-09,1304,10U,477770,5959419,Cod Trap, CF , NSC ,13.5,20,2.4,N,0,,,,,,,,,,,,"Fresh bait added, old bait removed. Cloudy / Sunny",,,,,,,,,,,,,,,,,,,,,,,,,,,,,,,,,,,,,,
5,14-Jun-09,1144,15-Jun-09,1237,10U,477503,5959503,Cod Trap, CF , NSC ,13.9,20,2.5,N,0,,,,,,,,,,,,"Bait removed, new bait added. Sunny / cloudy",,,,,,,,,,,,,,,,,,,,,,,,,,,,,,,,,,,,,,
6,14-Jun-09,1133,15-Jun-09,1206,10U,477147,5959584,Cod Trap, CF , NSC ,19.9,20,2.5,N,0,,,,,,,,,,,,"Fresh bait added, old bait removed. ",,,,,,,,,,,,,,,,,,,,,,,,,,,,,,,,,,,,,,
7,14-Jun-09,1124,15-Jun-09,1200,10U,477098,5959292,Cod Trap, OF , NSC ,20.4,20,2.5,N,0,,,,,,,,,,,,"No fish caught, old bait removed, new bait added",,,,,,,,,,,,,,,,,,,,,,,,,,,,,,,,,,,,,,
8,14-Jun-09,1119,15-Jun-09,1152,10U,476803,5959524,Cod Trap, OF , NSC ,21.4,19,2.5,N,0,,,,,,,,,,,,"No fish caught, replaced bait, reset trap in same area",,,,,,,,,,,,,,,,,,,,,,,,,,,,,,,,,,,,,,
9,14-Jun-09,1104,15-Jun-09,1142,10U,476533,5959502,Cod Trap, CF , NSC ,20.3,20,2.5,N,0,,,,,,,,,,,,"No fish caught, bait not replaced",,,,,,,,,,,,,,,,,,,,,,,,,,,,,,,,,,,,,,
10,14-Jun-09,0944,15-Jun-09,1120,10U,475771,5959640,Cod Trap, CF , NSC ,17.9,18,2.5,N,0,,,,,,,,,,,,"No fish caught, most bait gone, fresh bait added, reset trap in same area",,,,,,,,,,,,,,,,,,,,,,,,,,,,,,,,,,,,,,
12,14-Jun-09,1000,15-Jun-09,1127,10U,476180,5958984,Cod Trap, CF , NSC ,18.2,19,2.5,N,0,,,,,,,,,,,,"No fish caught, fresh bait added to old",,,,,,,,,,,,,,,,,,,,,,,,,,,,,,,,,,,,,,
14,14-Jun-09,0923,15-Jun-09,1017,10U,475572,5958969,Cod Trap, OF , NSC ,20.3,19,2.5,N,0,,,,,,,,,,,,"No fish caught, fresh bait added, reset in same spot",,,,,,,,,,,,,,,,,,,,,,,,,,,,,,,,,,,,,,
4,15-Jun-09,1307,17-Jun-09,1354,10U,477754,5959439,Cod Trap, CF , NSC ,13.9,21,2.5,Y,1,640,2.27,270.5,Y,FW BLUE BC05165,N,,L,N,,,Replaced bait - reset trap in same area.,,,,,,,,,,,,,,,,,,,,,,,,,,,,,,,,,,,,,,
5,15-Jun-09,1239,17-Jun-09,1327,10U,477380,5959979,Cod Trap, CF , NSC/PCC ,13.6,21,2.5,Y,1,565,1.95,260,Y,FW BLUE BC05166,N,,L,N,,,Fresh bait added - reset trap in same area,,,,,,,,,,,,,,,,,,,,,,,,,,,,,,,,,,,,,,
6,15-Jun-09,1208,17-Jun-09,1309,10U,477167,5959576,Cod Trap, CF , NSC/PCC ,19.5,21,2.5,Y,2 of 2,430,0.93,180,Y,FW BLUE BC05167,N,,L,N,,,windy / sunny / cloudy. Trap reset in same area. Smaller fish having trouble reviving,,,,,,,,,,,,,,,,,,,,,,,,,,,,,,,,,,,,,,
6,15-Jun-09,1208,17-Jun-09,1309,10U,477167,5959576,Cod Trap, CF , NSC/PCC ,19.5,21,2.5,Y,1 of 2,430,1.17,210,Y,FW BLUE BC05168,N,,L,N,,,windy / sunny / cloudy. Trap reset in same area. Smaller fish having trouble reviving,,,,,,,,,,,,,,,,,,,,,,,,,,,,,,,,,,,,,,
12,15-Jun-09,1129,17-Jun-09,1201,10U,476182,5958989,Cod Trap, CF , NSC ,17.4,20,2.5,Y,1,650,1.68,260,Y,FW BLUE BC05169 ,N,,L,N,,,"Trap rebaited, reset in same spot",,,,,,,,,,,,,,,,,,,,,,,,,,,,,,,,,,,,,,
13,15-Jun-09,1138,17-Jun-09,1129,10U,475560,5959333,Cod Trap, CF , NSC ,17.4,19,2.5,Y,1 of 2,540,1.59,230,Y,FW BLUE BC05170,N,,L,N,,,"Reset same area, refreshed bait",,,,,,,,,,,,,,,,,,,,,,,,,,,,,,,,,,,,,,
15,15-Jun-09,1014,17-Jun-09,1104,10U,475319,5958784,Cod Trap, CF , NSC ,20.1,19,2.5,Y,2 of 2,660,1.91,260,Y,FW BLUE BC05171,N,,L,N,,,"Refreshed bait, reset trap in same area",,,,,,,,,,,,,,,,,,,,,,,,,,,,,,,,,,,,,,
15,15-Jun-09,1014,17-Jun-09,1104,10U,475319,5958784,Cod Trap, CF , NSC ,20.1,19,2.5,Y,1 of 2,540,1.26,220,Y,FW BLUE BC05172,N,,L,N,,,"Refreshed bait, reset trap in same area",,,,,,,,,,,,,,,,,,,,,,,,,,,,,,,,,,,,,,
2,15-Jun-09,0958,17-Jun-09,1048,10U,474483,5958754,Cod Trap, OF , NSC ,16.3,19,2.5,Y,1,430,0.75,170,Y,FW BLUE BC05173,N,,L,N,,,Replaced bait - reset same area. Cloudy with sunny breaks,,,,,,,,,,,,,,,,,,,,,,,,,,,,,,,,,,,,,,
13,15-Jun-09,1138,17-Jun-09,1129,10U,475560,5959333,Cod Trap, CF , NSC ,17.4,19,2.5,Y,2 of 2,710,2.98,340.5,N,N/A,N,,L,Y,004,,"Reset same area, refreshed bait, Burbot sacrificed",,,,,,,,,,,,,,,,,,,,,,,,,,,,,,,,,,,,,,
1,15-Jun-09,0906,17-Jun-09,1152,10U,475840,5959226,Cod Trap, OF , NSC ,20.4,20,2.5,N,0,,,,,,,,,,,,"No fish caught, fresh bait added, reset in same spot",,,,,,,,,,,,,,,,,,,,,,,,,,,,,,,,,,,,,,
3,15-Jun-09,1005,17-Jun-09,1059,10U,474962,5958879,Cod Trap, OF , NSC ,18.5,19,2.5,N,0,,,,,,,,,,,,"No fish caught, fresh bait added, reset in same spot",,,,,,,,,,,,,,,,,,,,,,,,,,,,,,,,,,,,,,
7,15-Jun-09,1202,17-Jun-09,1301,10U,477099,5959295,Cod Trap, OF , NSC ,20.0,20,2.5,N,0,,,,,,,,,,,,"No fish caught, fresh bait added",,,,,,,,,,,,,,,,,,,,,,,,,,,,,,,,,,,,,,
8,15-Jun-09,1154,17-Jun-09,1247,10U,476803,5959528,Cod Trap, OF , NSC ,20.4,20,2.5,N,0,,,,,,,,,,,,"No fish caught, replaced bait, reset trap in same area",,,,,,,,,,,,,,,,,,,,,,,,,,,,,,,,,,,,,,
9,15-Jun-09,1144,17-Jun-09,1240,10U,476544,5959501,Cod Trap, CF , NSC ,20.7,20,2.5,N,0,,,,,,,,,,,,"No fish caught, lots of bait, bait not replaced, reset trap in same area",,,,,,,,,,,,,,,,,,,,,,,,,,,,,,,,,,,,,,
10,15-Jun-09,1122,17-Jun-09,1219,10U,475767,5959658,Cod Trap, CF , NSC ,17.2,19,2.5,N,0,,,,,,,,,,,,"No fish caught, all bait gone, fresh bait added",,,,,,,,,,,,,,,,,,,,,,,,,,,,,,,,,,,,,,
11,15-Jun-09,1114,17-Jun-09,1213,10U,476041,5959269,Cod Trap, CF , PCC ,21.0,20,2.2,N,0,,,,,,,,,,,,"Bait still good, reset trap in same area",,,,,,,,,,,,,,,,,,,,,,,,,,,,,,,,,,,,,,
14,15-Jun-09,1021,17-Jun-09,1118,10U,475588,5958986,Cod Trap, OF , NSC ,20.1,19,2.5,N,0,,,,,,,,,,,,"No fish caught, fresh bait added, reset in same spot",,,,,,,,,,,,,,,,,,,,,,,,,,,,,,,,,,,,,,
11,17-Jun-09,1214,18-Jun-09,1005,10U,476082,5959261,Cod Trap, CF , NSC ,20.7,18,2.5,Y,1,520,1.28,221,Y,FW BLUE BC05159,N,,L,N,,,Pulled trap. Cloudy / breezy,,,,,,,,,,,,,,,,,,,,,,,,,,,,,,,,,,,,,,
1,17-Jun-09,1155,18-Jun-09,1054,10U,475877,5959188,Cod Trap, OF , NSC ,20.3,18,2.5,Y,1,650,1.92,280,Y,FW BLUE BC05161,N,,L,N,,,Traps Pulled,,,,,,,,,,,,,,,,,,,,,,,,,,,,,,,,,,,,,,
15,17-Jun-09,1114,18-Jun-09,0933,10U,475358,5958798,Cod Trap, CF , NSC ,19.8,18,2.5,Y,1,620,2.2,270,Y,FW BLUE BC05162,N,,L,N,,,Trap pulled. Sunny / cloudy periods,,,,,,,,,,,,,,,,,,,,,,,,,,,,,,,,,,,,,,
3,17-Jun-09,1102,18-Jun-09,0926,10U,474981,5958890,Cod Trap, OF , NSC ,17.4,18,2.5,Y,1,650,2.22,270,Y,FW BLUE BC05163,N,,L,N,,,Pulled trap. Cloudy with sunny breaks,,,,,,,,,,,,,,,,,,,,,,,,,,,,,,,,,,,,,,
2,17-Jun-09,1054,18-Jun-09,0917,10U,474496,5958765,Cod Trap, OF , NSC ,16.4,17,2.5,Y,1,400,0.67,151,Y,FW BLUE BC05164,N,,L,N,,,Trap 2 pulled. sunny/clouds/windy/lake calm,,,,,,,,,,,,,,,,,,,,,,,,,,,,,,,,,,,,,,
4,17-Jun-09,1401,18-Jun-09,1108,10U,477770,5959436,Cod Trap, CF , NSC ,13.6,18,2.5,N,0,,,,,,,,,,,,"No fish, trap pulled",,,,,,,,,,,,,,,,,,,,,,,,,,,,,,,,,,,,,,
5,17-Jun-09,1333,18-Jun-09,1050,10U,477513,5959528,Cod Trap, CF , NSC ,13.6,18,2.5,N,0,,,,,,,,,,,,"No fish, trap pulled",,,,,,,,,,,,,,,,,,,,,,,,,,,,,,,,,,,,,,
6,17-Jun-09,1318,18-Jun-09,1045,10U,477198,5959585,Cod Trap, CF , NSC ,19.3,18,2.5,N,0,,,,,,,,,,,,"No fish, trap pulled",,,,,,,,,,,,,,,,,,,,,,,,,,,,,,,,,,,,,,
7,17-Jun-09,1303,18-Jun-09,1039,10U,477110,5959294,Cod Trap, OF , NSC ,19.7,18,2.5,N,0,,,,,,,,,,,,"No fish, trap pulled",,,,,,,,,,,,,,,,,,,,,,,,,,,,,,,,,,,,,,
8,17-Jun-09,1249,18-Jun-09,1039,10U,476846,5959530,Cod Trap, OF , NSC ,19.6,18,2.5,N,0,,,,,,,,,,,,"No fish, trap pulled",,,,,,,,,,,,,,,,,,,,,,,,,,,,,,,,,,,,,,
9,17-Jun-09,1241,18-Jun-09,1020,10U,476559,5959506,Cod Trap, CF , NSC ,19.9,18,2.5,N,0,,,,,,,,,,,,"No fish, trap pulled",,,,,,,,,,,,,,,,,,,,,,,,,,,,,,,,,,,,,,
10,17-Jun-09,1235,18-Jun-09,1013,10U,475808,5959669,Cod Trap, CF , NSC ,17.4,17,2.5,N,0,,,,,,,,,,,,"No fish, trap pulled",,,,,,,,,,,,,,,,,,,,,,,,,,,,,,,,,,,,,,
12,17-Jun-09,1209,18-Jun-09,1000,10U,476206,5958976,Cod Trap, CF , NSC ,11.8,18,2.5,N,0,,,,,,,,,,,,"No fish, trap pulled",,,,,,,,,,,,,,,,,,,,,,,,,,,,,,,,,,,,,,
13,17-Jun-09,1148,18-Jun-09,0948,10U,475584,5959330,Cod Trap, CF , NSC ,17.4,17,2.5,N,0,,,,,,,,,,,,"No fish, trap pulled",,,,,,,,,,,,,,,,,,,,,,,,,,,,,,,,,,,,,,
14,17-Jun-09,1121,18-Jun-09,0944,10U,475609,5958980,Cod Trap, OF , NSC ,19.9,18,2.5,N,0,,,,,,,,,,,,"No fish, trap pulled",,,,,,,,,,,,,,,,,,,,,,,,,,,,,,,,,,,,,,
1,29-Sep-09,1240,30-Sep-09,1208,10U,474553,5958852,Cod Trap, N/A , Sockeye ,13.1,11,1,N,0,,,,,,,,,,,,No Comment,,,,,,,,,,,,,,,,,,,,,,,,,,,,,,,,,,,,,,
2,29-Sep-09,1257,30-Sep-09,1232,10U,474874,5958403,Cod Trap, N/A , Sockeye ,14.0,11,1,N,0,,,,,,,,,,,,Overcast on 09/29/09,,,,,,,,,,,,,,,,,,,,,,,,,,,,,,,,,,,,,,
3,29-Sep-09,1302,30-Sep-09,1237,10U,475052,5958681,Cod Trap, N/A , Sockeye ,19.0,11,1,N,0,,,,,,,,,,,,No Comment,,,,,,,,,,,,,,,,,,,,,,,,,,,,,,,,,,,,,,
4,29-Sep-09,1312,30-Sep-09,1244,10U,475174,5959019,Cod Trap, N/A , Sockeye ,11.1,11,1,N,0,,,,,,,,,,,,No Comment,,,,,,,,,,,,,,,,,,,,,,,,,,,,,,,,,,,,,,
5,29-Sep-09,1320,30-Sep-09,1243,10U,475605,5958685,Cod Trap, N/A , Sockeye ,16.9,11,1,N,0,,,,,,,,,,,,No Comment,,,,,,,,,,,,,,,,,,,,,,,,,,,,,,,,,,,,,,
6,29-Sep-09,1325,30-Sep-09,1255,10U,475810,5958098,Cod Trap, N/A , Sockeye ,20.0,11,1,N,0,,,,,,,,,,,,No Comment,,,,,,,,,,,,,,,,,,,,,,,,,,,,,,,,,,,,,,
7,29-Sep-09,1331,30-Sep-09,1300,10U,475684,5959571,Cod Trap, N/A , Sockeye ,16.7,11,1,N ,0,,,,,,,,,,,,No Comment,,,,,,,,,,,,,,,,,,,,,,,,,,,,,,,,,,,,,,
8,29-Sep-09,1337,30-Sep-09,1306,10U,476275,5959176,Cod Trap, N/A , Sockeye ,20.9,11,1,N,0,,,,,,,,,,,,No Comment,,,,,,,,,,,,,,,,,,,,,,,,,,,,,,,,,,,,,,
9,29-Sep-09,1345,30-Sep-09,1312,10U,476396,5959562,Cod Trap, N/A , Sockeye ,19.0,11,1,N,0,,,,,,,,,,,,No Comment,,,,,,,,,,,,,,,,,,,,,,,,,,,,,,,,,,,,,,
10,29-Sep-09,1352,30-Sep-09,1322,10U,476724,5959428,Cod Trap, N/A , Sockeye ,21.0,11,1,N,0,,,,,,,,,,,,No Comment,,,,,,,,,,,,,,,,,,,,,,,,,,,,,,,,,,,,,,
11,29-Sep-09,1356,30-Sep-09,1327,10U,476968,5959468,Cod Trap, N/A , Sockeye ,21.6,11,1,N,0,,,,,,,,,,,,No Comment,,,,,,,,,,,,,,,,,,,,,,,,,,,,,,,,,,,,,,
12,29-Sep-09,1400,30-Sep-09,1336,10U,476772,5959660,Cod Trap, N/A , Sockeye ,14.0,11,1,N,0,,,,,,,,,,,,No Comment,,,,,,,,,,,,,,,,,,,,,,,,,,,,,,,,,,,,,,
13,29-Sep-09,1405,30-Sep-09,1342,10U,476855,5959767,Cod Trap, N/A , Sockeye ,15.7,11,1,N,0,,,,,,,,,,,,No Comment,,,,,,,,,,,,,,,,,,,,,,,,,,,,,,,,,,,,,,
14,29-Sep-09,1409,30-Sep-09,1347,10U,476981,5959608,Cod Trap, N/A , Sockeye ,18.7,11,1,N,0,,,,,,,,,,,,No Comment,,,,,,,,,,,,,,,,,,,,,,,,,,,,,,,,,,,,,,
15,29-Sep-09,1412,30-Sep-09,1355,10U,477389,5959517,Cod Trap, N/A , Sockeye ,20.2,11,1,N,0,,,,,,,,,,,,No Comment,,,,,,,,,,,,,,,,,,,,,,,,,,,,,,,,,,,,,,
1,30-Sep-09,1212,1-Oct-09,1020,10U,474560,5958832,Cod Trap, N/A , Sockeye ,15.9,13,1.5,N,0,,,,,,,,,,,,Moved trap to new location,,,,,,,,,,,,,,,,,,,,,,,,,,,,,,,,,,,,,,
2,30-Sep-09,1234,1-Oct-09,1033,10U,474892,5958418,Cod Trap, N/A , Sockeye ,15.8,14,1.5,N,0,,,,,,,,,,,,Moved trap to new location,,,,,,,,,,,,,,,,,,,,,,,,,,,,,,,,,,,,,,
3,30-Sep-09,1239,1-Oct-09,1044,10U,475067,5959705,Cod Trap, N/A , Sockeye ,22.4,13,1.5,N,0,,,,,,,,,,,,No Comment,,,,,,,,,,,,,,,,,,,,,,,,,,,,,,,,,,,,,,
4,30-Sep-09,1245,1-Oct-09,1050,10U,475175,5959030,Cod Trap, N/A , Sox/NSC ,10.6,12,1.5,N,0,,,,,,,,,,,,NSC (230mm) used for bait,NSC,4,0,300,170,160,230,,,,,,,,,,,,,,,,,,,,,,,,,,,,,,,
5,30-Sep-09,1250,1-Oct-09,1101,10U,475644,5958689,Cod Trap, N/A , Sockeye ,17.5,12,1.5,N,0,,,,,,,,,,,,No Comment,,,,,,,,,,,,,,,,,,,,,,,,,,,,,,,,,,,,,,
6,30-Sep-09,1256,1-Oct-09,1109,10U,475822,5959139,Cod Trap, N/A , Sox/NSC ,23.0,11,1.5,N,0,,,,,,,,,,,,NSC added to bait,,,,,,,,,,,,,,,,,,,,,,,,,,,,,,,,,,,,,,
7,30-Sep-09,1302,1-Oct-09,1126,10U,475708,5959598,Cod Trap, N/A , Sockeye ,19.4,11,1.5,N,0,,,,,,,,,,,,No Comment,,,,,,,,,,,,,,,,,,,,,,,,,,,,,,,,,,,,,,
8,30-Sep-09,1308,1-Oct-09,1131,10U,476305,5959195,Cod Trap, N/A , Sox/NSC ,24.3,11,1.5,N,0,,,,,,,,,,,,NSC added as bait,,,,,,,,,,,,,,,,,,,,,,,,,,,,,,,,,,,,,,
9,30-Sep-09,1314,1-Oct-09,1141,10U,476423,5959595,Cod Trap, N/A , Sockeye ,21.6,11,1.5,N,0,,,,,,,,,,,,No Comment,,,,,,,,,,,,,,,,,,,,,,,,,,,,,,,,,,,,,,
10,30-Sep-09,1324,1-Oct-09,1152,10U,477258,5959379,Cod Trap, N/A , Sockeye ,18.2,11,1.5,N,0,,,,,,,,,,,,Relocated trap on 09/30/09,,,,,,,,,,,,,,,,,,,,,,,,,,,,,,,,,,,,,,
11,30-Sep-09,1332,1-Oct-09,1200,10U,477139,5959637,Cod Trap, N/A , Sockeye ,21.9,11,1.5,N,0,,,,,,,,,,,,No Comment,RSC,1,30,,,,,,,,,,,,,,,,,,,,,,,,,,,,,,,,,,,
12,30-Sep-09,1330,1-Oct-09,1207,10U,476797,5959668,Cod Trap, N/A , Sockeye ,15.7,11,1.5,N,0,,,,,,,,,,,,No Comment,,,,,,,,,,,,,,,,,,,,,,,,,,,,,,,,,,,,,,
13,30-Sep-09,1334,1-Oct-09,1212,10U,476864,5959780,Cod Trap, N/A , Sockeye ,18.4,11,1.5,N,0,,,,,,,,,,,,No Comment,,,,,,,,,,,,,,,,,,,,,,,,,,,,,,,,,,,,,,
14,30-Sep-09,1350,1-Oct-09,1231,10U,477430,5959717,Cod Trap, N/A , Sockeye ,21.4,11,1.5,N,0,,,,,,,,,,,,No Comment,,,,,,,,,,,,,,,,,,,,,,,,,,,,,,,,,,,,,,
15,30-Sep-09,1357,1-Oct-09,1235,10U,477395,5959523,Cod Trap, N/A , Sockeye ,22.4,11,1.5,N,0,,,,,,,,,,,,No Comment,,,,,,,,,,,,,,,,,,,,,,,,,,,,,,,,,,,,,,
1,1-Oct-09,1026,2-Oct-09,1120,10U,473804,5958783,Cod Trap, N/A , Sox/PCC ,9.0,10,1.5,N,0,,,,,,,,,,,,Moved trap 10/02/09,,,,,,,,,,,,,,,,,,,,,,,,,,,,,,,,,,,,,,
2,1-Oct-09,1037,2-Oct-09,1129,10U,474886,5958342,Cod Trap, N/A , Sox/PCC ,10.9,10,1.5,N,0,,,,,,,,,,,,P Mouth added to bait,,,,,,,,,,,,,,,,,,,,,,,,,,,,,,,,,,,,,,
3,1-Oct-09,1045,2-Oct-09,1135,10U,475054,5958708,Cod Trap, N/A , Sox/PCC ,21.9,10,1.5,N,0,,,,,,,,,,,,P Mouth added as bait,,,,,,,,,,,,,,,,,,,,,,,,,,,,,,,,,,,,,,
4,1-Oct-09,1054,2-Oct-09,1143,10U,475173,5959018,Cod Trap, N/A , Sockeye ,13.9,10,1.5,N,0,,,,,,,,,,,,No Comment,,,,,,,,,,,,,,,,,,,,,,,,,,,,,,,,,,,,,,
5,1-Oct-09,1102,2-Oct-09,1152,10U,475640,5958662,Cod Trap, N/A , Sockeye ,16.8,10,1.5,N,0,,,,,,,,,,,,No Comment,,,,,,,,,,,,,,,,,,,,,,,,,,,,,,,,,,,,,,
6,1-Oct-09,1110,2-Oct-09,1157,10U,475825,5959123,Cod Trap, N/A , Sox/PCC ,22.6,10,1.5,N,0,,,,,,,,,,,,P Mouth added as bait,,,,,,,,,,,,,,,,,,,,,,,,,,,,,,,,,,,,,,
7,1-Oct-09,1128,2-Oct-09,1240,10U,475708,5959586,Cod Trap, N/A , Sockeye ,19.2,10,1.5,N,0,,,,,,,,,,,,No Comment,,,,,,,,,,,,,,,,,,,,,,,,,,,,,,,,,,,,,,
8,1-Oct-09,1134,2-Oct-09,1229,10U,476307,5959183,Cod Trap, N/A , Sox/NSC ,24.3,10,1.5,N,0,,,,,,,,,,,,No Comment,,,,,,,,,,,,,,,,,,,,,,,,,,,,,,,,,,,,,,
9,1-Oct-09,1148,2-Oct-09,1248,10U,476411,5959598,Cod Trap, N/A , Sox/NSC ,21.3,11,1.5,N,0,,,,,,,,,,,,No Comment,,,,,,,,,,,,,,,,,,,,,,,,,,,,,,,,,,,,,,
10,1-Oct-09,1153,2-Oct-09,1257,10U,477247,5959386,Cod Trap, N/A , Sockeye ,18.0,11,1.5,N,0,,,,,,,,,,,,No Comment,,,,,,,,,,,,,,,,,,,,,,,,,,,,,,,,,,,,,,
11,1-Oct-09,1202,2-Oct-09,1303,10U,477140,5959639,Cod Trap, N/A , Sockeye ,20.9,11,1.5,N,0,,,,,,,,,,,,Sockeye added to bait  10/01/09,,,,,,,,,,,,,,,,,,,,,,,,,,,,,,,,,,,,,,
12,1-Oct-09,1209,2-Oct-09,1312,10U,476800,5959671,Cod Trap, N/A , Sockeye ,16.4,11,1.5,N,0,,,,,,,,,,,,Sockeye added to bait  10/01/09,,,,,,,,,,,,,,,,,,,,,,,,,,,,,,,,,,,,,,
13,1-Oct-09,1214,2-Oct-09,1317,10U,476881,5959798,Cod Trap, N/A , Sox/PCC ,17.8,11,1.5,N,0,,,,,,,,,,,,P Mouth added as bait,,,,,,,,,,,,,,,,,,,,,,,,,,,,,,,,,,,,,,
14,1-Oct-09,1232,2-Oct-09,1328,10U,477450,5959735,Cod Trap, N/A , Sockeye ,17.7,11,1.5,N,0,,,,,,,,,,,,Sockeye added to bait  10/01/09. Whole sox added 10/02/09,,,,,,,,,,,,,,,,,,,,,,,,,,,,,,,,,,,,,,
15,1-Oct-09,1236,2-Oct-09,1336,10U,477424,5959555,Cod Trap, N/A , Sockeye ,14.5,11,1.5,N,0,,,,,,,,,,,,Whole sox added 10/02/09,,,,,,,,,,,,,,,,,,,,,,,,,,,,,,,,,,,,,,
1,2-Oct-09,1123,3-Oct-09,0902,10U,473780,5958774,Cod Trap, N/A , Sox/PCC ,8.9,10,1.5,N,0,,,,,,,,,,,,Trap Pulled,,,,,,,,,,,,,,,,,,,,,,,,,,,,,,,,,,,,,,
2,2-Oct-09,1131,3-Oct-09,0913,10U,474903,5958329,Cod Trap, N/A , Sox/PCC ,9.5,10,1.5,N,0,,,,,,,,,,,,Trap Pulled,,,,,,,,,,,,,,,,,,,,,,,,,,,,,,,,,,,,,,
3,2-Oct-09,1138,3-Oct-09,0920,10U,475067,5958687,Cod Trap, N/A , Sox/PCC ,22.1,10,1.5,N,0,,,,,,,,,,,,Trap Pulled,,,,,,,,,,,,,,,,,,,,,,,,,,,,,,,,,,,,,,
4,2-Oct-09,1146,3-Oct-09,0923,10U,475233,5959013,Cod Trap, N/A , Sockeye ,14.0,10,1.5,N,0,,,,,,,,,,,,Trap Pulled,,,,,,,,,,,,,,,,,,,,,,,,,,,,,,,,,,,,,,
5,2-Oct-09,1152,3-Oct-09,0930,10U,475678,5958670,Cod Trap, N/A , Sox/PCC ,16.9,10,1.5,N,0,,,,,,,,,,,,Trap Pulled,,,,,,,,,,,,,,,,,,,,,,,,,,,,,,,,,,,,,,
6,2-Oct-09,1200,3-Oct-09,0938,10U,475859,5959103,Cod Trap, N/A , Sox/PCC ,23.5,10,1.5,N,0,,,,,,,,,,,,Trap Pulled,,,,,,,,,,,,,,,,,,,,,,,,,,,,,,,,,,,,,,
7,2-Oct-09,1242,3-Oct-09,0943,10U,475732,5959577,Cod Trap, N/A , Sockeye ,20.0,10,1.5,N,0,,,,,,,,,,,,Trap Pulled,,,,,,,,,,,,,,,,,,,,,,,,,,,,,,,,,,,,,,
8,2-Oct-09,1231,3-Oct-09,0959,10U,476320,5959187,Cod Trap, N/A , Sox/NSC ,23.9,10,1.5,N,0,,,,,,,,,,,,Trap Pulled,,,,,,,,,,,,,,,,,,,,,,,,,,,,,,,,,,,,,,
9,2-Oct-09,1251,3-Oct-09,1009,10U,476441,5959591,Cod Trap, N/A , Sox/NSC ,21.1,10,1.5,N,0,,,,,,,,,,,,Trap Pulled,,,,,,,,,,,,,,,,,,,,,,,,,,,,,,,,,,,,,,
10,2-Oct-09,1300,3-Oct-09,1017,10U,477298,5959370,Cod Trap, N/A , Sockeye ,14.2,10,1.5,N,0,,,,,,,,,,,,Trap Pulled,,,,,,,,,,,,,,,,,,,,,,,,,,,,,,,,,,,,,,
11,2-Oct-09,1305,3-Oct-09,1025,10U,477169,5959621,Cod Trap, N/A , Sockeye ,21.0,11,1.5,N,0,,,,,,,,,,,,Trap Pulled,,,,,,,,,,,,,,,,,,,,,,,,,,,,,,,,,,,,,,
12,2-Oct-09,1314,3-Oct-09,1029,10U,476829,5959654,Cod Trap, N/A , Sockeye ,16.6,10,1.5,N,0,,,,,,,,,,,,Trap Pulled,,,,,,,,,,,,,,,,,,,,,,,,,,,,,,,,,,,,,,
13,2-Oct-09,1320,3-Oct-09,1034,10U,476899,5959790,Cod Trap, N/A , Sox/PCC ,18.7,10,1.5,N,0,,,,,,,,,,,,Trap Pulled 10/03/09,,,,,,,,,,,,,,,,,,,,,,,,,,,,,,,,,,,,,,
14,2-Oct-09,1332,3-Oct-09,1039,10U,477471,5959717,Cod Trap, N/A , Sockeye ,17.0,10,1.5,N,0,,,,,,,,,,,,Trap Pulled,,,,,,,,,,,,,,,,,,,,,,,,,,,,,,,,,,,,,,
15,2-Oct-09,1339,3-Oct-09,1045,10U,477426,5959524,Cod Trap, N/A , Sockeye ,18.5,10,1.5,N,0,,,,,,,,,,,,Trap Pulled,,,,,,,,,,,,,,,,,,,,,,,,,,,,,,,,,,,,,,
1,13-Oct-09,1028,14-Oct-09,1051,10U,474046,5958538,Cod Trap, N/A , Sockeye ,9.4,4,2,N,0,,,,,,,,,,,,"Depth not taken on 13/10/09. Clear&windy,lg.waves.NFC 14/10/09,removed excess slack line",,,,,,,,,,,,,,,,,,,,,,,,,,,,,,,,,,,,,,
2,13-Oct-09,1037,14-Oct-09,1109,10U,474875,5958319,Cod Trap, N/A , Sockeye ,9.3,4,2,N,0,,,,,,,,,,,,"Depth not taken on 13/10/09. Light overcast, 3 bycatch killed for bait. Reused Sox bait",NSC,2,0,260,310,,,,PCC,1,0,210,,,,,,,,,,,,,,,,,,,,,,,,,,
3,13-Oct-09,1041,14-Oct-09,1126,10U,475188,5958348,Cod Trap, N/A , Sockeye ,2.8,4,2,N,0,,,,,,,,,,,,"Depth not taken on 13/10/09. Clear and windy, lg. Waves. 2 PCC killed for bait, Reused sox from 10/13/09",PCC,2,0,200,190,,,,,,,,,,,,,,,,,,,,,,,,,,,,,,,,,
4,13-Oct-09,1047,14-Oct-09,1036,10U,475702,5958622,Cod Trap, N/A , Sockeye ,7.8,4,2,N,0,,,,,,,,,,,,Depth not taken on 13/10/09. Weather same as above. NFC (no fish caught) Bait still good reused,,,,,,,,,,,,,,,,,,,,,,,,,,,,,,,,,,,,,,
5,13-Oct-09,1055,14-Oct-09,1049,10U,475947,5958850,Cod Trap, N/A , Sockeye ,9.7,4,2,N,0,,,,,,,,,,,,"Depth not taken on 13/10/09. Added NSC to bait, reused",NSC,1,0,400,,,,,,,,,,,,,,,,,,,,,,,,,,,,,,,,,,
6,13-Oct-09,1103,14-Oct-09,1204,10U,476351,5959066,Cod Trap, N/A , Sockeye ,5.0,4,2,N,0,,,,,,,,,,,,Depth not taken on 13/10/09. ,NSC,7,0,190,170,200,280,290,PCC,3,0,210,185,210,,,,,,,,,,,,,,,,,,,,,,,,
7,13-Oct-09,1106,14-Oct-09,1219,10U,476772,5959160,Cod Trap, N/A , Sockeye ,13.0,4,2,N,0,,,,,,,,,,,,"Depth not taken on 13/10/09.NFC, trap still in good shape",,,,,,,,,,,,,,,,,,,,,,,,,,,,,,,,,,,,,,
8,13-Oct-09,1112,14-Oct-09,1228,10U,477286,5959280,Cod Trap, N/A , Sockeye ,8.1,4,2,N,0,,,,,,,,,,,,Depth not taken on 13/10/09.,,,,,,,,,,,,,,,,,,,,,,,,,,,,,,,,,,,,,,
9,13-Oct-09,1123,14-Oct-09,1240,10U,475431,5959477,Cod Trap, N/A , Sockeye ,15.0,4,2,N,0,,,,,,,,,,,,Depth not taken on 13/10/09. NFC,,,,,,,,,,,,,,,,,,,,,,,,,,,,,,,,,,,,,,
10,13-Oct-09,1126,14-Oct-09,1247,10U,475745,5959645,Cod Trap, N/A , Sockeye ,17.0,4,2,N,0,,,,,,,,,,,,"Depth not taken on 13/10/09. Bottom of trap was slightly open, approx.20cm  NFC",,,,,,,,,,,,,,,,,,,,,,,,,,,,,,,,,,,,,,
11,13-Oct-09,1135,14-Oct-09,1256,10U,475984,5959828,Cod Trap, N/A , Sockeye ,15.0,4,2,N,0,,,,,,,,,,,,Depth not taken on 13/10/09.,,,,,,,,,,,,,,,,,,,,,,,,,,,,,,,,,,,,,,
12,13-Oct-09,1137,14-Oct-09,1303,10U,476485,5959952,Cod Trap, N/A , Sockeye ,5.5,4,2,N,0,,,,,,,,,,,,Depth not taken on 13/10/09.,PCC,4,0,190,200,200,210,,,,,,,,,,,,,,,,,,,,,,,,,,,,,,,
13,13-Oct-09,1140,14-Oct-09,1310,10U,476805,5959952,Cod Trap, N/A , Sockeye ,5.9,4,2,N,0,,,,,,,,,,,,Depth not taken on 13/10/09.,,,,,,,,,,,,,,,,,,,,,,,,,,,,,,,,,,,,,,
14,13-Oct-09,1144,14-Oct-09,1319,10U,477130,5959983,Cod Trap, N/A , Sockeye ,15.0,4,2,N,0,,,,,,,,,,,,Depth not taken on 13/10/09.,,,,,,,,,,,,,,,,,,,,,,,,,,,,,,,,,,,,,,
15,13-Oct-09,1148,14-Oct-09,1325,10U,477432,5959974,Cod Trap, N/A , Sockeye ,15.0,4,2,N,0,,,,,,,,,,,,Depth not taken on 13/10/09.,,,,,,,,,,,,,,,,,,,,,,,,,,,,,,,,,,,,,,
1,14-Oct-09,1059,15-Oct-09,1045,10U,474046,5958538,Cod Trap, N/A , Sockeye ,9.4,7,1.1,N,0,,,,,,,,,,,,"Light overcast, light snow overnight, surface calm. Reused bait from 10/13/09",,,,,,,,,,,,,,,,,,,,,,,,,,,,,,,,,,,,,,
2,14-Oct-09,1116,15-Oct-09,1055,10U,474875,5958319,Cod Trap, N/A , Sockeye ,9.8,7,1.1,N,0,,,,,,,,,,,,"Light overcast, light wind, water surface choppy 10/14/09.Reused bait from10/13/09",PCC,3,0,205,215,215,,,,,,,,,,,,,,,,,,,,,,,,,,,,,,,,
3,14-Oct-09,1129,15-Oct-09,1104,10U,475188,5958348,Cod Trap, N/A , Sox/PCC ,2.8,7,1.1,N,0,,,,,,,,,,,,"Light overcast, water surface choppy. Removed slack from line. Reused sox from 10/13/09, added 1PCC.",PCC,3,0,185,200,205,,,,,,,,,,,,,,,,,,,,,,,,,,,,,,,,
4,14-Oct-09,1140,15-Oct-09,1117,10U,475702,5958622,Cod Trap, N/A , Sockeye ,7.8,7,1.5,N,0,,,,,,,,,,,,"Weather same as above, shortened rope length, reused bait 10/14/09",PCC,41,0,210,220,210,210,200,NSC,5,0,310,265,180,185,205,,,,,,,,,,,,,,,,,,,,,,
5,14-Oct-09,1053,15-Oct-09,1130,10U,475955,5958823,Cod Trap, N/A , Sox/NSC ,9.7,7,1.5,N,0,,,,,,,,,,,,"Weather same as above,  reused sox from 10/13/09, added NSC",,,,,,,,,,,,,,,,,,,,,,,,,,,,,,,,,,,,,,
6,14-Oct-09,1211,15-Oct-09,1151,10U,476351,5959066,Cod Trap, N/A , Sox/PCC/NSC ,5.0,7,1.5,N,0,,,,,,,,,,,,Weather same.Adjusted rope length. 1PCC+1NSC added to sox bait 10/14/09. Add 2 PCC as bait 10/15/09,PCC,2,0,180,200,,,,NSC,1,0,195,,,,,,,,,,,,,,,,,,,,,,,,,,
7,14-Oct-09,1221,15-Oct-09,1240,10U,476772,5959160,Cod Trap, N/A , Sox/NSC ,13.0,7,1.2,N,0,,,,,,,,,,,,Weather same. Reused sox added NSC,NSC,1,0,410,,,,,,,,,,,,,,,,,,,,,,,,,,,,,,,,,,
8,14-Oct-09,1230,15-Oct-09,1251,10U,477286,5959280,Cod Trap, N/A , Sox/NSC ,8.1,7,1.1,N,0,,,,,,,,,,,,"Weather same. Added 2 NSC to bait,reused sox",,,,,,,,,,,,,,,,,,,,,,,,,,,,,,,,,,,,,,
9,14-Oct-09,1242,15-Oct-09,1202,10U,475431,5959477,Cod Trap, N/A , Sox/NSC/PCC ,15.0,7,1.2,N,0,,,,,,,,,,,,Weather same. Reused sox added 1 NSC 10/14/09. Add 1 PCC as bait 10/15/09,,,,,,,,,,,,,,,,,,,,,,,,,,,,,,,,,,,,,,
10,14-Oct-09,1250,15-Oct-09,1220,10U,475745,5959645,Cod Trap, N/A , Sox/NSC/PCC ,17.0,7,1.1,N,0,,,,,,,,,,,,Weather same. Reused sox added 1 NSC 10/14/09. Add 2 PCC as bait 10/15/09,,,,,,,,,,,,,,,,,,,,,,,,,,,,,,,,,,,,,,
11,14-Oct-09,1258,15-Oct-09,1233,10U,475984,5959828,Cod Trap, N/A , Sockeye ,15.0,7,1.5,N,0,,,,,,,,,,,,"Weather same, reused sox ",,,,,,,,,,,,,,,,,,,,,,,,,,,,,,,,,,,,,,
12,14-Oct-09,1308,15-Oct-09,1258,10U,476485,5959952,Cod Trap, N/A , Sox/NSC ,5.5,7,1.5,N,0,,,,,,,,,,,,"Weather same, reused sockeye,added 1 NSC ",,,,,,,,,,,,,,,,,,,,,,,,,,,,,,,,,,,,,,
13,14-Oct-09,1315,15-Oct-09,1305,10U,476805,5959952,Cod Trap, N/A , Sockeye ,5.9,7,1.1,Y,0,,,,,,Y,FW PINK BC0000139,L,N,,,Weather same.Last burbot back in.Floy tag area infection.( CP 12/22/09 - Incomplete data for burbot and NSC),PCC,7,0,210,210,200,190,210,NSC,0,1,,,,,,,,,,,,,,,,,,,,,,,,,,,
13,14-Oct-09,1315,15-Oct-09,1305,10U,476805,5959952,Cod Trap, N/A , Sockeye ,5.9,7,1.1,Y,0,,,,,,,,,,,,Weather same.Last burbot back in.Floy tag area infection.( CP 12/22/09 - Incomplete data for burbot and NSC),,,,,,,,,,,,,,,,,,,,,,,,,,,,,,,,,,,,,,
14,14-Oct-09,1321,15-Oct-09,1317,10U,477130,5959983,Cod Trap, N/A , Sox/PCC ,15.0,7,1.1,N,0,,,,,,,,,,,,Weather same. Reused sockeye added 1 PCC.,,,,,,,,,,,,,,,,,,,,,,,,,,,,,,,,,,,,,,
15,14-Oct-09,1327,15-Oct-09,1330,10U,477432,5959974,Cod Trap, N/A , Sox/NSC ,15.0,7,1.1,N,0,,,,,,,,,,,,Weather same. Added 1 NSC with sox,,,,,,,,,,,,,,,,,,,,,,,,,,,,,,,,,,,,,,
2,15-Oct-09,1350,17-Oct-09,1415,10U,477959,5959655,Cod Trap, N/A , Sox/PCC ,1.2,7,1.5,Y,2 of 2,730,2.19,260,Y,FW YELLOW BC0043,N,,L,N,,,48 hour set due to weather concerns. 5 PCC added to bait. (CP 12/23/09- Incomplete data),,,,,,,,,,,,,,,,,,,,,,,,,,,,,,,,,,,,,,
2,15-Oct-09,1350,17-Oct-09,1415,10U,477959,5959655,Cod Trap, N/A , Sox/PCC ,1.2,7,1.5,Y,1 of 2,580,2,280,Y,FW YELLOW BC0044,N,,L,N,,,48 hour set due to weather concerns. 5 PCC added to bait. (CP 12/23/09- Incomplete data),,,,,,,,,,,,,,,,,,,,,,,,,,,,,,,,,,,,,,
8,15-Oct-09,1338,17-Oct-09,1355,10U,477692,5959926,Cod Trap, N/A , Sox/NSC/PCC ,7.2,7,1.5,Y,1,800,3.18,320,Y,FW YELLOW BC0045,N,,L,N,,,48 hour set due to weather concerns. Added bait 4 PCC (CP 12/23/09- Incomplete data),NSC,1,0,380,,,,,,,,,,,,,,,,,,,,,,,,,,,,,,,,,,
13,15-Oct-09,1315,17-Oct-09,1336,10U,476833,5959943,Cod Trap, N/A , PCC ,11.0,7,1.5,Y,1,460,0.98,210,Y,FW YELLOW BC0046,N,,L,N,,,48 hour set due to weather concerns. (CP 12/23/09- Incomplete data),,,,,,,,,,,,,,,,,,,,,,,,,,,,,,,,,,,,,,
12,15-Oct-09,1303,17-Oct-09,1326,10U,476472,5959921,Cod Trap, N/A , PCC ,8.0,7,1.5,Y,1,780,3.17,310,Y,FW YELLOW BC0047,N,,L,N,,,48 hour set due to weather concerns. (CP 12/23/09- Incomplete data),,,,,,,,,,,,,,,,,,,,,,,,,,,,,,,,,,,,,,
6,15-Oct-09,1157,17-Oct-09,1256,10U,476312,5959047,Cod Trap, N/A , Sox/NSC ,7.0,7,1.5,Y,1,725,2.6,290,Y,FW YELLOW BC0048,N,,L,N,,,48 hour set due to weather concerns. NSC added to bait 10/15/09.  (CP 12/23/09- Incomplete data),,,,,,,,,,,,,,,,,,,,,,,,,,,,,,,,,,,,,,
7,15-Oct-09,1246,17-Oct-09,1346,10U,476705,5959140,Cod Trap, N/A , NSC ,12.0,7,1.5,Y,1 of 2,400,0.68,160,Y,FW YELLOW BC0049,N,,L,N,,,48 hour set due to weather concerns.  (CP 12/23/09- Incomplete data),,,,,,,,,,,,,,,,,,,,,,,,,,,,,,,,,,,,,,
3,15-Oct-09,1110,17-Oct-09,1212,10U,475101,5958322,Cod Trap, N/A , Sox/NSC/PCC ,2.0,7,1.5,Y,1,420,0.6,160,Y,FW YELLOW BC0050,N,,L,N,,,48 hour set due to weather concerns. 2 NSC added to bait 10/15/09. Add bait 2 PCC (CP 12/23/09- Incomplete data),,,,,,,,,,,,,,,,,,,,,,,,,,,,,,,,,,,,,,
1,15-Oct-09,1050,17-Oct-09,1204,10U,473921,5959446,Cod Trap, N/A , Sox/CSU ,5.4,7,1.5,N,0,,,,,,,,,,,,"Add sox and CSU, repositioned trap and reset. 48 hour set due to weather concerns. (CP 12/23/09- Incomplete data)",NSC,7,0,265,220,190,185,220,,,,,,,,,,,,,,,,,,,,,,,,,,,,,,
4,15-Oct-09,1349,17-Oct-09,1408,10U,477843,5959743,Cod Trap, N/A , Sox/NSC ,5.5,7,1.5,N,0,,,,,,,,,,,,48 hour set due to weather concerns. 3 NSC added to bait.  (CP 12/23/09- Incomplete data),NSC,2,0,120,173,,,,,,,,,,,,,,,,,,,,,,,,,,,,,,,,,
5,15-Oct-09,1345,17-Oct-09,1404,10U,477803,5959833,Cod Trap, N/A , Sox/PCC ,6.8,7,1.5,N,0,,,,,,,,,,,,48 hour set due to weather concerns. 4PCC added to bait.  (CP 12/23/09- Incomplete data),,,,,,,,,,,,,,,,,,,,,,,,,,,,,,,,,,,,,,
7,15-Oct-09,1246,17-Oct-09,1346,10U,476705,5959140,Cod Trap, N/A , NSC ,12.0,7,1.5,Y,2 of 2,472,0.82,180,N,,Y,FW YELLOW BC02753,L,N,,,48 hour set due to weather concerns.  (CP 12/23/09- Incomplete data),,,,,,,,,,,,,,,,,,,,,,,,,,,,,,,,,,,,,,
9,15-Oct-09,1245,17-Oct-09,1236,10U,475576,5959253,Cod Trap, N/A , Sox/NSC/PCC ,20.0,7,1.5,Y,1,562,1.5,235,N,,Y,FW YELLOW BC02433,L,N,,,48 hour set due to weather concerns. Burbot decrompressed and swam away (CP 12/23/09- Incomplete data),,,,,,,,,,,,,,,,,,,,,,,,,,,,,,,,,,,,,,
10,15-Oct-09,1225,17-Oct-09,1244,10U,475578,5959618,Cod Trap, N/A , Sox/NSC/PCC ,16.0,7,1.5,N,0,,,,,,,,,,,,48 hour set due to weather concerns. Added bait 2 PCC (CP 12/23/09- Incomplete data),,,,,,,,,,,,,,,,,,,,,,,,,,,,,,,,,,,,,,
11,15-Oct-09,1235,17-Oct-09,1240,10U,475923,5959845,Cod Trap, N/A , Sox/PCC ,13.0,7,1.5,Y,1,490,1.17,240,N,,Y,FW ORANGE BC02441,L,N,,,48 hour set due to weather concerns. Added bait 3 PCC. Both orange are corrected. (CP 12/23/09- Incomplete data),,,,,,,,,,,,,,,,,,,,,,,,,,,,,,,,,,,,,,
14,15-Oct-09,1324,17-Oct-09,1345,10U,476982,5959950,Cod Trap, N/A , NSC/PCC ,7.9,7,1.5,N,0,,,,,,,,,,,,48 hour set due to weather concerns. (CP 12/23/09- Incomplete data),,,,,,,,,,,,,,,,,,,,,,,,,,,,,,,,,,,,,,
15,15-Oct-09,1334,17-Oct-09,1358,10U,477450,5959959,Cod Trap, N/A , PCC ,15.0,7,1.5,N,0,,,,,,,,,,,,48 hour set due to weather concerns. Add bait 4 PCC (CP 12/23/09- Incomplete data),,,,,,,,,,,,,,,,,,,,,,,,,,,,,,,,,,,,,,
10,17-Oct-09,1245,19-Oct-09,1355,10U,475545,5959677,Cod Trap, N/A , Sox/NSC/PCC ,8.8,7,1.5,Y,1,550,1.39,210,Y,FW ORANGE BC01434,N,,L,N,,,48 hour set 10/17/09 - 10/19/09 due to weather concerns.(CP 12/27/09- Incomplete data),,,,,,,,,,,,,,,,,,,,,,,,,,,,,,,,,,,,,,
8,17-Oct-09,1358,19-Oct-09,1446,10U,477706,5959925,Cod Trap, N/A , NSC ,8.9,7,1.5,Y,1,650,2.19,260,Y,FW ORANGE BC01435,N,,L,N,,,48 hour set 10/17/09 - 10/19/09 due to weather concerns.NSC added (CP 12/27/09- Incomplete data),,,,,,,,,,,,,,,,,,,,,,,,,,,,,,,,,,,,,,
1,17-Oct-09,1212,19-Oct-09,1324,10U,473896,5958478,Cod Trap, N/A , Sox/CSU ,7.7,7,1.5,N,0,,,,,,,,,,,,48 hour set 10/17/09 - 10/19/09 due to weather concerns. (CP 12/27/09- Incomplete data),,,,,,,,,,,,,,,,,,,,,,,,,,,,,,,,,,,,,,
2,17-Oct-09,1525,19-Oct-09,1520,10U,477978,5959671,Cod Trap, N/A , Sox/PCC ,1.0,7,1.5,Y,1,500,1.15,210,N,,Y,FW YELLOW BC02789,L,N,,,48 hour set 10/17/09 - 10/19/09 due to weather concerns.No bait added. (CP 12/27/09- Incomplete data),,,,,,,,,,,,,,,,,,,,,,,,,,,,,,,,,,,,,,
3,17-Oct-09,1349,19-Oct-09,1424,10U,476875,5959960,Cod Trap, N/A , Sox/PCC ,10.0,7,1.5,N,0,,,,,,,,,,,,"48 hour set 10/17/09 - 10/19/09 due to weather concerns.No bait added. (CP 12/27/09- Incomplete data) Two field data sheets for #3, used the most complete. CP",,,,,,,,,,,,,,,,,,,,,,,,,,,,,,,,,,,,,,
4,17-Oct-09,1409,19-Oct-09,1504,10U,477833,5959740,Cod Trap, N/A , Sox/NSC ,7.3,7,1.5,N,0,,,,,,,,,,,,48 hour set 10/17/09 - 10/19/09 due to weather concerns. (CP 12/27/09- Incomplete data),,,,,,,,,,,,,,,,,,,,,,,,,,,,,,,,,,,,,,
5,17-Oct-09,1405,19-Oct-09,1456,10U,477803,5959833,Cod Trap, N/A , Sox/PCC ,6.8,7,1.5,N,0,,,,,,,,,,,,48 hour set 10/17/09 - 10/19/09 due to weather concerns.No bait added. (CP 12/27/09- Incomplete data),,,,,,,,,,,,,,,,,,,,,,,,,,,,,,,,,,,,,,
6,17-Oct-09,1304,19-Oct-09,1350,10U,476374,5959108,Cod Trap, N/A , Sox/NSC ,21.0,7,1.5,N,0,,,,,,,,,,,,48 hour set 10/17/09 - 10/19/09 due to weather concerns. (CP 12/27/09- Incomplete data),,,,,,,,,,,,,,,,,,,,,,,,,,,,,,,,,,,,,,
7,17-Oct-09,1220,19-Oct-09,1342,10U,476713,5959137,Cod Trap, N/A , NSC ,9.8,7,1.5,Y,0,,,,,,,,,,,,"48 hour set 10/17/09 - 10/19/09 due to weather concerns. (CP 12/27/09- Incomplete data) Recorded 1 burbot captured in field data sheet, no other information taken. CP",,,,,,,,,,,,,,,,,,,,,,,,,,,,,,,,,,,,,,
9,17-Oct-09,1236,19-Oct-09,1347,10U,475576,5959253,Cod Trap, N/A , Sox/NSC/PCC ,20.0,7,1.5,N,0,,,,,,,,,,,,48 hour set 10/17/09 - 10/19/09 due to weather concerns.Bait same no bait added (CP 12/27/09- Incomplete data),,,,,,,,,,,,,,,,,,,,,,,,,,,,,,,,,,,,,,
11,17-Oct-09,1250,19-Oct-09,1405,10U,475946,5959853,Cod Trap, N/A , Sox/PCC ,10.0,7,1.5,N,0,,,,,,,,,,,,48 hour set 10/17/09 - 10/19/09 due to weather concerns.(CP 12/27/09- Incomplete data) Field comment: Orange Tag ?? CP,,,,,,,,,,,,,,,,,,,,,,,,,,,,,,,,,,,,,,
12,17-Oct-09,1328,19-Oct-09,1420,10U,476492,5959939,Cod Trap, N/A , PCC ,8.0,7,1.5,N,0,,,,,,,,,,,,48 hour set 10/17/09 - 10/19/09 due to weather concerns.(CP 12/27/09- Incomplete data),,,,,,,,,,,,,,,,,,,,,,,,,,,,,,,,,,,,,,
13,17-Oct-09,1338,19-Oct-09,1430,10U,476833,5959943,Cod Trap, N/A , PCC ,,,,N,0,,,,,,,,,,,,48 hour set 10/17/09 - 10/19/09 due to weather concerns.(CP 12/27/09- Incomplete data) No field data sheet present. CP,,,,,,,,,,,,,,,,,,,,,,,,,,,,,,,,,,,,,,
14,17-Oct-09,1347,19-Oct-09,1432,10U,476982,5959950,Cod Trap, N/A , NSC/PCC ,7.9,7,1.5,N,0,,,,,,,,,,,,48 hour set 10/17/09 - 10/19/09 due to weather concerns.(CP 12/27/09- Incomplete data),,,,,,,,,,,,,,,,,,,,,,,,,,,,,,,,,,,,,,
15,17-Oct-09,1357,19-Oct-09,1442,10U,477450,5959959,Cod Trap, N/A , PCC ,15.0,7,1.5,N,0,,,,,,,,,,,,48 hour set 10/17/09 - 10/19/09 due to weather concerns.(CP 12/27/09- Incomplete data),,,,,,,,,,,,,,,,,,,,,,,,,,,,,,,,,,,,,,
5,19-Oct-09,1500,20-Oct-09,1257,10U,477793,5959850,Cod Trap, N/A , PCC ,7.0,6,1.2,Y,1,460,0.78,190,Y,FW ORANGE BC01446,N,,L,N,,,(CP 12/28/09 - Incomplete data),,,,,,,,,,,,,,,,,,,,,,,,,,,,,,,,,,,,,,
1,19-Oct-09,1327,20-Oct-09,1040,10U,473894,5958496,Cod Trap, N/A , Sox/CSU ,1.9,6,1.5,N,0,,,,,,,,,,,,(CP 12/28/09 - Incomplete data),NSC,2,0,27,90,,,,,,,,,,,,,,,,,,,,,,,,,,,,,,,,,
2,19-Oct-09,1525,20-Oct-09,1313,10U,477972,5959677,Cod Trap, N/A , NSC/PCC ,1.2,6,1.1,N,0,,,,,,,,,,,,(CP 12/28/09 - Incomplete data),RB,1,0,260,,,,,,,,,,,,,,,,,,,,,,,,,,,,,,,,,,
3,19-Oct-09,1335,20-Oct-09,1026,10U,475062,5958315,Cod Trap, N/A , Sox/NSC ,3.9,6,1.2,N,0,,,,,,,,,,,,Pulled Trap 3 moved to another location (CP 12/28/09-Incomplete data),,,,,,,,,,,,,,,,,,,,,,,,,,,,,,,,,,,,,,
4,19-Oct-09,1506,20-Oct-09,1306,10U,477824,5959752,Cod Trap, N/A , Sox/NSC ,7.8,6,1.2,N,0,,,,,,,,,,,,(CP 12/28/09 - Incomplete data),,,,,,,,,,,,,,,,,,,,,,,,,,,,,,,,,,,,,,
6,19-Oct-09,1210,20-Oct-09,1119,10U,476239,5959728,Cod Trap, N/A , Sox/NSC ,20.0,6,1.5,N,0,,,,,,,,,,,,Relocate Trap # 6 (CP 12/28/09 - Incomplete data),,,,,,,,,,,,,,,,,,,,,,,,,,,,,,,,,,,,,,
7,19-Oct-09,1342,20-Oct-09,1103,10U,476175,5959134,Cod Trap, N/A , NSC ,8.5,6,1.2,N,0,,,,,,,,,,,,Pulled trap to relocate,,,,,,,,,,,,,,,,,,,,,,,,,,,,,,,,,,,,,,
8,19-Oct-09,1453,20-Oct-09,1253,10U,477686,5959936,Cod Trap, N/A , NSC ,4.5,6,1.2,N,0,,,,,,,,,,,,(CP 12/28/09 - Incomplete data),,,,,,,,,,,,,,,,,,,,,,,,,,,,,,,,,,,,,,
9,19-Oct-09,1349,20-Oct-09,1126,10U,475547,5959260,Cod Trap, N/A , Sox/NSC/PCC ,20.0,6,1.2,N,0,,,,,,,,,,,,No Comment,,,,,,,,,,,,,,,,,,,,,,,,,,,,,,,,,,,,,,
10,19-Oct-09,1359,20-Oct-09,1142,10U,475527,5959672,Cod Trap, N/A , Sox/NSC/PCC ,8.2,6,1.2,N,0,,,,,,,,,,,,No Comment,,,,,,,,,,,,,,,,,,,,,,,,,,,,,,,,,,,,,,
11,19-Oct-09,1407,20-Oct-09,1154,10U,475922,5959855,Cod Trap, N/A , Sox/NSC/PCC ,10.0,6,1.2,N,0,,,,,,,,,,,,"Add 1 NSC, relocated T # 11",,,,,,,,,,,,,,,,,,,,,,,,,,,,,,,,,,,,,,
12,19-Oct-09,1422,20-Oct-09,1207,10U,476404,5959940,Cod Trap, N/A , PCC ,8.9,6,1.2,N,0,,,,,,,,,,,,(CP 12/28/09 - Incomplete data),,,,,,,,,,,,,,,,,,,,,,,,,,,,,,,,,,,,,,
13,19-Oct-09,1430,20-Oct-09,1216,10U,476864,5959964,Cod Trap, N/A , PCC ,10.0,6,1.2,N,0,,,,,,,,,,,,(CP 12/28/09 - Incomplete data),,,,,,,,,,,,,,,,,,,,,,,,,,,,,,,,,,,,,,
14,19-Oct-09,1434,20-Oct-09,1234,10U,476963,5959942,Cod Trap, N/A , NSC/PCC ,9.2,6,1.2,N,0,,,,,,,,,,,,(CP 12/28/09 - Incomplete data),,,,,,,,,,,,,,,,,,,,,,,,,,,,,,,,,,,,,,
15,19-Oct-09,1440,20-Oct-09,1242,10U,477457,5959951,Cod Trap, N/A , NSC/PCC ,15.0,6,1.2,N,0,,,,,,,,,,,,(CP 12/28/09 - Incomplete data),,,,,,,,,,,,,,,,,,,,,,,,,,,,,,,,,,,,,,
9,20-Oct-09,1136,21-Oct-09,0901,10U,475230,5959535,Cod Trap, N/A , NSC ,3.2,6,1.2,Y,1,438,0.59,155,Y,FW YELLOW BC01534,N,,L,N,,,Trap reset in same location 10/21/09. ,,,,,,,,,,,,,,,,,,,,,,,,,,,,,,,,,,,,,,
15,20-Oct-09,1249,21-Oct-09,1015,10U,477610,5959992,Cod Trap, N/A , PCC/NSC ,8.2,6,1.2,Y,1,620,2.02,290,Y,FW YELLOW BC01535,N,,L,N,,,No Comment,,,,,,,,,,,,,,,,,,,,,,,,,,,,,,,,,,,,,,
2,20-Oct-09,1316,21-Oct-09,1059,10U,477943,5959654,Cod Trap, N/A , CSU/PCC ,3.3,6,1.2,Y,1,840,3.68,340,Y,FW YELLOW BC01536,N,,L,N,,,Trap reset in same location 10/21/09. Nice Fish!!,,,,,,,,,,,,,,,,,,,,,,,,,,,,,,,,,,,,,,
1,20-Oct-09,1050,21-Oct-09,0848,10U,473781,5959350,Cod Trap, N/A , Sox/CSU ,5.7,6,1.2,N,0,,,,,,,,,,,,"Relocate Trap# 1, 10/20/09. 10/21/09 Reset in same location",,,,,,,,,,,,,,,,,,,,,,,,,,,,,,,,,,,,,,
3,20-Oct-09,1034,21-Oct-09,0853,10U,473932,5959217,Cod Trap, N/A , Sox/NSC ,4.5,6,1.2,N,0,,,,,,,,,,,,Relocate trap # 3 10/20/09. Set trap in same general location 10/21/09,,,,,,,,,,,,,,,,,,,,,,,,,,,,,,,,,,,,,,
4,20-Oct-09,1309,21-Oct-09,1047,10U,477833,5959740,Cod Trap, N/A , CSU ,7.3,6,1.2,N,0,,,,,,,,,,,,Trap set in same location,,,,,,,,,,,,,,,,,,,,,,,,,,,,,,,,,,,,,,
5,20-Oct-09,1300,21-Oct-09,1038,10U,477751,5959848,Cod Trap, N/A , PCC ,7.7,6,1.2,N,0,,,,,,,,,,,,Trap reset in same location 10/21/09. ,,,,,,,,,,,,,,,,,,,,,,,,,,,,,,,,,,,,,,
6,20-Oct-09,1121,21-Oct-09,0924,10U,476214,5959954,Cod Trap, N/A , Sox/NSC ,3.8,6,1.2,N,0,,,,,,,,,,,,Trap reset in same location,,,,,,,,,,,,,,,,,,,,,,,,,,,,,,,,,,,,,,
7,20-Oct-09,1109,21-Oct-09,0929,10U,476579,5959489,Cod Trap, N/A , NSC ,24.0,6,1.2,N,0,,,,,,,,,,,,Trap reset in same location 10/21/09. ,,,,,,,,,,,,,,,,,,,,,,,,,,,,,,,,,,,,,,
8,20-Oct-09,1255,21-Oct-09,1044,10U,477862,5959824,Cod Trap, N/A , CSU/PCC ,2.5,6,1.2,N,0,,,,,,,,,,,,Trap reset in same location,,,,,,,,,,,,,,,,,,,,,,,,,,,,,,,,,,,,,,
10,20-Oct-09,1148,21-Oct-09,0913,10U,475732,5959845,Cod Trap, N/A , Sox/NSC/PCC ,8.2,6,1.2,N,0,,,,,,,,,,,,Relocated trap # 10 10/20/09. Trap reset in same location 10/21/09,,,,,,,,,,,,,,,,,,,,,,,,,,,,,,,,,,,,,,
11,20-Oct-09,1200,21-Oct-09,0919,10U,476071,5959827,Cod Trap, N/A , NSC ,11.0,6,1.2,N,0,,,,,,,,,,,,"Trap # 11 relocated, no bait added - 10/20/09",,,,,,,,,,,,,,,,,,,,,,,,,,,,,,,,,,,,,,
12,20-Oct-09,1210,21-Oct-09,0943,10U,476405,5959944,Cod Trap, N/A , PCC ,7.8,6,1.2,Y,1,640,1.61,240,N,,Y,FW YELLOW BC02784,L,N,,,Recap released,,,,,,,,,,,,,,,,,,,,,,,,,,,,,,,,,,,,,,
13,20-Oct-09,1228,21-Oct-09,0954,10U,476723,5960028,Cod Trap, N/A , PCC ,3.5,6,1.2,N,0,,,,,,,,,,,,Trap reset in same location,,,,,,,,,,,,,,,,,,,,,,,,,,,,,,,,,,,,,,
14,20-Oct-09,1238,21-Oct-09,1009,10U,477272,5960104,Cod Trap, N/A , PCC/NSC ,9.0,6,1.2,N,0,,,,,,,,,,,,Relocated trap # 14 10/20/09. Trap reset in same location 10/21/09,,,,,,,,,,,,,,,,,,,,,,,,,,,,,,,,,,,,,,
2,21-Oct-09,1104,22-Oct-09,1056,10U,477917,5959683,Cod Trap, N/A , CSU ,3.5,6,1.5,Y,1 of 2,530,1.04,205,N,N/A,N,,L,Y,006,,Trap reset in same location 10/22/09,,,,,,,,,,,,,,,,,,,,,,,,,,,,,,,,,,,,,,
2,21-Oct-09,1104,22-Oct-09,1056,10U,477917,5959683,Cod Trap, N/A , CSU ,3.5,6,1.5,Y,2 of 2,470,1.03,205,N,N/A,N,,L,Y,007,,Trap reset in same location 10/22/09,,,,,,,,,,,,,,,,,,,,,,,,,,,,,,,,,,,,,,
11,21-Oct-09,0921,22-Oct-09,0929,10U,476063,5959890,Cod Trap, N/A , CSU ,10.0,6,1.5,Y,1,694,3.08,370,N,N/A,N,,L,Y,005,,"Weather overcast & raining. Burbot sacrificed, trapset in same location 10/22/09",,,,,,,,,,,,,,,,,,,,,,,,,,,,,,,,,,,,,,
1,21-Oct-09,0850,22-Oct-09,0846,10U,473770,5959373,Cod Trap, N/A , CSU/PCC ,5.7,6,1.5,N,0,,,,,,,,,,,,Trap reset in same location,,,,,,,,,,,,,,,,,,,,,,,,,,,,,,,,,,,,,,
3,21-Oct-09,0856,22-Oct-09,0856,10U,473924,5959213,Cod Trap, N/A , Sox/NSC ,5.0,6,1.5,N,0,,,,,,,,,,,,Trap reset in same location 10/22/09,,,,,,,,,,,,,,,,,,,,,,,,,,,,,,,,,,,,,,
4,21-Oct-09,1049,22-Oct-09,1024,10U,477795,5959777,Cod Trap, N/A , CSU ,10.0,6,1.5,N,0,,,,,,,,,,,,Trap reset in same location,,,,,,,,,,,,,,,,,,,,,,,,,,,,,,,,,,,,,,
5,21-Oct-09,1040,22-Oct-09,1039,10U,477759,5959857,Cod Trap, N/A , PCC ,7.8,6,1.5,N,0,,,,,,,,,,,,Trap reset in same location 10/22/09,,,,,,,,,,,,,,,,,,,,,,,,,,,,,,,,,,,,,,
6,21-Oct-09,0925,22-Oct-09,0949,10U,476204,5959955,Cod Trap, N/A , CSU/PCC/NSC ,2.6,6,1.5,N,0,,,,,,,,,,,,Trap reset in same location 10/22/09,,,,,,,,,,,,,,,,,,,,,,,,,,,,,,,,,,,,,,
7,21-Oct-09,0931,22-Oct-09,1003,10U,476566,5959469,Cod Trap, N/A , CSU/NSC ,24.0,6,1.5,N,0,,,,,,,,,,,,Trap relocated 10/22/09,,,,,,,,,,,,,,,,,,,,,,,,,,,,,,,,,,,,,,
8,21-Oct-09,1046,22-Oct-09,1044,10U,477866,5959830,Cod Trap, N/A , NSC ,2.5,6,1.5,N,0,,,,,,,,,,,,Trap reset in same location 10/22/09,,,,,,,,,,,,,,,,,,,,,,,,,,,,,,,,,,,,,,
9,21-Oct-09,0908,22-Oct-09,0917,10U,475247,5959525,Cod Trap, N/A , NSC ,5.7,6,1.5,N,0,,,,,,,,,,,,Trap reset in same location,,,,,,,,,,,,,,,,,,,,,,,,,,,,,,,,,,,,,,
10,21-Oct-09,0915,22-Oct-09,0924,10U,475723,5959859,Cod Trap, N/A , Sox/NSC/PCC ,6.0,6,1.5,N,0,,,,,,,,,,,,Trap reset in same location 10/22/09,,,,,,,,,,,,,,,,,,,,,,,,,,,,,,,,,,,,,,
12,21-Oct-09,0948,22-Oct-09,0956,10U,476456,5960029,Cod Trap, N/A , PCC/CSU ,2.2,6,1.5,N,0,,,,,,,,,,,,Trap reset in same location,,,,,,,,,,,,,,,,,,,,,,,,,,,,,,,,,,,,,,
13,21-Oct-09,0955,22-Oct-09,1013,10U,476711,5960047,Cod Trap, N/A , PCC ,2.8,6,1.5,N,0,,,,,,,,,,,,Trap reset in same location 10/22/09,,,,,,,,,,,,,,,,,,,,,,,,,,,,,,,,,,,,,,
14,21-Oct-09,1011,22-Oct-09,1019,10U,477238,5960117,Cod Trap, N/A , PCC/NSC ,6.3,6,1.5,N,0,,,,,,,,,,,,Trap reset in same location 10/22/09,,,,,,,,,,,,,,,,,,,,,,,,,,,,,,,,,,,,,,
15,21-Oct-09,1023,22-Oct-09,1029,10U,477574,5960011,Cod Trap, N/A , PCC ,7.7,6,1.5,N,0,,,,,,,,,,,,NSC sacrificed for bait put in # 15.,NSC,1,0,220,,,,,,,,,,,,,,,,,,,,,,,,,,,,,,,,,,
2,22-Oct-09,1109,23-Oct-09,1140,10U,477933,5959689,Cod Trap, N/A , NSC ,2.5,6,1.8,Y,1,400,0.8,180,N,N/A,N,,L,Y,015,,"No Code was recorded on field data sheet, or the sacrificial tally sheet (CP- 12/29/09) ",,,,,,,,,,,,,,,,,,,,,,,,,,,,,,,,,,,,,,
3,22-Oct-09,0858,23-Oct-09,0900,10U,473938,5959206,Cod Trap, N/A , Sox/CSU/NSC ,6.0,6,1.8,Y,1,628,1.58,250,N,N/A,N,,L,Y,013,,No Comment,,,,,,,,,,,,,,,,,,,,,,,,,,,,,,,,,,,,,,
1,22-Oct-09,0851,23-Oct-09,0847,10U,473774,5959362,Cod Trap, N/A , CSU/PCC ,5.5,6,1.8,N,0,,,,,,,,,,,,No Comment,,,,,,,,,,,,,,,,,,,,,,,,,,,,,,,,,,,,,,
4,22-Oct-09,1026,23-Oct-09,1030,10U,477327,5960096,Cod Trap, N/A , CSU ,10.0,6,1.5,N,0,,,,,,,,,,,,No Comment,,,,,,,,,,,,,,,,,,,,,,,,,,,,,,,,,,,,,,
5,22-Oct-09,1041,23-Oct-09,1052,10U,477763,5959846,Cod Trap, N/A , PCC ,8.5,6,1.8,N,0,,,,,,,,,,,,No Comment,,,,,,,,,,,,,,,,,,,,,,,,,,,,,,,,,,,,,,
6,22-Oct-09,0953,23-Oct-09,0931,10U,476198,5959948,Cod Trap, N/A , CSU/NSC/PCC ,6.0,6,1.8,N,0,,,,,,,,,,,,No Comment,,,,,,,,,,,,,,,,,,,,,,,,,,,,,,,,,,,,,,
7,22-Oct-09,1008,23-Oct-09,0952,10U,476523,5959795,Cod Trap, N/A , NSC/CSU ,16.0,6,1.8,N,0,,,,,,,,,,,,No Comment,,,,,,,,,,,,,,,,,,,,,,,,,,,,,,,,,,,,,,
8,22-Oct-09,1045,23-Oct-09,1109,10U,477847,5959817,Cod Trap, N/A , NSC ,3.1,6,1.8,N,0,,,,,,,,,,,,No Comment,,,,,,,,,,,,,,,,,,,,,,,,,,,,,,,,,,,,,,
9,22-Oct-09,0919,23-Oct-09,0907,10U,475237,5959523,Cod Trap, N/A , Sox/PCC/NSC ,4.9,6,1.8,N,0,,,,,,,,,,,,No Comment,,,,,,,,,,,,,,,,,,,,,,,,,,,,,,,,,,,,,,
10,22-Oct-09,0925,23-Oct-09,0912,10U,475704,5959852,Cod Trap, N/A , CSU/PCC/RSC ,6.7,6,1.8,N,0,,,,,,,,,,,,No Comment,,,,,,,,,,,,,,,,,,,,,,,,,,,,,,,,,,,,,,
11,22-Oct-09,0937,23-Oct-09,0920,10U,475951,5959883,Cod Trap, N/A , NSC/PCC ,7.8,6,1.8,N,0,,,,,,,,,,,,No Comment,,,,,,,,,,,,,,,,,,,,,,,,,,,,,,,,,,,,,,
12,22-Oct-09,0958,23-Oct-09,0941,10U,476448,5960014,Cod Trap, N/A , CSU/PCC ,2.5,6,1.8,N,0,,,,,,,,,,,,No Comment,,,,,,,,,,,,,,,,,,,,,,,,,,,,,,,,,,,,,,
13,22-Oct-09,1014,23-Oct-09,1003,10U,476708,5960047,Cod Trap, N/A , PCC ,2.8,6,1.8,N,0,,,,,,,,,,,,No Comment,,,,,,,,,,,,,,,,,,,,,,,,,,,,,,,,,,,,,,
14,22-Oct-09,1021,23-Oct-09,1015,10U,477233,5960114,Cod Trap, N/A , NSC/PCC ,5.9,6,1.8,N,0,,,,,,,,,,,,No Comment,,,,,,,,,,,,,,,,,,,,,,,,,,,,,,,,,,,,,,
15,22-Oct-09,1032,23-Oct-09,1038,10U,477554,5960016,Cod Trap, N/A , NSC/PCC ,5.9,6,1.8,N,0,,,,,,,,,,,,No Comment,,,,,,,,,,,,,,,,,,,,,,,,,,,,,,,,,,,,,,
7,23-Oct-09,0956,24-Oct-09,0944,10U,476523,5959795,Cod Trap, N/A , CSU/NSC/PCC ,16.0,6,1.5,Y,1,595,1.16,240,Y,N/A,N,,L,Y,022,,Fish tagged #01537 released but not able to recover. So had to kill it. (CP-12/30/09 No code recorded for fish on field data sheet) (CP-05/13/2010 Fish was later identified during processing for otoliths).,,,,,,,,,,,,,,,,,,,,,,,,,,,,,,,,,,,,,,
5,23-Oct-09,1101,24-Oct-09,1056,10U,477763,5959846,Cod Trap, N/A , PCC ,7.8,6,1.5,Y,1,456,0.83,180,N,N/A,N,,L,Y,016,,No Comment.  (CP- 12/30/09 No code recorded for sacrificed fish on field data sheet),,,,,,,,,,,,,,,,,,,,,,,,,,,,,,,,,,,,,,
12,23-Oct-09,0945,24-Oct-09,0927,10U,476448,5960014,Cod Trap, N/A , CSU/PCC ,2.5,6,1.5,Y,1,534,0.96,210,N,N/A,N,,L,Y,014,,No Comment,,,,,,,,,,,,,,,,,,,,,,,,,,,,,,,,,,,,,,
1,23-Oct-09,0850,24-Oct-09,0819,10U,473774,5959364,Cod Trap, N/A , CSU/PCC ,5.8,6,1.5,N,0,,,,,,,,,,,,Clear,,,,,,,,,,,,,,,,,,,,,,,,,,,,,,,,,,,,,,
2,23-Oct-09,1145,24-Oct-09,1144,10U,477969,5959645,Cod Trap, N/A , NSC ,2.5,6,1.5,Y,1,464,0.81,200,N,,Y,FW ORANGE BC01446,L,N,,,No Comment,,,,,,,,,,,,,,,,,,,,,,,,,,,,,,,,,,,,,,
3,23-Oct-09,0905,24-Oct-09,0835,10U,473938,5959206,Cod Trap, N/A , Sox/NSC/CSU ,7.3,6,1.5,N,0,,,,,,,,,,,,No Comment,,,,,,,,,,,,,,,,,,,,,,,,,,,,,,,,,,,,,,
4,23-Oct-09,1033,24-Oct-09,1026,10U,477327,5960096,Cod Trap, N/A , CSU/NSC ,10.0,6,1.5,N,0,,,,,,,,,,,,No Comment,,,,,,,,,,,,,,,,,,,,,,,,,,,,,,,,,,,,,,
6,23-Oct-09,0935,24-Oct-09,0922,10U,476270,5959963,Cod Trap, N/A , CSU/NSC/PCC ,5.5,6,1.5,N,0,,,,,,,,,,,,No Comment,,,,,,,,,,,,,,,,,,,,,,,,,,,,,,,,,,,,,,
8,23-Oct-09,1115,24-Oct-09,1127,10U,477886,5959810,Cod Trap, N/A , NSC ,2.2,6,1.5,N,0,,,,,,,,,,,,No Comment,,,,,,,,,,,,,,,,,,,,,,,,,,,,,,,,,,,,,,
9,23-Oct-09,0910,24-Oct-09,0855,10U,475249,5959530,Cod Trap, N/A , Sox/PCC/NSC ,6.2,6,1.5,N,0,,,,,,,,,,,,No Comment,,,,,,,,,,,,,,,,,,,,,,,,,,,,,,,,,,,,,,
10,23-Oct-09,0916,24-Oct-09,0901,10U,475704,5959852,Cod Trap, N/A , CSU/PCC/RSC ,6.7,6,1.5,N,0,,,,,,,,,,,,No Comment,,,,,,,,,,,,,,,,,,,,,,,,,,,,,,,,,,,,,,
11,23-Oct-09,0925,24-Oct-09,0910,10U,475951,5959883,Cod Trap, N/A , CSU/NSC/PCC ,8.8,6,1.5,N,0,,,,,,,,,,,,No Comment,,,,,,,,,,,,,,,,,,,,,,,,,,,,,,,,,,,,,,
13,23-Oct-09,1009,24-Oct-09,1005,10U,476708,5960047,Cod Trap, N/A , PCC ,2.7,6,1.5,N,0,,,,,,,,,,,,No Comment,,,,,,,,,,,,,,,,,,,,,,,,,,,,,,,,,,,,,,
14,23-Oct-09,1022,24-Oct-09,1020,10U,477233,5960114,Cod Trap, N/A , PCC/NSC ,5.9,6,1.5,N,0,,,,,,,,,,,,No Comment,,,,,,,,,,,,,,,,,,,,,,,,,,,,,,,,,,,,,,
15,23-Oct-09,1043,24-Oct-09,1037,10U,477554,5960016,Cod Trap, N/A , NSC/PCC ,5.9,6,1.5,N,0,,,,,,,,,,,,No Comment,,,,,,,,,,,,,,,,,,,,,,,,,,,,,,,,,,,,,,
1,24-Oct-09,0822,25-Oct-09,0942,10U,473774,5959362,Cod Trap, N/A , CSU/PCC ,5.8,6,1.5,N,0,,,,,,,,,,,,No Comment,,,,,,,,,,,,,,,,,,,,,,,,,,,,,,,,,,,,,,
2,24-Oct-09,1146,25-Oct-09,1149,10U,477933,5959689,Cod Trap, N/A , NSC ,2.5,6,1.5,N,0,,,,,,,,,,,,No Comment,,,,,,,,,,,,,,,,,,,,,,,,,,,,,,,,,,,,,,
3,24-Oct-09,0840,25-Oct-09,0957,10U,474012,5959176,Cod Trap, N/A , Sox/NSC/CSU ,6.0,6,1.5,N,0,,,,,,,,,,,,No Comment,,,,,,,,,,,,,,,,,,,,,,,,,,,,,,,,,,,,,,
4,24-Oct-09,1027,25-Oct-09,1104,10U,477353,5960096,Cod Trap, N/A , NSC/CSU ,10.0,6,1.5,N,0,,,,,,,,,,,,No Comment,,,,,,,,,,,,,,,,,,,,,,,,,,,,,,,,,,,,,,
5,24-Oct-09,1057,25-Oct-09,1127,10U,477821,5959836,Cod Trap, N/A , PCC ,6.0,6,1.5,N,0,,,,,,,,,,,,No Comment,,,,,,,,,,,,,,,,,,,,,,,,,,,,,,,,,,,,,,
6,24-Oct-09,0924,25-Oct-09,1025,10U,476270,5959963,Cod Trap, N/A , CSU/NSC/PCC ,6.3,6,1.5,N,0,,,,,,,,,,,,No Comment,,,,,,,,,,,,,,,,,,,,,,,,,,,,,,,,,,,,,,
7,24-Oct-09,0945,25-Oct-09,1038,10U,476618,5959821,Cod Trap, N/A , CSU/NSC/PCC ,16.0,6,1.5,N,0,,,,,,,,,,,,No Comment,,,,,,,,,,,,,,,,,,,,,,,,,,,,,,,,,,,,,,
8,24-Oct-09,1129,25-Oct-09,1136,10U,477786,5959827,Cod Trap, N/A , NSC ,7.7,6,1.5,N,0,,,,,,,,,,,,No Comment,,,,,,,,,,,,,,,,,,,,,,,,,,,,,,,,,,,,,,
9,24-Oct-09,0858,25-Oct-09,1002,10U,475249,5959530,Cod Trap, N/A , Sox/PCC/NSC ,6.2,6,1.5,N,0,,,,,,,,,,,,No Comment,,,,,,,,,,,,,,,,,,,,,,,,,,,,,,,,,,,,,,
10,24-Oct-09,0903,25-Oct-09,1007,10U,475710,5959848,Cod Trap, N/A , CSU/PCC/RSC ,6.7,6,1.5,N,0,,,,,,,,,,,,No Comment,NSC,2,0,200,180,,,,,,,,,,,,,,,,,,,,,,,,,,,,,,,,,
11,24-Oct-09,0916,25-Oct-09,1018,10U,476001,5959910,Cod Trap, N/A , NSC/PCC ,8.8,6,1.5,N,0,,,,,,,,,,,,No Comment,,,,,,,,,,,,,,,,,,,,,,,,,,,,,,,,,,,,,,
12,24-Oct-09,0930,25-Oct-09,1037,10U,476486,5959977,Cod Trap, N/A , CSU/NSC/PCC ,2.2,6,1.5,N,0,,,,,,,,,,,,NSC bait added,,,,,,,,,,,,,,,,,,,,,,,,,,,,,,,,,,,,,,
13,24-Oct-09,1007,25-Oct-09,1048,10U,476717,5960030,Cod Trap, N/A , PCC ,2.7,6,1.5,N,0,,,,,,,,,,,,No Comment,,,,,,,,,,,,,,,,,,,,,,,,,,,,,,,,,,,,,,
14,24-Oct-09,1022,25-Oct-09,1057,10U,477245,5961171,Cod Trap, N/A , NSC/PCC ,6.2,6,1.5,N,0,,,,,,,,,,,,No Comment,,,,,,,,,,,,,,,,,,,,,,,,,,,,,,,,,,,,,,
15,24-Oct-09,1038,25-Oct-09,1110,10U,477583,5960007,Cod Trap, N/A , NSC/PCC ,6.0,6,1.5,N,0,,,,,,,,,,,,No Comment,,,,,,,,,,,,,,,,,,,,,,,,,,,,,,,,,,,,,,
1,25-Oct-09,0945,26-Oct-09,0916,10U,473745,5959358,Cod Trap, N/A , CSU/PCC ,5.9,5,1.5,N,0,,,,,,,,,,,,No Comment,,,,,,,,,,,,,,,,,,,,,,,,,,,,,,,,,,,,,,
2,25-Oct-09,1151,26-Oct-09,0947,10U,477968,5959655,Cod Trap, N/A , CSU/NSC ,2.2,6,1.5,Y,1,586,1.73,260,N,,Y,FW YELLOW BC0044,L,N,,,Snowing,,,,,,,,,,,,,,,,,,,,,,,,,,,,,,,,,,,,,,
3,25-Oct-09,0955,26-Oct-09,0923,10U,474006,5959181,Cod Trap, N/A , Sox/NSC/CSU ,6.0,6,1.5,N,0,,,,,,,,,,,,No Comment,,,,,,,,,,,,,,,,,,,,,,,,,,,,,,,,,,,,,,
4,25-Oct-09,1106,26-Oct-09,1019,10U,477327,5960095,Cod Trap, N/A , CSU/NSC ,10.0,6,1.5,N,0,,,,,,,,,,,,No Comment,,,,,,,,,,,,,,,,,,,,,,,,,,,,,,,,,,,,,,
5,25-Oct-09,1130,26-Oct-09,1042,10U,477807,5959826,Cod Trap, N/A , PCC/NSC ,7.5,6,1.5,N,0,,,,,,,,,,,,Snowing/windy,,,,,,,,,,,,,,,,,,,,,,,,,,,,,,,,,,,,,,
6,25-Oct-09,1027,26-Oct-09,0947,10U,476039,5959971,Cod Trap, N/A , CSU/NSC/PCC ,5.0,6,1.5,N,0,,,,,,,,,,,,No Comment,,,,,,,,,,,,,,,,,,,,,,,,,,,,,,,,,,,,,,
7,25-Oct-09,1040,26-Oct-09,1056,10U,476572,5959872,Cod Trap, N/A , CSU/NSC/PCC ,8.0,6,1.5,N,0,,,,,,,,,,,,No Comment,,,,,,,,,,,,,,,,,,,,,,,,,,,,,,,,,,,,,,
8,25-Oct-09,1137,26-Oct-09,1041,10U,477871,5959819,Cod Trap, N/A , NSC ,2.3,6,1.5,N,0,,,,,,,,,,,,No Comment,,,,,,,,,,,,,,,,,,,,,,,,,,,,,,,,,,,,,,
9,25-Oct-09,1003,26-Oct-09,0932,10U,475251,5959523,Cod Trap, N/A , Sox/PCC/NSC ,6.2,6,1.5,N,0,,,,,,,,,,,,No Comment,,,,,,,,,,,,,,,,,,,,,,,,,,,,,,,,,,,,,,
10,25-Oct-09,1010,26-Oct-09,0943,10U,475731,5959852,Cod Trap, N/A , CSU/PCC/RSC ,6.7,6,1.5,N,0,,,,,,,,,,,,No Comment,,,,,,,,,,,,,,,,,,,,,,,,,,,,,,,,,,,,,,
11,25-Oct-09,1020,26-Oct-09,0942,10U,475972,5959939,Cod Trap, N/A , NSC/PCC ,5.8,6,1.5,N,0,,,,,,,,,,,,No Comment,,,,,,,,,,,,,,,,,,,,,,,,,,,,,,,,,,,,,,
12,25-Oct-09,1039,26-Oct-09,0952,10U,476464,5956012,Cod Trap, N/A , CSU/PCC ,2.2,6,1.5,N,0,,,,,,,,,,,,No Comment,,,,,,,,,,,,,,,,,,,,,,,,,,,,,,,,,,,,,,
13,25-Oct-09,1050,26-Oct-09,1004,10U,476795,5960045,Cod Trap, N/A , PCC ,4.2,6,1.5,N,0,,,,,,,,,,,,No Comment,,,,,,,,,,,,,,,,,,,,,,,,,,,,,,,,,,,,,,
14,25-Oct-09,1100,26-Oct-09,1015,10U,477179,5960087,Cod Trap, N/A , NSC/PCC ,8.9,6,1.5,N,0,,,,,,,,,,,,No Comment,,,,,,,,,,,,,,,,,,,,,,,,,,,,,,,,,,,,,,
15,25-Oct-09,1113,26-Oct-09,1023,10U,477572,5960144,Cod Trap, N/A , NSC/PCC ,6.0,6,1.5,N,0,,,,,,,,,,,,No Comment,,,,,,,,,,,,,,,,,,,,,,,,,,,,,,,,,,,,,,
2,26-Oct-09,1055,27-Oct-09,1418,10U,477970,5959660,Cod Trap, N/A , CSU/NSC ,2.2,6,1.5,Y,1,438,0.68,160,Y,FW YELLOW BC01543,N,,L,N,,,Trap #2 pulled out of Norman Lake,RB,1,0,250,,,,,,,,,,,,,,,,,,,,,,,,,,,,,,,,,,
1,26-Oct-09,0918,27-Oct-09,1256,10U,473780,5959388,Cod Trap, N/A , NSC ,5.2,6,1.5,N,0,,,,,,,,,,,,Trap #1 pulled out of Norman Lake,,,,,,,,,,,,,,,,,,,,,,,,,,,,,,,,,,,,,,
3,26-Oct-09,0925,27-Oct-09,1305,10U,474144,5959214,Cod Trap, N/A , NSC/PCC ,3.5,6,1.5,N,0,,,,,,,,,,,,Trap #3 pulled out of Norman Lake,,,,,,,,,,,,,,,,,,,,,,,,,,,,,,,,,,,,,,
4,26-Oct-09,1020,27-Oct-09,1356,10U,477346,5960099,Cod Trap, N/A , CSU/NSC ,10.0,6,1.5,N,0,,,,,,,,,,,,Trap #4 pulled out of Norman Lake,,,,,,,,,,,,,,,,,,,,,,,,,,,,,,,,,,,,,,
5,26-Oct-09,1039,27-Oct-09,1410,10U,477810,5959826,Cod Trap, N/A , PCC/NSC ,6.3,6,1.5,N,0,,,,,,,,,,,,Trap #5 pulled out of Norman Lake,,,,,,,,,,,,,,,,,,,,,,,,,,,,,,,,,,,,,,
6,26-Oct-09,0949,27-Oct-09,1331,10U,476344,5960011,Cod Trap, N/A , NSC ,6.0,6,1.5,N,0,,,,,,,,,,,,Moved trap. Trap #6 pulled out of Norman Lake,,,,,,,,,,,,,,,,,,,,,,,,,,,,,,,,,,,,,,
7,26-Oct-09,1000,27-Oct-09,1340,10U,476614,5959854,Cod Trap, N/A , CSU/NSC/PCC ,10.0,6,1.5,N,0,,,,,,,,,,,,Trap #7 pulled out of Norman Lake,,,,,,,,,,,,,,,,,,,,,,,,,,,,,,,,,,,,,,
8,26-Oct-09,1042,27-Oct-09,1413,10U,477873,5959820,Cod Trap, N/A , NSC ,2.1,6,1.5,N,0,,,,,,,,,,,,Trap #8 pulled out of Norman Lake,,,,,,,,,,,,,,,,,,,,,,,,,,,,,,,,,,,,,,
9,26-Oct-09,0934,27-Oct-09,1313,10U,475292,5959545,Cod Trap, N/A , NSC/PCC ,5.2,6,1.5,N,0,,,,,,,,,,,,Trap #9 pulled out of Norman Lake,,,,,,,,,,,,,,,,,,,,,,,,,,,,,,,,,,,,,,
10,26-Oct-09,0940,27-Oct-09,1319,10U,475730,5959859,Cod Trap, N/A , CSU/NSC/PCC ,6.3,6,1.5,N,0,,,,,,,,,,,,Trap #10 pulled out of Norman Lake,,,,,,,,,,,,,,,,,,,,,,,,,,,,,,,,,,,,,,
11,26-Oct-09,0944,27-Oct-09,1323,10U,475984,5959936,Cod Trap, N/A , NSC/PCC ,7.9,6,1.5,N,0,,,,,,,,,,,,Trap #11 pulled out of Norman Lake,,,,,,,,,,,,,,,,,,,,,,,,,,,,,,,,,,,,,,
12,26-Oct-09,0954,27-Oct-09,1334,10U,476477,5960002,Cod Trap, N/A , NSC/PCC ,4.0,6,1.5,N,0,,,,,,,,,,,,Trap #12 pulled out of Norman Lake,,,,,,,,,,,,,,,,,,,,,,,,,,,,,,,,,,,,,,
13,26-Oct-09,1005,27-Oct-09,1345,10U,476826,5960062,Cod Trap, N/A , PCC ,3.8,6,1.5,N,0,,,,,,,,,,,,Trap #13 pulled out of Norman Lake,,,,,,,,,,,,,,,,,,,,,,,,,,,,,,,,,,,,,,
14,26-Oct-09,1016,27-Oct-09,1351,10U,477207,5960109,Cod Trap, N/A , NSC/PCC ,5.0,6,1.5,N,0,,,,,,,,,,,,Trap #14 pulled out of Norman Lake,,,,,,,,,,,,,,,,,,,,,,,,,,,,,,,,,,,,,,
15,26-Oct-09,1025,27-Oct-09,1404,10U,477583,5960015,Cod Trap, N/A , NSC ,4.5,6,1.5,N,0,,,,,,,,,,,,Trap #15 pulled out of Norman Lake,,,,,,,,,,,,,,,,,,,,,,,,,,,,,,,,,,,,,,
H1,7-Jun-09,1035,8-Jun-09,0950,10U,477034,5959554,Hoop Trap,, Salmon ,21.5,14,2.1,Y,1,720,2.14,250,Y,FW YELLOW BC02758,N,,L,N,,,Fish revived well. Punctured and returned,,,,,,,,,,,,,,,,,,,,,,,,,,,,,,,,,,,,,,
H2,7-Jun-09,1043,8-Jun-09,1010,10U,476625,5959575,Hoop Trap, -   , Salmon ,18.0,14,2.1,N,0,,,,,,,,,,,,"Bait contained in the funnel sock. No fish caught, bait refreshed, bait moved to mid section. Funnel sock tied back",,,,,,,,,,,,,,,,,,,,,,,,,,,,,,,,,,,,,,
H3,7-Jun-09,1049,8-Jun-09,1016,10U,476326,5959535,Hoop Trap, -   , Salmon/ PCC ,21.7,14,2.1,N,0,,,,,,,,,,,,"No fish caught, bait refreshed",,,,,,,,,,,,,,,,,,,,,,,,,,,,,,,,,,,,,,
H2,8-Jun-09,1014,9-Jun-09,1016,10U,476650,5959570,Hoop Trap, -   , Salmon/ PCC ,17.2,13,2.1,Y,2 of 2,590,1.63,250,Y,FW YELLOW BC02751,N,,L,N,,,"Reset same spot, no bait added",,,,,,,,,,,,,,,,,,,,,,,,,,,,,,,,,,,,,,
H2,8-Jun-09,1014,9-Jun-09,1016,10U,476650,5959570,Hoop Trap, -   , Salmon/ PCC ,17.2,13,2.1,Y,1 of 2,660,2.01,260,Y,FW YELLOW BC02752,N,,L,N,,,"Reset same spot, no bait added",,,,,,,,,,,,,,,,,,,,,,,,,,,,,,,,,,,,,,
H1,8-Jun-09,1007,9-Jun-09,0941,10U,477022,5959560,Hoop Trap, -   , PCC ,21.7,14,2.1,Y,3 of 3,450,0.88,185,Y,FW YELLOW BC02753,N,,L,N,,,"Reset same spot, no bait added",,,,,,,,,,,,,,,,,,,,,,,,,,,,,,,,,,,,,,
H1,8-Jun-09,1007,9-Jun-09,0941,10U,477022,5959560,Hoop Trap, -   , PCC ,21.7,14,2.1,Y,2 of 3,670,2.73,300,Y,FW YELLOW BC02754,N,,L,N,,,"Reset same spot, no bait added",,,,,,,,,,,,,,,,,,,,,,,,,,,,,,,,,,,,,,
H1,8-Jun-09,1007,9-Jun-09,0941,10U,477022,5959560,Hoop Trap,, PCC ,21.7,14,2.1,Y,1 of 3,720,2.55,280,Y,FW YELLOW BC02755,N,,L,N,,,"Reset same spot, no bait added",,,,,,,,,,,,,,,,,,,,,,,,,,,,,,,,,,,,,,
H3,8-Jun-09,1021,9-Jun-09,1029,10U,476318,5959540,Hoop Trap, -   , Salmon/ NSC ,21.8,15,2.1,Y,1,500,1.01,185,Y,FW YELLOW BC02800,N,,L,N,,,"Black spot left top dorsal fin. Bait not refreshed, set same spot",,,,,,,,,,,,,,,,,,,,,,,,,,,,,,,,,,,,,,
H4,8-Jun-09,0824,9-Jun-09,0908,10U,477820,5959782,Hoop Trap, -   , PCC ,8.8,13,2.1,N,0,,,,,,,,,,,,Bait placed in funnel at posterior of trap. Bag/funnel tied up on trap. Bait moved to centre of trap. No fish caught,,,,,,,,,,,,,,,,,,,,,,,,,,,,,,,,,,,,,,
H5,8-Jun-09,0832,9-Jun-09,0858,10U,477785,5959681,Hoop Trap, -   , LSU/NSC ,14.0,13,2.1,N,0,,,,,,,,,,,,"Bait placed in posterior of trap. Repair to structure of trap (zap strap) Bait moved to mid section. Sock tied up, bait not refreshed",,,,,,,,,,,,,,,,,,,,,,,,,,,,,,,,,,,,,,
H6,8-Jun-09,0838,9-Jun-09,0916,10U,477664,5959789,Hoop Trap, -   , LSU/PCC ,15.6,14,2.1,N,0,,,,,,,,,,,,"Bait replaced from centre to back of trap. No fish caught, bait not refreshed",,,,,,,,,,,,,,,,,,,,,,,,,,,,,,,,,,,,,,
H6,9-Jun-09,0922,10-Jun-09,1530,10U,477653,5959778,Hoop Trap, -   , LSU/PCC ,15.3,16,2.2,Y,1,830,5.23,400,Y,FW YELLOW BC02788,N,,L,N,,,"WOW nice fish - all old bait removed, reset trap",,,,,,,,,,,,,,,,,,,,,,,,,,,,,,,,,,,,,,
H5,9-Jun-09,0902,10-Jun-09,1541,10U,477785,5959692,Hoop Trap, -   , LSU/NSC ,14.0,16,2.2,Y,1,480,1.05,210,Y,FW YELLOW BC02789,N,,L,N,,,"Fish revived well. All old bait removed, fresh bait in",,,,,,,,,,,,,,,,,,,,,,,,,,,,,,,,,,,,,,
H1,9-Jun-09,0957,10-Jun-09,1402,10U,477006,5959553,Hoop Trap, -   , PCC ,21.6,16,2.2,N,0,,,,,,,,,,,,"Reset same spot, no fish caught, no fresh bait added. Trap moved",,,,,,,,,,,,,,,,,,,,,,,,,,,,,,,,,,,,,,
H2,9-Jun-09,1024,10-Jun-09,1258,10U,476570,5959517,Hoop Trap, -   , Salmon/ PCC ,21.4,17,2.2,N,0,,,,,,,,,,,,"No fish caught, all old bait removed",,,,,,,,,,,,,,,,,,,,,,,,,,,,,,,,,,,,,,
H3,9-Jun-09,1038,10-Jun-09,1202,10U,476277,5959521,Hoop Trap, -   , Salmon/ NSC ,22.0,17,2.2,N,0,,,,,,,,,,,,"No fish caught, all old bait removed. Reset trap",,,,,,,,,,,,,,,,,,,,,,,,,,,,,,,,,,,,,,
H4,9-Jun-09,0908,10-Jun-09,1552,10U,477825,5959783,Hoop Trap, -   , PCC ,4.0,16,2.2,N,0,,,,,,,,,,,,"No fish caught, all old bait removed. Trap moved, new bait added",,,,,,,,,,,,,,,,,,,,,,,,,,,,,,,,,,,,,,
H5,10-Jun-09,1525,11-Jun-09,1424,10U,477802,5959687,Hoop Trap, -   , NSC/PCC ,13.0,19,2.5,Y,2 of 2,660,2.16,280,Y,FW ORANGE BC02430,N,,L,N,,,"Refreshed bait, reset same area",,,,,,,,,,,,,,,,,,,,,,,,,,,,,,,,,,,,,,
H5,10-Jun-09,1525,11-Jun-09,1424,10U,477802,5959687,Hoop Trap, -   , NSC/PCC ,13.0,19,2.5,Y,1 of 2,780,3.3,330,Y,FW ORANGE BC02431,N,,L,N,,,"Refreshed bait, reset same area",,,,,,,,,,,,,,,,,,,,,,,,,,,,,,,,,,,,,,
H1,10-Jun-09,1412,11-Jun-09,1309,10U,476933,5959815,Hoop Trap, -   , NSC ,16.9,19,2.5,Y,2 of 2,420.5,0.71,150.5,Y,FW ORANGE BC02438,N,,L,N,,,"Rebait, trap reset in same area",,,,,,,,,,,,,,,,,,,,,,,,,,,,,,,,,,,,,,
H1,10-Jun-09,1412,11-Jun-09,1309,10U,476933,5959815,Hoop Trap, -   , NSC ,16.9,19,2.5,Y,1 of 2,460,0.81,190,Y,FW ORANGE BC02439,N,,L,N,,,"Rebait, trap reset in same area",,,,,,,,,,,,,,,,,,,,,,,,,,,,,,,,,,,,,,
H3,10-Jun-09,1208,11-Jun-09,1218,10U,476272,5959521,Hoop Trap, -   , NSC ,21.9,18,2.5,Y,3 of 3,410,0.71,161,Y,FW ORANGE BC02443,N,,L,N,,,Trap efficiency is good / no bi-catch. Bait refreshed and trap reset in same area,,,,,,,,,,,,,,,,,,,,,,,,,,,,,,,,,,,,,,
H3,10-Jun-09,1208,11-Jun-09,1218,10U,476272,5959521,Hoop Trap, -   , NSC ,21.9,18,2.5,Y,2 of 3,500,1.13,191,Y,FW ORANGE BC02444,N,,L,N,,,Trap efficiency is good / no bi-catch. Bait refreshed and trap reset in same area,,,,,,,,,,,,,,,,,,,,,,,,,,,,,,,,,,,,,,
H3,10-Jun-09,1208,11-Jun-09,1218,10U,476272,5959521,Hoop Trap, -   , NSC ,21.9,18,2.5,Y,1 of 3,741,2.7,270,Y,FW ORANGE BC02445,N,,L,N,,,Trap efficiency is good / no bi-catch. Bait refreshed and trap reset in same area,,,,,,,,,,,,,,,,,,,,,,,,,,,,,,,,,,,,,,
H4,10-Jun-09,1557,11-Jun-09,1412,10U,477795,5959778,Hoop Trap, -   , NSC ,10.5,19,2.5,Y,1,670,2.24,290,Y,N/A,N,,L,Y,001,,Rebait & resedt in same area. Fish was released in shallow water (2-3m). Fish was found floating near shoreline by Dan's dock. Tried to revive - fish was sacrificed when it didn't respond attempt to revive,,,,,,,,,,,,,,,,,,,,,,,,,,,,,,,,,,,,,,
H2,10-Jun-09,1307,11-Jun-09,1249,10U,476572,5959509,Hoop Trap, -   , NSC ,20.8,18,2.5,N,0,,,,,,,,,,,,No fish caught. All fresh bait added,,,,,,,,,,,,,,,,,,,,,,,,,,,,,,,,,,,,,,
H6,10-Jun-09,1547,11-Jun-09,1405,10U,477650,5959785,Hoop Trap, -   , NSC ,15.0,19,2.5,N,0,,,,,,,,,,,,"No fish caught, reset same area",,,,,,,,,,,,,,,,,,,,,,,,,,,,,,,,,,,,,,
H2,11-Jun-09,1250,12-Jun-09,1142,10U,476635,5959675,Hoop Trap, -   , NSC/PCC ,16.5,18,2.5,Y,1,400,0.73,170,Y,FW PINK BC00000135,N,,L,N,,,New bait added. Reset trap in same area. ,,,,,,,,,,,,,,,,,,,,,,,,,,,,,,,,,,,,,,
H1,11-Jun-09,1316,12-Jun-09,1204,10U,476961,5959817,Hoop Trap, -   , NSC ,17.0,18,2.5,Y,1,740,3.06,3,Y,FW PINK BC00000137,N,,L,N,,,NSC added. Cloudy periods/sunny/calm,,,,,,,,,,,,,,,,,,,,,,,,,,,,,,,,,,,,,,
H4,11-Jun-09,1421,12-Jun-09,1314,10U,477825,5959772,Hoop Trap, -   , NSC/PCC ,5.6,19,2.5,Y,1 of 2,590,2.09,300,Y,FW PINK BC00000145,N,,L,N,,,"Reset same area, refreshed bait",,,,,,,,,,,,,,,,,,,,,,,,,,,,,,,,,,,,,,
H4,11-Jun-09,1421,12-Jun-09,1314,10U,477825,5959772,Hoop Trap, -   , NSC/PCC ,5.6,19,2.5,Y,2 of 2,500,1.26,240,Y,FW PINK BC00000146,N,,L,N,,,"Reset same area, refreshed bait",,,,,,,,,,,,,,,,,,,,,,,,,,,,,,,,,,,,,,
H3,11-Jun-09,1234,12-Jun-09,1121,10U,476299,5959502,Hoop Trap, -   , NSC ,21.5,18,2.5,N,0,,,,,,,,,,,,"Refreshed bait, reset same area",,,,,,,,,,,,,,,,,,,,,,,,,,,,,,,,,,,,,,
H5,11-Jun-09,1433,12-Jun-09,1254,10U,477819,5959698,Hoop Trap, -   , NSC ,11.1,19,2.5,N,0,,,,,,,,,,,,No fish caught. Bait not refreshed - set in same spot,,,,,,,,,,,,,,,,,,,,,,,,,,,,,,,,,,,,,,
H6,11-Jun-09,1407,12-Jun-09,1257,10U,477682,5959797,Hoop Trap, -   , NSC ,14.1,19,2.5,N,0,,,,,,,,,,,,"No fish caught, refreshed bait, reset same area",,,,,,,,,,,,,,,,,,,,,,,,,,,,,,,,,,,,,,
H5,12-Jun-09,1256,13-Jun-09,1237,10U,477802,5959709,Hoop Trap, -   , NSC ,12.4,21,2.5,Y,2 of 2,530,1.5,240,Y,FW BLUE BC05195,N,,L,N,,,Reset same area,,,,,,,,,,,,,,,,,,,,,,,,,,,,,,,,,,,,,,
H5,12-Jun-09,1256,13-Jun-09,1237,10U,477802,5959709,Hoop Trap, -   , NSC ,12.4,21,2.5,Y,1 of 2,340.5,0.5,140,Y,FW BLUE BC05196,N,,L,N,,,Reset same area,,,,,,,,,,,,,,,,,,,,,,,,,,,,,,,,,,,,,,
H6,12-Jun-09,1300,13-Jun-09,1230,10U,477657,5959804,Hoop Trap, -   , NSC/PCC ,14.3,21,2.5,Y,1,490,1.04,200,Y,FW BLUE BC05197,N,,L,N,,,No new bait added,,,,,,,,,,,,,,,,,,,,,,,,,,,,,,,,,,,,,,
H2,12-Jun-09,1147,13-Jun-09,0940,10U,476628,5959600,Hoop Trap, -   , NSC/PCC ,16.2,20,2.5,Y,1,490,0.98,200,Y,FW PINK BC00000148,N,,L,N,,,Replaced all bait. Reset same area,,,,,,,,,,,,,,,,,,,,,,,,,,,,,,,,,,,,,,
H1,12-Jun-09,1208,13-Jun-09,0925,10U,476949,5959825,Hoop Trap, -   , NSC ,17.2,20,2.1,N,0,,,,,,,,,,,,"No fish caught, replaced all bait",,,,,,,,,,,,,,,,,,,,,,,,,,,,,,,,,,,,,,
H3,12-Jun-09,1124,13-Jun-09,1218,10U,476296,5959497,Hoop Trap, -   , NSC ,21.3,20,2.5,N,0,,,,,,,,,,,,"No fish caught, bait not refreshed. Set in same spot",,,,,,,,,,,,,,,,,,,,,,,,,,,,,,,,,,,,,,
H4,12-Jun-09,1323,13-Jun-09,1251,10U,477837,5959779,Hoop Trap, -   , NSC/PCC ,4.2,19,2.5,N,0,,,,,,,,,,,,"No fish caught, refreshed bait",,,,,,,,,,,,,,,,,,,,,,,,,,,,,,,,,,,,,,
H1,13-Jun-09,0930,14-Jun-09,1135,10U,477183,5959951,Hoop Trap, -   , NSC ,16.4,20,2.5,N,0,,,,,,,,,,,,"No fish caught, old bait removed, freshbait added. Trap moved",,,,,,,,,,,,,,,,,,,,,,,,,,,,,,,,,,,,,,
H2,13-Jun-09,0944,14-Jun-09,1106,10U,476611,5959381,Hoop Trap, -   , NSC ,16.8,19,2.5,N,0,,,,,,,,,,,,"No fish caught, bait not refreshed. Reset in same area ",,,,,,,,,,,,,,,,,,,,,,,,,,,,,,,,,,,,,,
H3,13-Jun-09,1220,14-Jun-09,1018,10U,476276,5959502,Hoop Trap, -   , NSC ,21.8,20,2.5,N,0,,,,,,,,,,,,"No fish caught, old bait removed, new bait added. Trap moved",,,,,,,,,,,,,,,,,,,,,,,,,,,,,,,,,,,,,,
H4,13-Jun-09,1252,14-Jun-09,1229,10U,477835,5959781,Hoop Trap, -   , NSC/BB ,4.9,21,2.5,N,0,,,,,,,,,,,,"No fish caught, no fresh bait, reset in same spot",,,,,,,,,,,,,,,,,,,,,,,,,,,,,,,,,,,,,,
H5,13-Jun-09,1240,14-Jun-09,1216,10U,477806,5959700,Hoop Trap, -   , NSC ,12.1,21,2.5,N,0,,,,,,,,,,,,"No fish caught, old bait removed, new bait in",,,,,,,,,,,,,,,,,,,,,,,,,,,,,,,,,,,,,,
H6,13-Jun-09,1137,14-Jun-09,1210,10U,477656,5959811,Hoop Trap, -   , NSC/PCC ,14.6,20,2.5,N,0,,,,,,,,,,,,"No fish caught, old bait removed, new bait added",,,,,,,,,,,,,,,,,,,,,,,,,,,,,,,,,,,,,,
H6,14-Jun-09,1213,15-Jun-09,1242,10U,477649,5959811,Hoop Trap, -   , NSC/PCC ,14.6,21,2.5,Y,1,690,2.52,300,Y,FW BLUE BC05176,N,,L,N,,,"Trap rebaited, reset in same location",,,,,,,,,,,,,,,,,,,,,,,,,,,,,,,,,,,,,,
H3,14-Jun-09,1026,15-Jun-09,1024,10U,475680,5959083,Hoop Trap, -   , NSC ,20.3,19,2.5,Y,2 of 2,395,0.67,165,Y,FW BLUE BC05180,N,,L,N,,,"Old bait removed, new bait added. Fish punc't and released",,,,,,,,,,,,,,,,,,,,,,,,,,,,,,,,,,,,,,
H3,14-Jun-09,1026,15-Jun-09,1024,10U,475680,5959083,Hoop Trap, -   , NSC ,20.3,19,2.5,Y,1 of 2,420,0.70,160,Y,FW BLUE BC05181,N,,L,N,,,"Old bait removed, new bait added. Fish punc't and released",,,,,,,,,,,,,,,,,,,,,,,,,,,,,,,,,,,,,,
H1,14-Jun-09,1140,15-Jun-09,1214,10U,477324,5959870,Hoop Trap, -   , NSC ,15.8,21,2.5,N,0,,,,,,,,,,,,"No fish caught, no bait added, trap reset in same spot",,,,,,,,,,,,,,,,,,,,,,,,,,,,,,,,,,,,,,
H2,14-Jun-09,1108,15-Jun-09,1146,10U,476620,5959686,Hoop Trap, -   , NSC ,16.6,19,2.5,N,0,,,,,,,,,,,,"No fish caught, no bait added, trap reset in same spot",,,,,,,,,,,,,,,,,,,,,,,,,,,,,,,,,,,,,,
H4,14-Jun-09,1229,15-Jun-09,1257,10U,477835,5959781,Hoop Trap, -   , NSC ,4.9,21,2.5,N,0,,,,,,,,,,,,"No fish caught, fresh bait added, reset in same spot",,,,,,,,,,,,,,,,,,,,,,,,,,,,,,,,,,,,,,
H5,14-Jun-09,1221,15-Jun-09,1257,10U,477809,5959708,Hoop Trap, -   , NSC ,11.6,21,2.5,N,0,,,,,,,,,,,,"No fish caught, replaced bait, reset trap in same area",,,,,,,,,,,,,,,,,,,,,,,,,,,,,,,,,,,,,,
H1,15-Jun-09,1216,17-Jun-09,1321,10U,477326,5959867,Hoop Trap, -   , NSC ,15.6,20,2.5,N,0,,,,,,,,,,,,"No fish caught, no bait added, trap reset in same spot",,,,,,,,,,,,,,,,,,,,,,,,,,,,,,,,,,,,,,
H2,15-Jun-09,1148,17-Jun-09,1339,10U,476631,5959691,Hoop Trap, -   , NSC ,16.4,20,2.5,N,0,,,,,,,,,,,,"No fish caught, no bait added, trap reset in same spot",,,,,,,,,,,,,,,,,,,,,,,,,,,,,,,,,,,,,,
H3,15-Jun-09,1032,17-Jun-09,1124,10U,475702,5959098,Hoop Trap, -   , NSC/PCC ,20.3,19,2.5,N,0,,,,,,,,,,,,"No fish caught, fresh bait added, reset in same spot",,,,,,,,,,,,,,,,,,,,,,,,,,,,,,,,,,,,,,
H4,15-Jun-09,1256,17-Jun-09,1410,10U,477845,5959776,Hoop Trap, -   , NSC ,4.0,21,2.5,N,0,,,,,,,,,,,,"No fish caught, no fresh bait, reset in same spot",,,,,,,,,,,,,,,,,,,,,,,,,,,,,,,,,,,,,,
H5,15-Jun-09,1301,17-Jun-09,1408,10U,477787,5959729,Hoop Trap, -   , NSC ,11.8,21,2.5,N,0,,,,,,,,,,,,"No fish caught, no fresh bait, reset in same spot",,,,,,,,,,,,,,,,,,,,,,,,,,,,,,,,,,,,,,
H6,15-Jun-09,1251,17-Jun-09,1405,10U,477640,5959829,Hoop Trap, -   , NSC ,14.4,21,2.5,N,0,,,,,,,,,,,,"No fish caught, no fresh bait, reset in same spot",,,,,,,,,,,,,,,,,,,,,,,,,,,,,,,,,,,,,,
H5,17-Jun-09,1409,18-Jun-09,1154,10U,477788,5959721,Hoop Trap, -   , NSC ,11.1,18,2.5,Y,1,430,0.75,170,Y,FW BLUE BC05158,N,,L,N,,,Pulled trap,,,,,,,,,,,,,,,,,,,,,,,,,,,,,,,,,,,,,,
H1,17-Jun-09,1323,18-Jun-09,1137,10U,477360,5959879,Hoop Trap, -   , NSC ,14.8,18,2.5,N,0,,,,,,,,,,,,"No fish, trap pulled",,,,,,,,,,,,,,,,,,,,,,,,,,,,,,,,,,,,,,
H2,17-Jun-09,1341,18-Jun-09,1133,10U,476652,5959684,Hoop Trap, -   , NSC ,15.2,18,2.5,N,0,,,,,,,,,,,,"No fish, trap pulled",,,,,,,,,,,,,,,,,,,,,,,,,,,,,,,,,,,,,,
H3,17-Jun-09,1127,18-Jun-09,1123,10U,475723,5959097,Hoop Trap, -   , NSC ,20.1,18,2.5,N,0,,,,,,,,,,,,"No fish, trap pulled",,,,,,,,,,,,,,,,,,,,,,,,,,,,,,,,,,,,,,
H4,17-Jun-09,1412,18-Jun-09,1206,10U,477852,5959764,Hoop Trap, -   , NSC ,3.3,18,2.5,N,0,,,,,,,,,,,,"Bi-catch released, trap pulled",CSU,1,,360,,,,,,,,,,,,,,,,,,,,,,,,,,,,,,,,,,
H6,17-Jun-09,1405,18-Jun-09,1246,10U,477667,5959817,Hoop Trap, -   , NSC ,14.0,18,2.5,N,0,,,,,,,,,,,,"No fish, trap pulled",,,,,,,,,,,,,,,,,,,,,,,,,,,,,,,,,,,,,,
H1,29-Sep-09,1550,30-Sep-09,1450,10U,477771,5959734,Hoop Trap, N/A , Sockeye ,11.0,11,1,N,0,,,,,,,,,,,,No Comment,,,,,,,,,,,,,,,,,,,,,,,,,,,,,,,,,,,,,,
H2,29-Sep-09,1548,30-Sep-09,1445,10U,477997,5959427,Hoop Trap, N/A , Sockeye ,11.0,11,1,N,0,,,,,,,,,,,,No Comment,,,,,,,,,,,,,,,,,,,,,,,,,,,,,,,,,,,,,,
H3,29-Sep-09,1543,30-Sep-09,1440,10U,478183,5959350,Hoop Trap, N/A , Sockeye ,10.4,11,1,N,0,,,,,,,,,,,,More bait sox added 09/30/09,,,,,,,,,,,,,,,,,,,,,,,,,,,,,,,,,,,,,,
H4,29-Sep-09,1540,30-Sep-09,1434,10U,478400,5959352,Hoop Trap, N/A , Sockeye ,6.6,11,1,N,0,,,,,,,,,,,,Peamouth x 1 (see 09/30/09 for measurements),,,,,,,,,,,,,,,,,,,,,,,,,,,,,,,,,,,,,,
H5,29-Sep-09,1535,30-Sep-09,1430,10U,478491,5959292,Hoop Trap, N/A , Sockeye ,6.2,11,1,N,0,,,,,,,,,,,,1-Peamouth (see 09/30/09 for measurements),,,,,,,,,,,,,,,,,,,,,,,,,,,,,,,,,,,,,,
H6,29-Sep-09,1530,30-Sep-09,1419,10U,478462,5959140,Hoop Trap, N/A , Sockeye ,1.9,11,1,N,0,,,,,,,,,,,,No Comment,,,,,,,,,,,,,,,,,,,,,,,,,,,,,,,,,,,,,,
H1,30-Sep-09,1451,1-Oct-09,1315,10U,477773,5959740,Hoop Trap, N/A , Sockeye ,13.7,11,1.5,Y,1,610,1.53,250,Y,FW BLUE BC05157,N,,L,N,,,Sockeye bait added,,,,,,,,,,,,,,,,,,,,,,,,,,,,,,,,,,,,,,
H2,30-Sep-09,1447,1-Oct-09,1313,10U,478020,5959436,Hoop Trap, N/A , Sockeye ,12.6,11,1.5,N,0,,,,,,,,,,,,No Comment,NSC,1,0,240,,,,,,,,,,,,,,,,,,,,,,,,,,,,,,,,,,
H3,30-Sep-09,1442,1-Oct-09,1306,10U,478185,5959353,Hoop Trap, N/A , Sockeye ,12.2,11,1.5,N,0,,,,,,,,,,,,No Comment,NSC,1,0,250,,,,,,,,,,,,,,,,,,,,,,,,,,,,,,,,,,
H4,30-Sep-09,1436,1-Oct-09,1300,10U,478404,5959349,Hoop Trap, N/A , Sockeye ,7.5,11,1.5,N,0,,,,,,,,,,,,P mouth in trap,PCC,1,0,240,,,,,,,,,,,,,,,,,,,,,,,,,,,,,,,,,,
H5,30-Sep-09,1431,1-Oct-09,1254,10U,478504,5959306,Hoop Trap, N/A , Sockeye ,7.9,11,1.5,N,0,,,,,,,,,,,,No Comment,PCC,1,0,220,,,,,,,,,,,,,,,,,,,,,,,,,,,,,,,,,,
H6,30-Sep-09,1421,1-Oct-09,1244,10U,478474,5959144,Hoop Trap, N/A , Sockeye ,2.6,11,1.5,N,0,,,,,,,,,,,,No Comment,,,,,,,,,,,,,,,,,,,,,,,,,,,,,,,,,,,,,,
H1,1-Oct-09,1325,2-Oct-09,1345,10U,477804,5959668,Hoop Trap, N/A , Sockeye ,14.8,11,1.5,N,0,,,,,,,,,,,,No Comment,,,,,,,,,,,,,,,,,,,,,,,,,,,,,,,,,,,,,,
H2,1-Oct-09,1314,2-Oct-09,1352,10U,478014,5959422,Hoop Trap, N/A , Sox/NSC ,12.7,10,1.5,N,0,,,,,,,,,,,,NSC added to bait 10/01/09,,,,,,,,,,,,,,,,,,,,,,,,,,,,,,,,,,,,,,
H3,1-Oct-09,1307,2-Oct-09,1357,10U,478198,5959325,Hoop Trap, N/A , Sox/NSC ,10.0,10,1.5,N,0,,,,,,,,,,,,No Comment,,,,,,,,,,,,,,,,,,,,,,,,,,,,,,,,,,,,,,
H4,1-Oct-09,1302,2-Oct-09,1304,10U,478412,5959312,Hoop Trap, N/A , PCC ,7.8,10,1.5,N,0,,,,,,,,,,,,No Comment,,,,,,,,,,,,,,,,,,,,,,,,,,,,,,,,,,,,,,
H5,1-Oct-09,1256,2-Oct-09,1407,10U,478514,5959286,Hoop Trap, N/A , Sox/PCC ,7.5,11,1.5,N,0,,,,,,,,,,,,Sockeye added as bait,PCC,2,0,230,200,,,,,,,,,,,,,,,,,,,,,,,,,,,,,,,,,
H6,1-Oct-09,1244,2-Oct-09,1414,10U,478471,5959136,Hoop Trap, N/A , Sockeye ,2.4,11,1.5,N,0,,,,,,,,,,,,Sockeye added as bait,,,,,,,,,,,,,,,,,,,,,,,,,,,,,,,,,,,,,,
H3,2-Oct-09,1400,3-Oct-09,1109,10U,478221,5959298,Hoop Trap, N/A , Sox/NSC ,7.0,10,1.5,Y,1,420,0.65,160,Y,FW BLUE BC05156,N,,L,N,,,Trap Pulled. Left pectoral fin damaged (frayed),,,,,,,,,,,,,,,,,,,,,,,,,,,,,,,,,,,,,,
H1,2-Oct-09,1347,3-Oct-09,1100,10U,477808,5959676,Hoop Trap, N/A , Sox/PCC ,14.7,10,1.5,N,0,,,,,,,,,,,,Trap Pulled,,,,,,,,,,,,,,,,,,,,,,,,,,,,,,,,,,,,,,
H2,2-Oct-09,1354,3-Oct-09,1106,10U,478029,5959413,Hoop Trap, N/A , Sox/NSC ,12.5,10,1.5,N,0,,,,,,,,,,,,Trap Pulled,,,,,,,,,,,,,,,,,,,,,,,,,,,,,,,,,,,,,,
H4,2-Oct-09,1305,3-Oct-09,1119,10U,478424,5959311,Hoop Trap, N/A , Sox/PCC ,7.9,10,1.5,N,0,,,,,,,,,,,,Trap Pulled. ,,,,,,,,,,,,,,,,,,,,,,,,,,,,,,,,,,,,,,
H5,2-Oct-09,1410,3-Oct-09,1123,10U,478532,5959276,Hoop Trap, N/A , Sox/PCC ,6.5,10,1.5,N,0,,,,,,,,,,,,Trap Pulled. P Mouth added as bait.,,,,,,,,,,,,,,,,,,,,,,,,,,,,,,,,,,,,,,
H6,2-Oct-09,1417,3-Oct-09,1127,10U,478471,5959158,Hoop Trap, N/A , Sox/PCC ,2.9,10,1.5,N,0,,,,,,,,,,,,Trap Pulled,,,,,,,,,,,,,,,,,,,,,,,,,,,,,,,,,,,,,,
H1,13-Oct-09,1221,14-Oct-09,1331,10U,477682,5959870,Hoop Trap, N/A , Sockeye ,15.0,4,2,N,0,,,,,,,,,,,,Depth not taken on 13/10/09.,NSC,1,0,300,,,,,,,,,,,,,,,,,,,,,,,,,,,,,,,,,,
H2,13-Oct-09,1231,14-Oct-09,1339,10U,477826,5959690,Hoop Trap, N/A , Sockeye ,11.0,4,2,N,0,,,,,,,,,,,,Depth not taken on 13/10/09. No UTM taken on 13/10/09,,,,,,,,,,,,,,,,,,,,,,,,,,,,,,,,,,,,,,
H3,13-Oct-09,1241,14-Oct-09,1403,10U,478175,5959478,Hoop Trap, N/A , Sockeye ,10.0,4,2,N,0,,,,,,,,,,,,"Burbot captured on 14/10/09 was not measured, sampling kit was left in town. Burbot was left in trap to measure next day. Burbot escaped.Depth not taken on 13/10/09. No UTM taken on 13/10/09",,,,,,,,,,,,,,,,,,,,,,,,,,,,,,,,,,,,,,
H4,13-Oct-09,1248,14-Oct-09,1412,10U,478597,5959340,Hoop Trap, N/A , Sockeye ,5.3,4,2,N,0,,,,,,,,,,,,Depth not taken on 13/10/09. PCC were gilled on hoop trap but still alive.,PCC,4,0,230,240,240,250,,,,,,,,,,,,,,,,,,,,,,,,,,,,,,,
H5,13-Oct-09,1244,14-Oct-09,1406,10U,478446,5959431,Hoop Trap, N/A , Sockeye ,9.2,4,2,N,0,,,,,,,,,,,,"Burbot captured on 14/10/09 was not measured, sampling kit was left in town. Burbot was left in trap to measure next day. Burbot escaped.Depth not taken on 13/10/09. ",,,,,,,,,,,,,,,,,,,,,,,,,,,,,,,,,,,,,,
H6,13-Oct-09,1252,14-Oct-09,1417,10U,478176,5959116,Hoop Trap, N/A , Sockeye ,4.1,4,2,N,0,,,,,,,,,,,,Depth not taken on 13/10/09. PCC was gilled on hoop trap but alive.,PCC,1,0,240,,,,,,,,,,,,,,,,,,,,,,,,,,,,,,,,,,
H1,14-Oct-09,1335,15-Oct-09,1412,10U,477682,5959870,Hoop Trap, N/A , Sox/NSC ,15.0,7,1.1,N,0,,,,,,,,,,,,"Weather same, reused sox added 1NSC",,,,,,,,,,,,,,,,,,,,,,,,,,,,,,,,,,,,,,
H2,14-Oct-09,1343,15-Oct-09,1419,10U,477826,5959690,Hoop Trap, N/A , Sox/PCC ,11.0,7,1.1,N,0,,,,,,,,,,,,"Weather same, reused sox added 1PCC",,,,,,,,,,,,,,,,,,,,,,,,,,,,,,,,,,,,,,
H3,14-Oct-09,1403,15-Oct-09,1428,10U,478175,5959478,Hoop Trap, N/A , Sockeye ,10.0,7,1.1,N,0,,,,,,,,,,,,"Weather same, reused sox",,,,,,,,,,,,,,,,,,,,,,,,,,,,,,,,,,,,,,
H4,14-Oct-09,1414,15-Oct-09,1440,10U,478597,5959340,Hoop Trap, N/A , Sox/PCC ,5.5,7,1.1,N,0,,,,,,,,,,,,"Weather same, reused sox added 2 PCC",,,,,,,,,,,,,,,,,,,,,,,,,,,,,,,,,,,,,,
H5,14-Oct-09,1418,15-Oct-09,1436,10U,478446,5959431,Hoop Trap, N/A , Sockeye ,9.2,7,1.1,N,0,,,,,,,,,,,,"Weather same, reused sox",,,,,,,,,,,,,,,,,,,,,,,,,,,,,,,,,,,,,,
H6,14-Oct-09,1420,15-Oct-09,1447,10U,478176,5959116,Hoop Trap, N/A , Sox/PCC ,4.1,7,1.1,N,0,,,,,,,,,,,,"Weather same, reused sox added 1PCC",,,,,,,,,,,,,,,,,,,,,,,,,,,,,,,,,,,,,,
H4,15-Oct-09,1443,17-Oct-09,1450,10U,478570,5959337,Hoop Trap, N/A , PCC ,6.7,7,1.5,Y,1,790,3.19,300,Y,FW YELLOW BC0042,N,,L,N,,,48 hour set due to weather concerns. Add bait 3PCC (CP 12/23/09- Incomplete data),,,,,,,,,,,,,,,,,,,,,,,,,,,,,,,,,,,,,,
H1,15-Oct-09,1416,17-Oct-09,1350,10U,477671,5959860,Hoop Trap, N/A , PCC/NSC ,15.0,7,1.5,N,0,,,,,,,,,,,,48 hour set due to weather concerns. Add bait 2 PCC 1NSC (CP 12/23/09- Incomplete data),,,,,,,,,,,,,,,,,,,,,,,,,,,,,,,,,,,,,,
H2,15-Oct-09,1422,17-Oct-09,1411,10U,477893,5959789,Hoop Trap, N/A , PCC ,2.0,7,1.5,N,0,,,,,,,,,,,,48 hour set due to weather concerns. Fresh bait (CP 12/23/09- Incomplete data),,,,,,,,,,,,,,,,,,,,,,,,,,,,,,,,,,,,,,
H3,15-Oct-09,1430,17-Oct-09,1430,10U,478188,5959461,Hoop Trap, N/A , CSU/PCC ,11.0,7,1.5,Y,1,610,2.07,270,N,,Y,FW PINK BC0000145,L,N,,,48 hour set due to weather concerns. Add bait (CP 12/23/09- Incomplete data),NSC,1,0,410,,,,,,,,,,,,,,,,,,,,,,,,,,,,,,,,,,
H5,15-Oct-09,1436,17-Oct-09,1443,10U,478477,5959413,Hoop Trap, N/A , PCC ,9.0,7,1.5,N,0,,,,,,,,,,,,"48 hour set due to weather concerns. Add bait 2PCC, reset (CP 12/23/09- Incomplete data)",,,,,,,,,,,,,,,,,,,,,,,,,,,,,,,,,,,,,,
H6,15-Oct-09,1450,17-Oct-09,1500,10U,478197,5959166,Hoop Trap, N/A , PCC ,2.9,7,1.5,N,0,,,,,,,,,,,,48 hour set due to weather concerns. Add bait 5PCC (CP 12/23/09- Incomplete data),,,,,,,,,,,,,,,,,,,,,,,,,,,,,,,,,,,,,,
H3,17-Oct-09,1440,19-Oct-09,1557,10U,478176,5959450,Hoop Trap, N/A , CSU/PCC ,11.0,7,1.2,Y,1 of 2,790,3.36,320,Y,FW ORANGE BC01436,N,,L,N,,,48 hour set 10/17/09 - 10/19/09 due to weather concerns. No bait added (CP 12/27/09- Incomplete data),,,,,,,,,,,,,,,,,,,,,,,,,,,,,,,,,,,,,,
H3,17-Oct-09,1440,19-Oct-09,1557,10U,478176,5959450,Hoop Trap, N/A , CSU/PCC ,11.0,7,1.2,Y,2 of 2,680,2.57,310,Y,FW ORANGE BC01437,N,,L,N,,,48 hour set 10/17/09 - 10/19/09 due to weather concerns. No bait added (CP 12/27/09- Incomplete data),,,,,,,,,,,,,,,,,,,,,,,,,,,,,,,,,,,,,,
H5,17-Oct-09,1445,19-Oct-09,1606,10U,478477,5959413,Hoop Trap, N/A , PCC ,9.0,7,1.5,Y,1,500,1.11,200,Y,FW ORANGE BC01438,N,,L,N,,,48 hour set 10/17/09 - 10/19/09 due to weather concerns. No bait added (CP 12/27/09- Incomplete data),,,,,,,,,,,,,,,,,,,,,,,,,,,,,,,,,,,,,,
H1,17-Oct-09,1352,19-Oct-09,1535,10U,477680,5959851,Hoop Trap, N/A , PCC/NSC ,15.0,7,1.5,N,0,,,,,,,,,,,,48 hour set 10/17/09 - 10/19/09 due to weather concerns.(CP 12/27/09- Incomplete data),,,,,,,,,,,,,,,,,,,,,,,,,,,,,,,,,,,,,,
H2,17-Oct-09,1409,19-Oct-09,1540,10U,477893,5959789,Hoop Trap, N/A , PCC ,2.0,7,1.5,N,0,,,,,,,,,,,,48 hour set 10/17/09 - 10/19/09 due to weather concerns.(CP 12/27/09- Incomplete data),,,,,,,,,,,,,,,,,,,,,,,,,,,,,,,,,,,,,,
H4,17-Oct-09,1453,19-Oct-09,1615,10U,478570,5959337,Hoop Trap, N/A , PCC ,6.7,7,1.2,N,0,,,,,,,,,,,,48 hour set 10/17/09 - 10/19/09 due to weather concerns. No bait added (CP 12/27/09- Incomplete data),,,,,,,,,,,,,,,,,,,,,,,,,,,,,,,,,,,,,,
H6,17-Oct-09,1503,19-Oct-09,1620,10U,478197,5959166,Hoop Trap, N/A , PCC ,2.9,7,1.2,N,0,,,,,,,,,,,,48 hour set 10/17/09 - 10/19/09 due to weather concerns. No bait added (CP 12/27/09- Incomplete data),,,,,,,,,,,,,,,,,,,,,,,,,,,,,,,,,,,,,,
H3,19-Oct-09,1610,20-Oct-09,1331,10U,478164,5954472,Hoop Trap, N/A , NSC ,2.0,6,1.1,Y,1,630,1.93,280,Y,FW YELLOW BC01533,N,,L,N,,,(CP 12/28/09 - Incomplete data),,,,,,,,,,,,,,,,,,,,,,,,,,,,,,,,,,,,,,
H1,19-Oct-09,1537,20-Oct-09,1409,10U,477656,5959880,Hoop Trap, N/A , PCC/NSC ,16.0,6,1.2,N,0,,,,,,,,,,,,(CP 12/28/09 - Incomplete data),,,,,,,,,,,,,,,,,,,,,,,,,,,,,,,,,,,,,,
H2,19-Oct-09,1542,20-Oct-09,1320,10U,477910,5959765,Hoop Trap, N/A , PCC/CSU ,2.7,6,1.1,Y ,1,430,0.64,140,N,,Y,FW ORANGE BC01441,L,N,,,(CP 12/28/09 - Incomplete data),,,,,,,,,,,,,,,,,,,,,,,,,,,,,,,,,,,,,,
H4,19-Oct-09,1616,20-Oct-09,1358,10U,478542,5959220,Hoop Trap, N/A , PCC ,7.8,6,1.2,N,0,,,,,,,,,,,,(CP 12/28/09 - Incomplete data),,,,,,,,,,,,,,,,,,,,,,,,,,,,,,,,,,,,,,
H5,19-Oct-09,1612,20-Oct-09,1352,10U,478466,5959429,Hoop Trap, N/A , PCC ,9.2,6,1.2,N,0,,,,,,,,,,,,(CP 12/28/09 - Incomplete data),,,,,,,,,,,,,,,,,,,,,,,,,,,,,,,,,,,,,,
H6,19-Oct-09,1622,20-Oct-09,1402,10U,478192,5959174,Hoop Trap, N/A , NSC/PCC ,3.2,7,1.2,N,0,,,,,,,,,,,,No Comment,,,,,,,,,,,,,,,,,,,,,,,,,,,,,,,,,,,,,,
H1,20-Oct-09,1414,21-Oct-09,1034,10U,477656,5959880,Hoop Trap, N/A , PCC/NSC ,16.0,6,1.2,N,0,,,,,,,,,,,,Trap reset in same location,,,,,,,,,,,,,,,,,,,,,,,,,,,,,,,,,,,,,,
H2,20-Oct-09,1325,21-Oct-09,1052,10U,477006,5959762,Hoop Trap, N/A , CSU/PCC ,2.7,6,1.2,N,0,,,,,,,,,,,,Trap reset in same location 10/21/09. ,,,,,,,,,,,,,,,,,,,,,,,,,,,,,,,,,,,,,,
H3,20-Oct-09,1234,21-Oct-09,1117,10U,478125,5959463,Hoop Trap, N/A , NSC ,11.0,6,1.2,N,0,,,,,,,,,,,,Trap reset in same location 10/21/09. ,,,,,,,,,,,,,,,,,,,,,,,,,,,,,,,,,,,,,,
H4,20-Oct-09,1400,21-Oct-09,1127,10U,478547,5959213,Hoop Trap, N/A , CSU/PCC ,7.9,6,1.2,N,0,,,,,,,,,,,,Trap reset in same location 10/21/09. ,,,,,,,,,,,,,,,,,,,,,,,,,,,,,,,,,,,,,,
H5,20-Oct-09,1354,21-Oct-09,1122,10U,470444,5959430,Hoop Trap, N/A , PCC ,9.3,6,1.2,N,0,,,,,,,,,,,,Trap reset in same location 10/21/09. ,,,,,,,,,,,,,,,,,,,,,,,,,,,,,,,,,,,,,,
H6,20-Oct-09,1404,21-Oct-09,76u676677671,1,478192,5959174,Hoop Trap, N/A , NSC/PCC ,3.1,6,1.2,N,0,,,,,,,,,,,,Trap relocated ,,,,,,,,,,,,,,,,,,,,,,,,,,,,,,,,,,,,,,
H6,21-Oct-09,1136,22-Oct-09,1127,10U,478323,5959286,Hoop Trap, N/A , PCC ,5.2,6,1.5,Y,1,410,0.56,155,N,N/A,N,,L,Y,008,,No Comment,,,,,,,,,,,,,,,,,,,,,,,,,,,,,,,,,,,,,,
H1,21-Oct-09,1036,22-Oct-09,1035,10U,477636,5959900,Hoop Trap, N/A , NSC/PCC ,15.0,6,1.5,N,0,,,,,,,,,,,,Trap reset in same location 10/22/09,,,,,,,,,,,,,,,,,,,,,,,,,,,,,,,,,,,,,,
H2,21-Oct-09,1054,22-Oct-09,1047,10U,477885,5959778,Hoop Trap, N/A , CSU/PCC ,2.5,6,1.5,N,0,,,,,,,,,,,,Trap reset in same location 10/22/09,,,,,,,,,,,,,,,,,,,,,,,,,,,,,,,,,,,,,,
H3,21-Oct-09,1119,22-Oct-09,1113,10U,478112,5959473,Hoop Trap, N/A , NSC/PCC ,11.0,6,1.5,N,0,,,,,,,,,,,,Trap reset in same location 10/22/09,,,,,,,,,,,,,,,,,,,,,,,,,,,,,,,,,,,,,,
H4,21-Oct-09,1130,22-Oct-09,1123,10U,478551,5959314,Hoop Trap, N/A , CSU/PCC ,7.2,6,1.5,N,0,,,,,,,,,,,,Trap reset in same location 10/22/09,,,,,,,,,,,,,,,,,,,,,,,,,,,,,,,,,,,,,,
H5,21-Oct-09,1024,22-Oct-09,1118,10U,478453,5959435,Hoop Trap, N/A , PCC ,9.1,6,1.5,N,0,,,,,,,,,,,,Trap reset in same general location,,,,,,,,,,,,,,,,,,,,,,,,,,,,,,,,,,,,,,
H1,22-Oct-09,1037,23-Oct-09,1044,10U,477625,5959892,Hoop Trap, N/A , NSC/PCC ,15.0,6,1.8,N,0,,,,,,,,,,,,No Comment,,,,,,,,,,,,,,,,,,,,,,,,,,,,,,,,,,,,,,
H2,22-Oct-09,1053,23-Oct-09,1120,10U,477887,5959766,Hoop Trap, N/A , NSC/PCC ,2.5,6,1.8,N,0,,,,,,,,,,,,No Comment,,,,,,,,,,,,,,,,,,,,,,,,,,,,,,,,,,,,,,
H3,22-Oct-09,1114,23-Oct-09,1153,10U,478096,5959483,Hoop Trap, N/A , NSC/PCC ,11.0,6,1.8,N,0,,,,,,,,,,,,No Comment,,,,,,,,,,,,,,,,,,,,,,,,,,,,,,,,,,,,,,
H4,22-Oct-09,1125,23-Oct-09,1221,10U,478557,5959312,Hoop Trap, N/A , CSU/PCC ,7.8,6,1.8,N,0,,,,,,,,,,,,No Comment,,,,,,,,,,,,,,,,,,,,,,,,,,,,,,,,,,,,,,
H5,22-Oct-09,1120,23-Oct-09,1210,10U,478420,5959442,Hoop Trap, N/A , NSC ,9.3,6,1.8,N,0,,,,,,,,,,,,No Comment,,,,,,,,,,,,,,,,,,,,,,,,,,,,,,,,,,,,,,
H6,22-Oct-09,1132,23-Oct-09,1232,10U,478282,5959293,Hoop Trap, N/A , PCC ,5.3,6,1.8,N,0,,,,,,,,,,,,No Comment,,,,,,,,,,,,,,,,,,,,,,,,,,,,,,,,,,,,,,
H6,23-Oct-09,1240,24-Oct-09,1240,10U,478282,5959293,Hoop Trap, N/A , NSC ,5.3,6,1.5,Y,1,595,1.58,240,Y,FW YELLOW BC0538,N,,L,N,,,No Comment,,,,,,,,,,,,,,,,,,,,,,,,,,,,,,,,,,,,,,
H4,23-Oct-09,1226,24-Oct-09,1225,10U,478557,5959312,Hoop Trap, N/A , CSU/PCC ,7.8,6,1.5,Y,1,475,0.77,190,N,N/A,N,,L,Y,017,,No Comment,,,,,,,,,,,,,,,,,,,,,,,,,,,,,,,,,,,,,,
H1,23-Oct-09,1050,24-Oct-09,1044,10U,477625,5959892,Hoop Trap, N/A , NSC/PCC ,16.0,6,1.5,N,0,,,,,,,,,,,,No Comment,,,,,,,,,,,,,,,,,,,,,,,,,,,,,,,,,,,,,,
H2,23-Oct-09,1125,24-Oct-09,1134,10U,477909,5959765,Hoop Trap, N/A , NSC/PCC ,2.2,6,1.5,N,0,,,,,,,,,,,,No Comment,,,,,,,,,,,,,,,,,,,,,,,,,,,,,,,,,,,,,,
H3,23-Oct-09,1202,24-Oct-09,1155,10U,478096,5959483,Hoop Trap, N/A , PCC/NSC ,11.0,6,1.5,N,0,,,,,,,,,,,,No Comment,,,,,,,,,,,,,,,,,,,,,,,,,,,,,,,,,,,,,,
H5,23-Oct-09,1215,24-Oct-09,1219,10U,478920,5959442,Hoop Trap, N/A , NSC/PCC ,9.2,6,1.5,N,0,,,,,,,,,,,,No Comment,,,,,,,,,,,,,,,,,,,,,,,,,,,,,,,,,,,,,,
H6,24-Oct-09,1243,25-Oct-09,1214,10U,478331,5959254,Hoop Trap, N/A , NSC/PCC ,4.5,6,1.5,Y,1,470,0.83,175,Y,FW YELLOW BC01541,N,,L,N,,,Snowing,,,,,,,,,,,,,,,,,,,,,,,,,,,,,,,,,,,,,,
H1,24-Oct-09,1045,25-Oct-09,1121,10U,477669,5959875,Hoop Trap, N/A , NSC/PCC ,16.0,6,1.5,N,0,,,,,,,,,,,,No Comment,,,,,,,,,,,,,,,,,,,,,,,,,,,,,,,,,,,,,,
H2,24-Oct-09,1136,25-Oct-09,1144,10U,477909,5959765,Hoop Trap, N/A , NSC/PCC ,2.2,6,1.5,N,0,,,,,,,,,,,,Snowing,,,,,,,,,,,,,,,,,,,,,,,,,,,,,,,,,,,,,,
H3,24-Oct-09,1200,25-Oct-09,1156,10U,478096,5959483,Hoop Trap, N/A , CSU/NSC/PCC ,11.0,6,1.5,N,0,,,,,,,,,,,,No Comment,,,,,,,,,,,,,,,,,,,,,,,,,,,,,,,,,,,,,,
H4,24-Oct-09,1227,25-Oct-09,1209,10U,478602,5959272,Hoop Trap, N/A , CSU/NSC/PCC ,3.7,6,1.5,N,0,,,,,,,,,,,,No Comment,PCC,1,0,250,,,,,,,,,,,,,,,,,,,,,,,,,,,,,,,,,,
H5,24-Oct-09,1220,25-Oct-09,1204,10U,478464,5959431,Hoop Trap, N/A , CSU/PCC ,9.5,6,1.5,N,0,,,,,,,,,,,,No Comment,,,,,,,,,,,,,,,,,,,,,,,,,,,,,,,,,,,,,,
H1,25-Oct-09,1124,26-Oct-09,1027,10U,477676,5959917,Hoop Trap, N/A , NSC/PCC ,10.0,6,1.5,Y,1,564,1.29,230,Y,FW YELLOW BC01542,N,,L,N,,,No Comment,,,,,,,,,,,,,,,,,,,,,,,,,,,,,,,,,,,,,,
H2,25-Oct-09,1145,26-Oct-09,1044,10U,477909,5959764,Hoop Trap, N/A , NSC/PCC ,2.3,6,1.5,N,0,,,,,,,,,,,,Snowing,,,,,,,,,,,,,,,,,,,,,,,,,,,,,,,,,,,,,,
H3,25-Oct-09,1158,26-Oct-09,1159,10U,478103,5959479,Hoop Trap, N/A , NSC/CSU/PCC ,11.0,6,1.5,N,0,,,,,,,,,,,,No Comment,,,,,,,,,,,,,,,,,,,,,,,,,,,,,,,,,,,,,,
H4,25-Oct-09,1210,26-Oct-09,1110,10U,478581,5959286,Hoop Trap, N/A , NSC/CSU/PCC ,5.8,6,1.5,N,0,,,,,,,,,,,,No Comment,,,,,,,,,,,,,,,,,,,,,,,,,,,,,,,,,,,,,,
H5,25-Oct-09,1206,26-Oct-09,1104,10U,478457,5959434,Hoop Trap, N/A , NSC/CSU/PCC ,9.8,6,1.5,N,0,,,,,,,,,,,,Repaired hoop entrance with zap strap,,,,,,,,,,,,,,,,,,,,,,,,,,,,,,,,,,,,,,
H6,25-Oct-09,1215,26-Oct-09,1113,10U,478308,5959254,Hoop Trap, N/A , NSC/PCC ,4.0,6,1.5,N,0,,,,,,,,,,,,No Comment,,,,,,,,,,,,,,,,,,,,,,,,,,,,,,,,,,,,,,
H1,26-Oct-09,1035,27-Oct-09,1442,10U,477739,5959846,Hoop Trap, N/A , PCC ,10.0,6,1.5,Y,1,655,2.28,290,Y,FW YELLOW BC01544,N,,L,N,,,H-1 pulled out of Norman Lake,,,,,,,,,,,,,,,,,,,,,,,,,,,,,,,,,,,,,,
H2,26-Oct-09,1045,27-Oct-09,1447,10U,477904,5959769,Hoop Trap, N/A , NSC ,2.2,6,1.5,N,0,,,,,,,,,,,,H-2 pulled out of Norman Lake,,,,,,,,,,,,,,,,,,,,,,,,,,,,,,,,,,,,,,
H3,26-Oct-09,1100,27-Oct-09,1455,10U,478119,5959484,Hoop Trap, N/A , CSU/NSC/PCC ,2.5,6,1.5,N,0,,,,,,,,,,,,H-3 pulled out of Norman Lake,,,,,,,,,,,,,,,,,,,,,,,,,,,,,,,,,,,,,,
H4,26-Oct-09,1111,27-Oct-09,1505,10U,478595,5959294,Hoop Trap, N/A , CSU/NSC/PCC ,4.9,6,1.5,N,0,,,,,,,,,,,,H-4 pulled out of Norman Lake,,,,,,,,,,,,,,,,,,,,,,,,,,,,,,,,,,,,,,
H5,26-Oct-09,1106,27-Oct-09,1501,10U,478521,5959440,Hoop Trap, N/A , CSU/NSC/PCC ,7.0,6,1.5,N,0,,,,,,,,,,,,H-5 pulled out of Norman Lake,,,,,,,,,,,,,,,,,,,,,,,,,,,,,,,,,,,,,,
H6,26-Oct-09,1114,27-Oct-09,1509,10U,478323,5959250,Hoop Trap, N/A , NSC/PCC ,4.6,6,1.5,N,0,,,,,,,,,,,,H-6 pulled out of Norman Lake,,,,,,,,,,,,,,,,,,,,,,,,,,,,,,,,,,,,,,
TN1,6-Jun-09,1648,7-Jun-09,1719,10U,477915,5959174,Trap Net, -   , -   ,10.3,14,1.5,,0,,,,,,,,,,,,Trap net not set properly due to water depth > 10.3m,,,,,,,,,,,,,,,,,,,,,,,,,,,,,,,,,,,,,,
TN1,7-Jun-09,1724,12-Jun-09,0730,10U,477915,5959174,Trap Net, -   , -   ,10.3,14,2.1,Y,1,430,0.68,180,Y,FW ORANGE BC02429,N,,L,N,,,Removed trap to reset to Dahl Lake,,,,,,,,,,,,,,,,,,,,,,,,,,,,,,,,,,,,,,
TN2,7-Jun-09,1408,9-Jun-09,1230,10U,474410,5958411,Trap Net, -   , -   ,10.0,16,2.1,N,0,,,,,,,,,,,,Net was initially set in deep water (9-10m) Box & wings w/ a steep shorline. Weight added to lead line would not get the net to the depth. Net trap caught no fish. Moved trap to shallows east of Ck mouth. Lg #'s of coarse observed,,,,,,,,,,,,,,,,,,,,,,,,,,,,,,,,,,,,,,
TN2,9-Jun-09,1321,10-Jun-09,0820,10U,474583,5958398,Trap Net, -   , -   ,3.8,19,2.2,N,0,,,,,,,,,,,,"NSC, PCC retained for bait. 61 coarse fish total. Net reset in same place",LSU,1,,280,,,,,PCC,3,,215,195,200,,,CSU,6,,350,370,345,300,270,NSC,51,,320,330,260,300,350,,,,,,
TN2,10-Jun-09,0855,11-Jun-09,0937,10U,474583,5958398,Trap Net, -   , -   ,3.8,17,2.5,N,0,,,,,,,,,,,,"NSC, PCC, CSU kept for bait, majority of bi-catch released",NSC,72,,440,460,450,530,540,CSU,12,,350,320,300,390,320,PCC,3,,240,210,220,,,LSU,1,,280,,,,,,,,,,
TN2,11-Jun-09,1003,12-Jun-09,0959,10U,474583,5958398,Trap Net, -   , -   ,3.8,18,2.5,N,0,,,,,,,,,,,,"All bi-catch kept for bait. Clear, sunny",NSC,21,,480,300,290,250,210,CSU,1,,390,,,,,LSU,1,,260,,,,,PCC,,,,,,,,,,,,,
TN1,12-Jun-09,0930,13-Jun-09,0815,10U,478553,5959159,Trap Net, -   , -   ,1.8,17,2.5,Y,1,430,0.65,160,Y,FW PINK BC00000147,N,,L,N,,,Left set in same spot. Portion of bi-catch retained for bait,NSC,20,,410,470,340,330,340,LSU,3,,270,360,285,,,CSU,1,,375,,,,,,,,,,,,,,,,,,
TN2,12-Jun-09,1010,13-Jun-09,1020,10U,474587,5958394,Trap Net, -   , -   ,3.8,18,2.5,N,0,,,,,,,,,,,,No burbot captured. All bi-catch retained for bait. Trap reset,NSC,3,,310,420,190,,,CSU,6,,320,340,250,240,350,LSU,2,,220,230,,,,PCC,1,,190,,,,,,,,,,
TN1,13-Jun-09,0840,14-Jun-09,1158,10U,478553,5959159,Trap Net, -   , -   ,1.5,19,2.5,N,0,,,,,,,,,,,,4 NSC kept for bait,NSC,32,,300,310,330,360,290,LSU,5,,300,330,240,230,270,CSU,3,,330,340,260,,,PCC,1,,210,,,,,,,,,,
TN2,13-Jun-09,1030,14-Jun-09,0813,10U,474587,5958394,Trap Net, -   , -   ,3.8,19,2.5,N,0,,,,,,,,,,,,No burbot captured. Most bi-catch retained for bait,NSC,27,,410,290,465,270,300,LSU,1,,375,,,,,CSU,1,,230,,,,,PCC,1,,210,,,,,,,,,,
TN2,14-Jun-09,0835,15-Jun-09,0915,10U,474587,5958394,Trap Net, -   , -   ,3.8,18,2.5,Y,1,460,0.75,170,Y,FW BLUE BC05183,N,,L,N,,,RB sank to bottom upon release. Burbot released well - no puncture,NSC,76,1,500,300,330,410,290,CSU,15,,310,320,280,300,280,LSU,4,,260,250,280,,300,PCC,6,,190,240,190,190,190,RB,1,,240,,
TN1,14-Jun-09,1207,15-Jun-09,0839,10U,478553,5959159,Trap Net, -   , -   ,1.5,20,2.5,N,0,,,,,,,,,,,,"No burbot caught, portion of bi-catch (nsc - pcc) retained for bait, all suckers released",NSC,35,,330,340,310,320,300,CSU,5,,350,340,200,340,310,LSU,3,,345,270,250,,,PCC,1,,240,,,,,,,,,,
TN1,15-Jun-09,0854,16-Jun-09,1000,10U,478553,5959159,Trap Net, -   , -   ,1.5,21,2.5,N,0,,,,,,,,,,,,Net pulled,NSC,25,,340,320,330,320,290,CSU,4,,350,330,320,300,,LSU,1,,280,,,,,PCC,,,,,,,,,,,,,
TN2,15-Jun-09,0939,16-Jun-09,0850,10U,474587,5958394,Trap Net, -   , -   ,3.8,20,2.5,N,0,,,,,,,,,,,,Net pulled,NSC,40,,340,440,320,330,280,CSU,9,,350,340,340,340,280,LSU,3,,280,390,,,220,PCC,1,,230,,,,,RB,3,,280,300,240
T1,13-Oct-09,1352,15-Oct-09,0947,10U,477930,5959708,Trap Net, N/A , N/A ,2.2,4,2,Y,2 of 2,490,0.92,200,Y,FW BLUE BC05154,N,,L,N,,,Same as above,,,,,,,,,,,,,,,,,,,,,,,,,,,,,,,,,,,,,,
T1,13-Oct-09,1352,15-Oct-09,0947,10U,477930,5959708,Trap Net, N/A , N/A ,2.2,4,2,Y,1 of 2,470,0.74,170,Y,FW BLUE BC05155,N,,L,N,,,"No depth or UTM taken on 13/10/09. 48 hr set. 1 pink tag recapture 14/10/09 left in trap, fish escaped",NSC,1,0,310,,,,,CSU,1,0,350,,,,,,,,,,,,,,,,,,,,,,,,,,
TN1,15-Oct-09,1000,16-Oct-09,0935,10U,477918,5959733,Trap Net, N/A , N/A ,2.2,7,1.1,Y,3 of 3,470,0.8,180,Y,FW BLUE BC05151,N,,L,N,,,Very full fish. Reset net.Only 1/2 work effectively,,,,,,,,,,,,,,,,,,,,,,,,,,,,,,,,,,,,,,
TN1,15-Oct-09,1000,16-Oct-09,0935,10U,477918,5959733,Trap Net, N/A , N/A ,2.2,7,1.1,Y,2 of 3,600,1.55,220,Y,FW BLUE BC05152,N,,L,N,,,Very full fish. Reset net.Only 1/2 work effectively,,,,,,,,,,,,,,,,,,,,,,,,,,,,,,,,,,,,,,
TN1,15-Oct-09,1000,16-Oct-09,0935,10U,477918,5959733,Trap Net, N/A , N/A ,2.2,7,1.1,Y,1 of 3,790,3.45,330,Y,FW BLUE BC05153,N,,L,N,,,Very full fish. Reset net.Only 1/2 work effectively,,,,,,,,,,,,,,,,,,,,,,,,,,,,,,,,,,,,,,
TN1,16-Oct-09,1000,17-Oct-09,1030,10U,477915,5959716,Trap Net, N/A , N/A ,2.2,6,1.5,N,0,,,,,,,,,,,,"TN1 blown off course, pull and reset.",,,,,,,,,,,,,,,,,,,,,,,,,,,,,,,,,,,,,,
TN1,17-Oct-09,1154,18-Oct-09,0900,10U,477915,5959716,Trap Net, N/A , N/A ,2.3,6,1.5,Y,6 of 7,477,0.73,160,Y,FW YELLOW BC0035,Y,FW BLUE BC05115,L,N,,,Blue Tag # 05155 fell out of recaptured fish and was retagged with FW YELLOW BC0035.,,,,,,,,,,,,,,,,,,,,,,,,,,,,,,,,,,,,,,
TN1,17-Oct-09,1154,18-Oct-09,0900,10U,477915,5959716,Trap Net, N/A , N/A ,2.3,6,1.5,Y,5 of 7,415,0.63,155,Y,FW YELLOW BC0036,N,,L,N,,,Same as above/below,,,,,,,,,,,,,,,,,,,,,,,,,,,,,,,,,,,,,,
TN1,17-Oct-09,1154,18-Oct-09,0900,10U,477915,5959716,Trap Net, N/A , N/A ,2.3,6,1.5,Y,4 of 7,450,0.88,190,Y,FW YELLOW BC0038,N,,L,N,,,Same as above/below,,,,,,,,,,,,,,,,,,,,,,,,,,,,,,,,,,,,,,
TN1,17-Oct-09,1154,18-Oct-09,0900,10U,477915,5959716,Trap Net, N/A , N/A ,2.3,6,1.5,Y,3 of 7,620,2.02,260,Y,FW YELLOW BC0039,N,,L,N,,,Same as above/below,,,,,,,,,,,,,,,,,,,,,,,,,,,,,,,,,,,,,,
TN1,17-Oct-09,1154,18-Oct-09,0900,10U,477915,5959716,Trap Net, N/A , N/A ,2.3,6,1.5,Y,2 of 7,733,2.74,295,Y,FW YELLOW BC0040,N,,L,N,,,Same as above/below,,,,,,,,,,,,,,,,,,,,,,,,,,,,,,,,,,,,,,
TN1,17-Oct-09,1154,18-Oct-09,0900,10U,477915,5959716,Trap Net, N/A , N/A ,2.3,6,1.5,Y,1 of 7,740,3.05,310,Y,FW YELLOW BC0041,N,,L,N,,,"Tag #FW BLUE BC0037 fell out of fish, fish retaged BC0036",NSC,0,3,340,300,400,,,CSU,3,1,490,330,300,285,,LSU,1,0,295,,,,,,,,,,,,,,,,,,
TN1,18-Oct-09,1000,19-Oct-09,1250,10U,477921,5959712,Trap Net, N/A , N/A ,2.3,6,1.5,Y,1 of 2,420,0.82,180,Y,FW ORANGE BC01432,N,,L,N,,Fisherman Return March 15 2010. 1.5 lb. 40cm,Reset wings with heavier weight,,,,,,,,,,,,,,,,,,,,,,,,,,,,,,,,,,,,,,
TN1,18-Oct-09,1000,19-Oct-09,1250,10U,477921,5959712,Trap Net, N/A , N/A ,2.3,6,1.5,Y,2 of 2,370,0.71,150,Y,FW ORANGE BC01433,N,,L,N,,,Reset wings with heavier weight,,,,,,,,,,,,,,,,,,,,,,,,,,,,,,,,,,,,,,
TN1,19-Oct-09,1306,20-Oct-09,0924,10U,477911,5959715,Trap Net, N/A , N/A ,2.5,6,1.5,Y,4 of 10,440,0.9,160,Y,FW ORANGE BC01439,N,,L,N,,,Same as above,,,,,,,,,,,,,,,,,,,,,,,,,,,,,,,,,,,,,,
TN1,19-Oct-09,1306,20-Oct-09,0924,10U,477911,5959715,Trap Net, N/A , N/A ,2.5,6,1.5,Y,5 of 10,375,0.79,160,Y,FW ORANGE BC01440,N,,L,N,,,Same as above,,,,,,,,,,,,,,,,,,,,,,,,,,,,,,,,,,,,,,
TN1,19-Oct-09,1306,20-Oct-09,0924,10U,477911,5959715,Trap Net, N/A , N/A ,2.5,6,1.5,Y,6 of 10,430,0.64,140,Y,FW ORANGE BC01441,N,,L,N,,,Same as above,,,,,,,,,,,,,,,,,,,,,,,,,,,,,,,,,,,,,,
TN1,19-Oct-09,1306,20-Oct-09,0924,10U,477911,5959715,Trap Net, N/A , N/A ,2.5,6,1.5,Y,7 of 10,470,0.81,175,Y,FW ORANGE BC01442,N,,L,N,,,Same as above,,,,,,,,,,,,,,,,,,,,,,,,,,,,,,,,,,,,,,
TN1,19-Oct-09,1306,20-Oct-09,0924,10U,477911,5959715,Trap Net, N/A , N/A ,2.5,6,1.5,Y,8 of 10,400,0.59,140,Y,FW ORANGE BC01443,N,,L,N,,,Same as above,,,,,,,,,,,,,,,,,,,,,,,,,,,,,,,,,,,,,,
TN1,19-Oct-09,1306,20-Oct-09,0924,10U,477911,5959715,Trap Net, N/A , N/A ,2.5,6,1.5,Y,9 of 10,300,0.56,145,Y,FW ORANGE BC01444,N,,L,N,,,Same as above,,,,,,,,,,,,,,,,,,,,,,,,,,,,,,,,,,,,,,
TN1,19-Oct-09,1306,20-Oct-09,0924,10U,477911,5959715,Trap Net, N/A , N/A ,2.5,6,1.5,Y,10 of 10,421,0.73,160,Y,FW ORANGE BC01445,N,,L,N,,,Same as above,,,,,,,,,,,,,,,,,,,,,,,,,,,,,,,,,,,,,,
TN1,19-Oct-09,1306,20-Oct-09,0924,10U,477911,5959715,Trap Net, N/A , N/A ,2.5,6,1.5,Y,1 of 10,470,0.96,190,N,,Y,FW YELLOW BC0035,L,N,,,"Set date is previous page, reason why set date is blank.Starting new data sheets.",NSC,2,225,250,,,,,,,,,,,,,,,,,,,,,,,,,,,,,,,,,,
TN1,19-Oct-09,1306,20-Oct-09,0924,10U,477911,5959715,Trap Net, N/A , N/A ,2.5,6,1.5,Y,2 of 10,440,0.82,150,N,,Y,FW YELLOW BC02798,L,N,,,Same as above,,,,,,,,,,,,,,,,,,,,,,,,,,,,,,,,,,,,,,
TN1,19-Oct-09,1306,20-Oct-09,0924,10U,477911,5959715,Trap Net, N/A , N/A ,2.5,6,1.5,Y,3 of 10,420,0.81,145,N,,Y,FW YELLOW BC0036,L,N,,,Same as above,,,,,,,,,,,,,,,,,,,,,,,,,,,,,,,,,,,,,,
TN1,20-Oct-09,1015,21-Oct-09,0815,10U,477914,5959717,Trap Net, N/A , N/A ,2.2,6,1.5,N,0,,,,,,,,,,,,Trap door twisted,,,,,,,,,,,,,,,,,,,,,,,,,,,,,,,,,,,,,,
TN1,21-Oct-09,0820,22-Oct-09,1145,10U,477912,5959720,Trap Net, N/A , N/A ,2.1,6,1.5,Y,1 of 4,730,2.67,290,N,N/A,N,,L,Y,009,,No Comment,,,,,,,,,,,,,,,,,,,,,,,,,,,,,,,,,,,,,,
TN1,21-Oct-09,0820,22-Oct-09,1145,10U,477912,5959720,Trap Net, N/A , N/A ,2.1,6,1.5,Y,2 of 4,715,2.37,295,N,N/A,N,,L,Y,010,,No Comment,,,,,,,,,,,,,,,,,,,,,,,,,,,,,,,,,,,,,,
TN1,21-Oct-09,0820,22-Oct-09,1145,10U,477912,5959720,Trap Net, N/A , N/A ,2.1,6,1.5,Y,3 of 4,578,1.36,220,N,N/A,N,,L,Y,011,,No Comment,,,,,,,,,,,,,,,,,,,,,,,,,,,,,,,,,,,,,,
TN1,21-Oct-09,0820,22-Oct-09,1145,10U,477912,5959720,Trap Net, N/A , N/A ,2.1,6,1.5,Y,4 of 4,570,1.17,210,N,N/A,N,,L,Y,012,,No Comment,,,,,,,,,,,,,,,,,,,,,,,,,,,,,,,,,,,,,,
TN1,22-Oct-09,1200,23-Oct-09,1258,10U,477912,5959720,Trap Net, N/A , PCC ,2.1,6,1.8,N,0,,,,,,,,,,,,10/22/09 - pulled @1143. Trapnet entrance funnel twisted.,,,,,,,,,,,,,,,,,,,,,,,,,,,,,,,,,,,,,,
TN1,23-Oct-09,1330,24-Oct-09,1300,10U,477912,5959720,Trap Net, N/A , N/A ,2.1,6,1.5,N,0,,,,,,,,,,,,"Could not pull TN due to dangerous situation/windy, high waves. Too much weight on one side of the boat. Waves nearly swamping boat while checking trap box. No control.",,,,,,,,,,,,,,,,,,,,,,,,,,,,,,,,,,,,,,
TN1,24-Oct-09,1315,25-Oct-09,0840,10U,477912,5959720,Trap Net, N/A , N/A ,2.1,6,1.8,Y,5 of 7,494,0.94,210,Y,FW YELLOW BC01539,N,,L,N,,,No Comment,,,,,,,,,,,,,,,,,,,,,,,,,,,,,,,,,,,,,,
TN1,24-Oct-09,1315,25-Oct-09,0840,10U,477912,5959720,Trap Net, N/A , N/A ,2.1,6,1.8,Y,6 of 7,595,1.52,230,Y,FW YELLOW BC01540,N,,L,N,,,No Comment,,,,,,,,,,,,,,,,,,,,,,,,,,,,,,,,,,,,,,
TN1,24-Oct-09,1315,25-Oct-09,0840,10U,477912,5959720,Trap Net, N/A , N/A ,2.1,6,1.8,Y,7 of 7,769,3.5,350,N,N/A,N,,L,Y,020,,No Comment,,,,,,,,,,,,,,,,,,,,,,,,,,,,,,,,,,,,,,
TN1,24-Oct-09,1315,25-Oct-09,0840,10U,477912,5959720,Trap Net, N/A , N/A ,2.1,6,1.8,Y,4 of 7,425,0.57,150,N,N/A,N,,L,Y,019,,No Comment,,,,,,,,,,,,,,,,,,,,,,,,,,,,,,,,,,,,,,
TN1,24-Oct-09,1315,25-Oct-09,0840,10U,477912,5959720,Trap Net, N/A , N/A ,2.1,6,1.8,Y,3 of 7,400,0.59,160,N,N/A,N,,L,Y,018,,No Comment,,,,,,,,,,,,,,,,,,,,,,,,,,,,,,,,,,,,,,
TN1,24-Oct-09,1315,25-Oct-09,0840,10U,477912,5959720,Trap Net, N/A , N/A ,2.1,6,1.8,Y,1 of 7,745,1.96,250,N,,Y,FW YELLOW BC0043,L,N,,,No Comment,,,,,,,,,,,,,,,,,,,,,,,,,,,,,,,,,,,,,,
TN1,24-Oct-09,1315,25-Oct-09,0840,10U,477912,5959720,Trap Net, N/A , N/A ,2.1,6,1.8,Y,2 of 7,705,2.19,260,N,,Y,FW PINK BC000130,L,N,,,No Comment,,,,,,,,,,,,,,,,,,,,,,,,,,,,,,,,,,,,,,
TN1,25-Oct-09,0933,26-Oct-09,0840,10U,477912,5959720,Trap Net, N/A , N/A ,2.1,6,1.5,N,0,,,,,,,,,,,,To windy to check trap so was 48 hr set.,,,,,,,,,,,,,,,,,,,,,,,,,,,,,,,,,,,,,,
TN1,26-Oct-09,0900,27-Oct-09,N/A,10U,477912,5959720,Trap Net, N/A , N/A ,2.6,6,1.5,N,0,,,,,,,,,,,,To windy to check trap so was 48 hr set.,,,,,,,,,,,,,,,,,,,,,,,,,,,,,,,,,,,,,,
TN1,27-Oct-09,N/A,28-Oct-09,0805,10U,477912,5959720,Trap Net, N/A , N/A ,2.1,6,1.5,Y,3 of 6,490,0.98,200,Y,FW YELLOW BC01547,N,,L,N,,,No Comment,,,,,,,,,,,,,,,,,,,,,,,,,,,,,,,,,,,,,,
TN1,27-Oct-09,N/A,28-Oct-09,0805,10U,477912,5959720,Trap Net, N/A , N/A ,2.1,6,1.5,Y,4 of 6,450,0.85,200,Y,FW YELLOW BC01548,N,,L,N,,,No Comment,,,,,,,,,,,,,,,,,,,,,,,,,,,,,,,,,,,,,,
TN1,27-Oct-09,N/A,28-Oct-09,0805,10U,477912,5959720,Trap Net, N/A , N/A ,2.1,6,1.5,Y,6 of 6,805,4.04,390,Y,FW YELLOW BC01549,N,,L,N,,,No Comment,,,,,,,,,,,,,,,,,,,,,,,,,,,,,,,,,,,,,,
TN1,27-Oct-09,N/A,28-Oct-09,0805,10U,477912,5959720,Trap Net, N/A , N/A ,2.1,6,1.5,Y,5 of 6,390,0.55,140,N,N/A,N,,L,Y,021,,No Comment,,,,,,,,,,,,,,,,,,,,,,,,,,,,,,,,,,,,,,
TN1,27-Oct-09,N/A,28-Oct-09,0805,10U,477912,5959720,Trap Net, N/A , N/A ,2.1,6,1.5,Y,1 of 6,610,1.83,260,N,,Y,FW PINK BC0000134,L,N,,,No Comment,RMW,8,0,238,275,285,260,270,CSU,2,0,235,310,,,,LSU,1,0,290,,,,,RB,2,0,240,235,,,,,,,,,
TN1,27-Oct-09,N/A,28-Oct-09,0805,10U,477912,5959720,Trap Net, N/A , N/A ,2.1,6,1.5,Y,2 of 6,440,0.62,160,N,,Y,FW YELLOW BC02798,L,N,,,No Comment,,,,,,,,,,,,,,,,,,,,,,,,,,,,,,,,,,,,,,
TN1,28-Oct-09,0856,29-Oct-09,0830,10U,477912,5959720,Trap Net, N/A , N/A ,2.1,6,1.5,Y,3 of 8,510,1.09,220,Y,FW ORANGE BC02376,N,,L,N,,,Snowing/windy,,,,,,,,,,,,,,,,,,,,,,,,,,,,,,,,,,,,,,
TN1,28-Oct-09,0856,29-Oct-09,0830,10U,477912,5959720,Trap Net, N/A , N/A ,2.1,6,1.5,Y,4 of 8,440,0.73,170,Y,FW ORANGE BC02377,N,,L,N,,,Snowing/windy,,,,,,,,,,,,,,,,,,,,,,,,,,,,,,,,,,,,,,
TN1,28-Oct-09,0856,29-Oct-09,0830,10U,477912,5959720,Trap Net, N/A , N/A ,2.1,6,1.5,Y,5 of 8,440,0.71,190,Y,FW ORANGE BC02379,N,,L,N,,,Snowing/windy,,,,,,,,,,,,,,,,,,,,,,,,,,,,,,,,,,,,,,
TN1,28-Oct-09,0856,29-Oct-09,0830,10U,477912,5959720,Trap Net, N/A , N/A ,2.1,6,1.5,Y,6 of 8,420,0.56,150,Y,FW ORANGE BC02380,N,,L,N,,,Snowing/windy,,,,,,,,,,,,,,,,,,,,,,,,,,,,,,,,,,,,,,
TN1,28-Oct-09,0856,29-Oct-09,0830,10U,477912,5959720,Trap Net, N/A , N/A ,2.1,6,1.5,Y,7 of 8,570,1.14,210,Y,FW ORANGE BC02381,N,,L,N,,,Snowing/windy,,,,,,,,,,,,,,,,,,,,,,,,,,,,,,,,,,,,,,
TN1,28-Oct-09,0856,29-Oct-09,0830,10U,477912,5959720,Trap Net, N/A , N/A ,2.1,6,1.5,Y,8 of 8,620,2.31,300,Y,FW ORANGE BC02382,N,,L,N,,,Snowing/windy,RMW,1,1,270,330,,,,,,,,,,,,,,,,,,,,,,,,,,,,,,,,,
TN1,28-Oct-09,0856,29-Oct-09,0830,10U,477912,5959720,Trap Net, N/A , N/A ,2.1,6,1.5,Y,2 of 8,470,0.77,180,N,,Y,FW ORANGE BC01442,L,N,,,Snowing/windy,,,,,,,,,,,,,,,,,,,,,,,,,,,,,,,,,,,,,,
TN1,28-Oct-09,0856,29-Oct-09,0830,10U,477912,5959720,Trap Net, N/A , N/A ,2.1,6,1.5,Y,1 of 8,409,0.44,140,N,,Y,FW ORANGE BC01443,L,N,,,Snowing/windy,,,,,,,,,,,,,,,,,,,,,,,,,,,,,,,,,,,,,,
TN1,29-Oct-09,0930,30-Oct-09,0815,10U,477912,5959721,Trap Net, N/A , N/A ,2.1,6,1.5,N,0,,,,,,,,,,,,Trap net entrance opening was blocked by left wing due to wind and waves. Net Pulled.,,,,,,,,,,,,,,,,,,,,,,,,,,,,,,,,,,,,,,
,,,,,,,,,,,,,,,,,,,,,,,,,,,,,,,,,,,,,,,,,,,,,,,,,,,,,,,,,,,,,,,,,
,,,,,,,,,,,,,,,,,,,,,,,,,,,,,,,,,,,,,,,,,,,,,,,,,,,,,,,,,,,,,,,,,
,,,,,,,,,,,,,,,,,,,,,,,,,,,,,,,,,,,,,,,,,,,,,,,,,,,,,,,,,,,,,,,,,
,,,,,,,,,,,,,,,,,,,,,,,,,,,,,,,,,,,,,,,,,,,,,,,,,,,,,,,,,,,,,,,,,
,,,,,,,,,,,,,,,,,,,,,,,,,,,,,,,,,,,,,,,,,,,,,,,,,,,,,,,,,,,,,,,,,
,,,,,,,,,,,,,,,,,,,,,,,,,,,,,,,,,,,,,,,,,,,,,,,,,,,,,,,,,,,,,,,,,
,,,,,,,,,,,,,,,,,,,,,,,,,,,,,,,,,,,,,,,,,,,,,,,,,,,,,,,,,,,,,,,,,
,,,,,,,,,,,,,,,,,,,,,,,,,,,,,,,,,,,,,,,,,,,,,,,,,,,,,,,,,,,,,,,,,
,,,,,,,,,,,,,,,,,,,,,,,,,,,,,,,,,,,,,,,,,,,,,,,,,,,,,,,,,,,,,,,,,
,,,,,,,,,,,,,,,,,,,,,,,,,,,,,,,,,,,,,,,,,,,,,,,,,,,,,,,,,,,,,,,,,
,,,,,,,,,,,,,,,,,,,,,,,,,,,,,,,,,,,,,,,,,,,,,,,,,,,,,,,,,,,,,,,,,
,,,,,,,,,,,,,,,,,,,,,,,,,,,,,,,,,,,,,,,,,,,,,,,,,,,,,,,,,,,,,,,,,
,,,,,,,,,,,,,,,,,,,,,,,,,,,,,,,,,,,,,,,,,,,,,,,,,,,,,,,,,,,,,,,,,
,,,,,,,,,,,,,,,,,,,,,,,,,,,,,,,,,,,,,,,,,,,,,,,,,,,,,,,,,,,,,,,,,
,,,,,,,,,,,,,,,,,,,,,,,,,,,,,,,,,,,,,,,,,,,,,,,,,,,,,,,,,,,,,,,,,
,,,,,,,,,,,,,,,,,,,,,,,,,,,,,,,,,,,,,,,,,,,,,,,,,,,,,,,,,,,,,,,,,
,,,,,,,,,,,,,,,,,,,,,,,,,,,,,,,,,,,,,,,,,,,,,,,,,,,,,,,,,,,,,,,,,
,,,,,,,,,,,,,,,,,,,,,,,,,,,,,,,,,,,,,,,,,,,,,,,,,,,,,,,,,,,,,,,,,
,,,,,,,,,,,,,,,,,,,,,,,,,,,,,,,,,,,,,,,,,,,,,,,,,,,,,,,,,,,,,,,,,
,,,,,,,,,,,,,,,,,,,,,,,,,,,,,,,,,,,,,,,,,,,,,,,,,,,,,,,,,,,,,,,,,
,,,,,,,,,,,,,,,,,,,,,,,,,,,,,,,,,,,,,,,,,,,,,,,,,,,,,,,,,,,,,,,,,
,,,,,,,,,,,,,,,,,,,,,,,,,,,,,,,,,,,,,,,,,,,,,,,,,,,,,,,,,,,,,,,,,
,,,,,,,,,,,,,,,,,,,,,,,,,,,,,,,,,,,,,,,,,,,,,,,,,,,,,,,,,,,,,,,,,
,,,,,,,,,,,,,,,,,,,,,,,,,,,,,,,,,,,,,,,,,,,,,,,,,,,,,,,,,,,,,,,,,
,,,,,,,,,,,,,,,,,,,,,,,,,,,,,,,,,,,,,,,,,,,,,,,,,,,,,,,,,,,,,,,,,
,,,,,,,,,,,,,,,,,,,,,,,,,,,,,,,,,,,,,,,,,,,,,,,,,,,,,,,,,,,,,,,,,
,,,,,,,,,,,,,,,,,,,,,,,,,,,,,,,,,,,,,,,,,,,,,,,,,,,,,,,,,,,,,,,,,
,,,,,,,,,,,,,,,,,,,,,,,,,,,,,,,,,,,,,,,,,,,,,,,,,,,,,,,,,,,,,,,,,
,,,,,,,,,,,,,,,,,,,,,,,,,,,,,,,,,,,,,,,,,,,,,,,,,,,,,,,,,,,,,,,,,
,,,,,,,,,,,,,,,,,,,,,,,,,,,,,,,,,,,,,,,,,,,,,,,,,,,,,,,,,,,,,,,,,
,,,,,,,,,,,,,,,,,,,,,,,,,,,,,,,,,,,,,,,,,,,,,,,,,,,,,,,,,,,,,,,,,
,,,,,,,,,,,,,,,,,,,,,,,,,,,,,,,,,,,,,,,,,,,,,,,,,,,,,,,,,,,,,,,,,
,,,,,,,,,,,,,,,,,,,,,,,,,,,,,,,,,,,,,,,,,,,,,,,,,,,,,,,,,,,,,,,,,
,,,,,,,,,,,,,,,,,,,,,,,,,,,,,,,,,,,,,,,,,,,,,,,,,,,,,,,,,,,,,,,,,
,,,,,,,,,,,,,,,,,,,,,,,,,,,,,,,,,,,,,,,,,,,,,,,,,,,,,,,,,,,,,,,,,
,,,,,,,,,,,,,,,,,,,,,,,,,,,,,,,,,,,,,,,,,,,,,,,,,,,,,,,,,,,,,,,,,
,,,,,,,,,,,,,,,,,,,,,,,,,,,,,,,,,,,,,,,,,,,,,,,,,,,,,,,,,,,,,,,,,
,,,,,,,,,,,,,,,,,,,,,,,,,,,,,,,,,,,,,,,,,,,,,,,,,,,,,,,,,,,,,,,,,
,,,,,,,,,,,,,,,,,,,,,,,,,,,,,,,,,,,,,,,,,,,,,,,,,,,,,,,,,,,,,,,,,
,,,,,,,,,,,,,,,,,,,,,,,,,,,,,,,,,,,,,,,,,,,,,,,,,,,,,,,,,,,,,,,,,
,,,,,,,,,,,,,,,,,,,,,,,,,,,,,,,,,,,,,,,,,,,,,,,,,,,,,,,,,,,,,,,,,
,,,,,,,,,,,,,,,,,,,,,,,,,,,,,,,,,,,,,,,,,,,,,,,,,,,,,,,,,,,,,,,,,
,,,,,,,,,,,,,,,,,,,,,,,,,,,,,,,,,,,,,,,,,,,,,,,,,,,,,,,,,,,,,,,,,
,,,,,,,,,,,,,,,,,,,,,,,,,,,,,,,,,,,,,,,,,,,,,,,,,,,,,,,,,,,,,,,,,
,,,,,,,,,,,,,,,,,,,,,,,,,,,,,,,,,,,,,,,,,,,,,,,,,,,,,,,,,,,,,,,,,
,,,,,,,,,,,,,,,,,,,,,,,,,,,,,,,,,,,,,,,,,,,,,,,,,,,,,,,,,,,,,,,,,
,,,,,,,,,,,,,,,,,,,,,,,,,,,,,,,,,,,,,,,,,,,,,,,,,,,,,,,,,,,,,,,,,
,,,,,,,,,,,,,,,,,,,,,,,,,,,,,,,,,,,,,,,,,,,,,,,,,,,,,,,,,,,,,,,,,
,,,,,,,,,,,,,,,,,,,,,,,,,,,,,,,,,,,,,,,,,,,,,,,,,,,,,,,,,,,,,,,,,
,,,,,,,,,,,,,,,,,,,,,,,,,,,,,,,,,,,,,,,,,,,,,,,,,,,,,,,,,,,,,,,,,
,,,,,,,,,,,,,,,,,,,,,,,,,,,,,,,,,,,,,,,,,,,,,,,,,,,,,,,,,,,,,,,,,
,,,,,,,,,,,,,,,,,,,,,,,,,,,,,,,,,,,,,,,,,,,,,,,,,,,,,,,,,,,,,,,,,
,,,,,,,,,,,,,,,,,,,,,,,,,,,,,,,,,,,,,,,,,,,,,,,,,,,,,,,,,,,,,,,,,
,,,,,,,,,,,,,,,,,,,,,,,,,,,,,,,,,,,,,,,,,,,,,,,,,,,,,,,,,,,,,,,,,
,,,,,,,,,,,,,,,,,,,,,,,,,,,,,,,,,,,,,,,,,,,,,,,,,,,,,,,,,,,,,,,,,
,,,,,,,,,,,,,,,,,,,,,,,,,,,,,,,,,,,,,,,,,,,,,,,,,,,,,,,,,,,,,,,,,
,,,,,,,,,,,,,,,,,,,,,,,,,,,,,,,,,,,,,,,,,,,,,,,,,,,,,,,,,,,,,,,,,
,,,,,,,,,,,,,,,,,,,,,,,,,,,,,,,,,,,,,,,,,,,,,,,,,,,,,,,,,,,,,,,,,
,,,,,,,,,,,,,,,,,,,,,,,,,,,,,,,,,,,,,,,,,,,,,,,,,,,,,,,,,,,,,,,,,
,,,,,,,,,,,,,,,,,,,,,,,,,,,,,,,,,,,,,,,,,,,,,,,,,,,,,,,,,,,,,,,,,
,,,,,,,,,,,,,,,,,,,,,,,,,,,,,,,,,,,,,,,,,,,,,,,,,,,,,,,,,,,,,,,,,
,,,,,,,,,,,,,,,,,,,,,,,,,,,,,,,,,,,,,,,,,,,,,,,,,,,,,,,,,,,,,,,,,
,,,,,,,,,,,,,,,,,,,,,,,,,,,,,,,,,,,,,,,,,,,,,,,,,,,,,,,,,,,,,,,,,
,,,,,,,,,,,,,,,,,,,,,,,,,,,,,,,,,,,,,,,,,,,,,,,,,,,,,,,,,,,,,,,,,
,,,,,,,,,,,,,,,,,,,,,,,,,,,,,,,,,,,,,,,,,,,,,,,,,,,,,,,,,,,,,,,,,
,,,,,,,,,,,,,,,,,,,,,,,,,,,,,,,,,,,,,,,,,,,,,,,,,,,,,,,,,,,,,,,,,
,,,,,,,,,,,,,,,,,,,,,,,,,,,,,,,,,,,,,,,,,,,,,,,,,,,,,,,,,,,,,,,,,
,,,,,,,,,,,,,,,,,,,,,,,,,,,,,,,,,,,,,,,,,,,,,,,,,,,,,,,,,,,,,,,,,
,,,,,,,,,,,,,,,,,,,,,,,,,,,,,,,,,,,,,,,,,,,,,,,,,,,,,,,,,,,,,,,,,
,,,,,,,,,,,,,,,,,,,,,,,,,,,,,,,,,,,,,,,,,,,,,,,,,,,,,,,,,,,,,,,,,
,,,,,,,,,,,,,,,,,,,,,,,,,,,,,,,,,,,,,,,,,,,,,,,,,,,,,,,,,,,,,,,,,
,,,,,,,,,,,,,,,,,,,,,,,,,,,,,,,,,,,,,,,,,,,,,,,,,,,,,,,,,,,,,,,,,
,,,,,,,,,,,,,,,,,,,,,,,,,,,,,,,,,,,,,,,,,,,,,,,,,,,,,,,,,,,,,,,,,
,,,,,,,,,,,,,,,,,,,,,,,,,,,,,,,,,,,,,,,,,,,,,,,,,,,,,,,,,,,,,,,,,
,,,,,,,,,,,,,,,,,,,,,,,,,,,,,,,,,,,,,,,,,,,,,,,,,,,,,,,,,,,,,,,,,
,,,,,,,,,,,,,,,,,,,,,,,,,,,,,,,,,,,,,,,,,,,,,,,,,,,,,,,,,,,,,,,,,
,,,,,,,,,,,,,,,,,,,,,,,,,,,,,,,,,,,,,,,,,,,,,,,,,,,,,,,,,,,,,,,,,
,,,,,,,,,,,,,,,,,,,,,,,,,,,,,,,,,,,,,,,,,,,,,,,,,,,,,,,,,,,,,,,,,
,,,,,,,,,,,,,,,,,,,,,,,,,,,,,,,,,,,,,,,,,,,,,,,,,,,,,,,,,,,,,,,,,
,,,,,,,,,,,,,,,,,,,,,,,,,,,,,,,,,,,,,,,,,,,,,,,,,,,,,,,,,,,,,,,,,
,,,,,,,,,,,,,,,,,,,,,,,,,,,,,,,,,,,,,,,,,,,,,,,,,,,,,,,,,,,,,,,,,
,,,,,,,,,,,,,,,,,,,,,,,,,,,,,,,,,,,,,,,,,,,,,,,,,,,,,,,,,,,,,,,,,
,,,,,,,,,,,,,,,,,,,,,,,,,,,,,,,,,,,,,,,,,,,,,,,,,,,,,,,,,,,,,,,,,
,,,,,,,,,,,,,,,,,,,,,,,,,,,,,,,,,,,,,,,,,,,,,,,,,,,,,,,,,,,,,,,,,
,,,,,,,,,,,,,,,,,,,,,,,,,,,,,,,,,,,,,,,,,,,,,,,,,,,,,,,,,,,,,,,,,
,,,,,,,,,,,,,,,,,,,,,,,,,,,,,,,,,,,,,,,,,,,,,,,,,,,,,,,,,,,,,,,,,
,,,,,,,,,,,,,,,,,,,,,,,,,,,,,,,,,,,,,,,,,,,,,,,,,,,,,,,,,,,,,,,,,
,,,,,,,,,,,,,,,,,,,,,,,,,,,,,,,,,,,,,,,,,,,,,,,,,,,,,,,,,,,,,,,,,
,,,,,,,,,,,,,,,,,,,,,,,,,,,,,,,,,,,,,,,,,,,,,,,,,,,,,,,,,,,,,,,,,
,,,,,,,,,,,,,,,,,,,,,,,,,,,,,,,,,,,,,,,,,,,,,,,,,,,,,,,,,,,,,,,,,
,,,,,,,,,,,,,,,,,,,,,,,,,,,,,,,,,,,,,,,,,,,,,,,,,,,,,,,,,,,,,,,,,
,,,,,,,,,,,,,,,,,,,,,,,,,,,,,,,,,,,,,,,,,,,,,,,,,,,,,,,,,,,,,,,,,
,,,,,,,,,,,,,,,,,,,,,,,,,,,,,,,,,,,,,,,,,,,,,,,,,,,,,,,,,,,,,,,,,
,,,,,,,,,,,,,,,,,,,,,,,,,,,,,,,,,,,,,,,,,,,,,,,,,,,,,,,,,,,,,,,,,
,,,,,,,,,,,,,,,,,,,,,,,,,,,,,,,,,,,,,,,,,,,,,,,,,,,,,,,,,,,,,,,,,
,,,,,,,,,,,,,,,,,,,,,,,,,,,,,,,,,,,,,,,,,,,,,,,,,,,,,,,,,,,,,,,,,
,,,,,,,,,,,,,,,,,,,,,,,,,,,,,,,,,,,,,,,,,,,,,,,,,,,,,,,,,,,,,,,,,
,,,,,,,,,,,,,,,,,,,,,,,,,,,,,,,,,,,,,,,,,,,,,,,,,,,,,,,,,,,,,,,,,
,,,,,,,,,,,,,,,,,,,,,,,,,,,,,,,,,,,,,,,,,,,,,,,,,,,,,,,,,,,,,,,,,
,,,,,,,,,,,,,,,,,,,,,,,,,,,,,,,,,,,,,,,,,,,,,,,,,,,,,,,,,,,,,,,,,
,,,,,,,,,,,,,,,,,,,,,,,,,,,,,,,,,,,,,,,,,,,,,,,,,,,,,,,,,,,,,,,,,
,,,,,,,,,,,,,,,,,,,,,,,,,,,,,,,,,,,,,,,,,,,,,,,,,,,,,,,,,,,,,,,,,
,,,,,,,,,,,,,,,,,,,,,,,,,,,,,,,,,,,,,,,,,,,,,,,,,,,,,,,,,,,,,,,,,
,,,,,,,,,,,,,,,,,,,,,,,,,,,,,,,,,,,,,,,,,,,,,,,,,,,,,,,,,,,,,,,,,
,,,,,,,,,,,,,,,,,,,,,,,,,,,,,,,,,,,,,,,,,,,,,,,,,,,,,,,,,,,,,,,,,
,,,,,,,,,,,,,,,,,,,,,,,,,,,,,,,,,,,,,,,,,,,,,,,,,,,,,,,,,,,,,,,,,
,,,,,,,,,,,,,,,,,,,,,,,,,,,,,,,,,,,,,,,,,,,,,,,,,,,,,,,,,,,,,,,,,
,,,,,,,,,,,,,,,,,,,,,,,,,,,,,,,,,,,,,,,,,,,,,,,,,,,,,,,,,,,,,,,,,
,,,,,,,,,,,,,,,,,,,,,,,,,,,,,,,,,,,,,,,,,,,,,,,,,,,,,,,,,,,,,,,,,
,,,,,,,,,,,,,,,,,,,,,,,,,,,,,,,,,,,,,,,,,,,,,,,,,,,,,,,,,,,,,,,,,
,,,,,,,,,,,,,,,,,,,,,,,,,,,,,,,,,,,,,,,,,,,,,,,,,,,,,,,,,,,,,,,,,
,,,,,,,,,,,,,,,,,,,,,,,,,,,,,,,,,,,,,,,,,,,,,,,,,,,,,,,,,,,,,,,,,
,,,,,,,,,,,,,,,,,,,,,,,,,,,,,,,,,,,,,,,,,,,,,,,,,,,,,,,,,,,,,,,,,
,,,,,,,,,,,,,,,,,,,,,,,,,,,,,,,,,,,,,,,,,,,,,,,,,,,,,,,,,,,,,,,,,
,,,,,,,,,,,,,,,,,,,,,,,,,,,,,,,,,,,,,,,,,,,,,,,,,,,,,,,,,,,,,,,,,
,,,,,,,,,,,,,,,,,,,,,,,,,,,,,,,,,,,,,,,,,,,,,,,,,,,,,,,,,,,,,,,,,
,,,,,,,,,,,,,,,,,,,,,,,,,,,,,,,,,,,,,,,,,,,,,,,,,,,,,,,,,,,,,,,,,
,,,,,,,,,,,,,,,,,,,,,,,,,,,,,,,,,,,,,,,,,,,,,,,,,,,,,,,,,,,,,,,,,
,,,,,,,,,,,,,,,,,,,,,,,,,,,,,,,,,,,,,,,,,,,,,,,,,,,,,,,,,,,,,,,,,
,,,,,,,,,,,,,,,,,,,,,,,,,,,,,,,,,,,,,,,,,,,,,,,,,,,,,,,,,,,,,,,,,
,,,,,,,,,,,,,,,,,,,,,,,,,,,,,,,,,,,,,,,,,,,,,,,,,,,,,,,,,,,,,,,,,